Year,Month,Age_Group,rate_display_pct,virus,branch,phase
2019,2,<1,,FluA,minimal_corrected,phase2
2019,2,1-3,,FluA,minimal_corrected,phase2
2019,2,18-44,,FluA,minimal_corrected,phase2
2019,2,45-59,,FluA,minimal_corrected,phase2
2019,2,60-74,,FluA,minimal_corrected,phase2
2019,3,<1,8.695652173913043,FluA,minimal_corrected,phase2
2019,3,1-3,14.285714285714285,FluA,minimal_corrected,phase2
2019,3,4-12,4.0,FluA,minimal_corrected,phase2
2019,3,13-17,,FluA,minimal_corrected,phase2
2019,3,18-44,,FluA,minimal_corrected,phase2
2019,3,45-59,,FluA,minimal_corrected,phase2
2019,3,60-74,,FluA,minimal_corrected,phase2
2019,3,75-89,,FluA,minimal_corrected,phase2
2019,4,<1,1.96078431372549,FluA,minimal_corrected,phase2
2019,4,1-3,4.918032786885246,FluA,minimal_corrected,phase2
2019,4,4-12,1.694915254237288,FluA,minimal_corrected,phase2
2019,4,13-17,,FluA,minimal_corrected,phase2
2019,4,18-44,,FluA,minimal_corrected,phase2
2019,4,45-59,,FluA,minimal_corrected,phase2
2019,4,60-74,,FluA,minimal_corrected,phase2
2019,4,75-89,14.285714285714285,FluA,minimal_corrected,phase2
2019,4,>=90,,FluA,minimal_corrected,phase2
2019,5,<1,0.0,FluA,minimal_corrected,phase2
2019,5,1-3,0.0,FluA,minimal_corrected,phase2
2019,5,4-12,0.0,FluA,minimal_corrected,phase2
2019,5,13-17,,FluA,minimal_corrected,phase2
2019,5,18-44,,FluA,minimal_corrected,phase2
2019,5,45-59,,FluA,minimal_corrected,phase2
2019,5,60-74,,FluA,minimal_corrected,phase2
2019,5,75-89,,FluA,minimal_corrected,phase2
2019,5,>=90,,FluA,minimal_corrected,phase2
2019,6,<1,0.0,FluA,minimal_corrected,phase2
2019,6,1-3,0.0,FluA,minimal_corrected,phase2
2019,6,4-12,0.0,FluA,minimal_corrected,phase2
2019,6,13-17,,FluA,minimal_corrected,phase2
2019,6,18-44,,FluA,minimal_corrected,phase2
2019,6,45-59,,FluA,minimal_corrected,phase2
2019,6,60-74,,FluA,minimal_corrected,phase2
2019,6,75-89,12.903225806451612,FluA,minimal_corrected,phase2
2019,6,>=90,,FluA,minimal_corrected,phase2
2019,7,<1,0.0,FluA,minimal_corrected,phase2
2019,7,1-3,0.8333333333333334,FluA,minimal_corrected,phase2
2019,7,4-12,0.0,FluA,minimal_corrected,phase2
2019,7,13-17,,FluA,minimal_corrected,phase2
2019,7,18-44,,FluA,minimal_corrected,phase2
2019,7,45-59,,FluA,minimal_corrected,phase2
2019,7,60-74,,FluA,minimal_corrected,phase2
2019,7,75-89,9.090909090909092,FluA,minimal_corrected,phase2
2019,7,>=90,,FluA,minimal_corrected,phase2
2019,8,<1,0.0,FluA,minimal_corrected,phase2
2019,8,1-3,2.8301886792452837,FluA,minimal_corrected,phase2
2019,8,4-12,0.5494505494505495,FluA,minimal_corrected,phase2
2019,8,13-17,,FluA,minimal_corrected,phase2
2019,8,18-44,,FluA,minimal_corrected,phase2
2019,8,45-59,,FluA,minimal_corrected,phase2
2019,8,60-74,0.0,FluA,minimal_corrected,phase2
2019,8,75-89,,FluA,minimal_corrected,phase2
2019,8,>=90,,FluA,minimal_corrected,phase2
2019,9,<1,1.6666666666666667,FluA,minimal_corrected,phase2
2019,9,1-3,1.1494252873563218,FluA,minimal_corrected,phase2
2019,9,4-12,0.0,FluA,minimal_corrected,phase2
2019,9,13-17,,FluA,minimal_corrected,phase2
2019,9,18-44,,FluA,minimal_corrected,phase2
2019,9,45-59,,FluA,minimal_corrected,phase2
2019,9,60-74,,FluA,minimal_corrected,phase2
2019,9,75-89,12.0,FluA,minimal_corrected,phase2
2019,9,>=90,,FluA,minimal_corrected,phase2
2019,10,<1,0.0,FluA,minimal_corrected,phase2
2019,10,1-3,0.0,FluA,minimal_corrected,phase2
2019,10,4-12,0.0,FluA,minimal_corrected,phase2
2019,10,13-17,,FluA,minimal_corrected,phase2
2019,10,18-44,,FluA,minimal_corrected,phase2
2019,10,45-59,,FluA,minimal_corrected,phase2
2019,10,60-74,,FluA,minimal_corrected,phase2
2019,10,75-89,,FluA,minimal_corrected,phase2
2019,10,>=90,,FluA,minimal_corrected,phase2
2019,11,<1,0.0,FluA,minimal_corrected,phase2
2019,11,1-3,1.8691588785046729,FluA,minimal_corrected,phase2
2019,11,4-12,2.409638554216868,FluA,minimal_corrected,phase2
2019,11,13-17,,FluA,minimal_corrected,phase2
2019,11,18-44,,FluA,minimal_corrected,phase2
2019,11,45-59,0.0,FluA,minimal_corrected,phase2
2019,11,60-74,0.0,FluA,minimal_corrected,phase2
2019,11,75-89,0.0,FluA,minimal_corrected,phase2
2019,11,>=90,,FluA,minimal_corrected,phase2
2019,12,<1,2.564102564102564,FluA,minimal_corrected,phase2
2019,12,1-3,9.701492537313433,FluA,minimal_corrected,phase2
2019,12,4-12,6.923076923076923,FluA,minimal_corrected,phase2
2019,12,13-17,,FluA,minimal_corrected,phase2
2019,12,18-44,,FluA,minimal_corrected,phase2
2019,12,45-59,,FluA,minimal_corrected,phase2
2019,12,60-74,0.0,FluA,minimal_corrected,phase2
2019,12,75-89,0.0,FluA,minimal_corrected,phase2
2019,12,>=90,,FluA,minimal_corrected,phase2
2020,1,<1,5.769230769230769,FluA,minimal_corrected,phase2
2020,1,1-3,19.021739130434785,FluA,minimal_corrected,phase2
2020,1,4-12,19.8581560283688,FluA,minimal_corrected,phase2
2020,1,13-17,,FluA,minimal_corrected,phase2
2020,1,18-44,19.047619047619047,FluA,minimal_corrected,phase2
2020,1,45-59,25.925925925925924,FluA,minimal_corrected,phase2
2020,1,60-74,11.842105263157894,FluA,minimal_corrected,phase2
2020,1,75-89,14.814814814814811,FluA,minimal_corrected,phase2
2020,1,>=90,0.0,FluA,minimal_corrected,phase2
2020,2,<1,0.0,FluA,minimal_corrected,phase2
2020,2,1-3,1.4705882352941175,FluA,minimal_corrected,phase2
2020,2,4-12,0.0,FluA,minimal_corrected,phase2
2020,2,13-17,,FluA,minimal_corrected,phase2
2020,2,18-44,1.0869565217391304,FluA,minimal_corrected,phase2
2020,2,45-59,3.076923076923077,FluA,minimal_corrected,phase2
2020,2,60-74,4.624277456647398,FluA,minimal_corrected,phase2
2020,2,75-89,0.6944444444444444,FluA,minimal_corrected,phase2
2020,2,>=90,0.0,FluA,minimal_corrected,phase2
2020,3,<1,0.0,FluA,minimal_corrected,phase2
2020,3,1-3,0.0,FluA,minimal_corrected,phase2
2020,3,4-12,0.0,FluA,minimal_corrected,phase2
2020,3,13-17,,FluA,minimal_corrected,phase2
2020,3,18-44,0.0,FluA,minimal_corrected,phase2
2020,3,45-59,0.0,FluA,minimal_corrected,phase2
2020,3,60-74,0.0,FluA,minimal_corrected,phase2
2020,3,75-89,0.0,FluA,minimal_corrected,phase2
2020,3,>=90,0.0,FluA,minimal_corrected,phase2
2020,4,<1,0.0,FluA,minimal_corrected,phase2
2020,4,1-3,0.0,FluA,minimal_corrected,phase2
2020,4,4-12,0.0,FluA,minimal_corrected,phase2
2020,4,13-17,,FluA,minimal_corrected,phase2
2020,4,18-44,0.0,FluA,minimal_corrected,phase2
2020,4,45-59,0.0,FluA,minimal_corrected,phase2
2020,4,60-74,0.0,FluA,minimal_corrected,phase2
2020,4,75-89,0.0,FluA,minimal_corrected,phase2
2020,4,>=90,0.0,FluA,minimal_corrected,phase2
2020,5,<1,,FluA,minimal_corrected,phase2
2020,5,1-3,0.0,FluA,minimal_corrected,phase2
2020,5,4-12,0.0,FluA,minimal_corrected,phase2
2020,5,13-17,,FluA,minimal_corrected,phase2
2020,5,18-44,,FluA,minimal_corrected,phase2
2020,5,45-59,0.0,FluA,minimal_corrected,phase2
2020,5,60-74,,FluA,minimal_corrected,phase2
2020,5,75-89,0.0,FluA,minimal_corrected,phase2
2020,5,>=90,0.0,FluA,minimal_corrected,phase2
2020,6,<1,0.0,FluA,minimal_corrected,phase2
2020,6,1-3,0.0,FluA,minimal_corrected,phase2
2020,6,4-12,0.0,FluA,minimal_corrected,phase2
2020,6,13-17,,FluA,minimal_corrected,phase2
2020,6,18-44,,FluA,minimal_corrected,phase2
2020,6,45-59,,FluA,minimal_corrected,phase2
2020,6,60-74,0.0,FluA,minimal_corrected,phase2
2020,6,75-89,0.0,FluA,minimal_corrected,phase2
2020,6,>=90,0.0,FluA,minimal_corrected,phase2
2020,7,<1,0.0,FluA,minimal_corrected,phase2
2020,7,1-3,0.0,FluA,minimal_corrected,phase2
2020,7,4-12,,FluA,minimal_corrected,phase2
2020,7,13-17,,FluA,minimal_corrected,phase2
2020,7,18-44,,FluA,minimal_corrected,phase2
2020,7,45-59,,FluA,minimal_corrected,phase2
2020,7,60-74,,FluA,minimal_corrected,phase2
2020,7,75-89,0.0,FluA,minimal_corrected,phase2
2020,7,>=90,0.0,FluA,minimal_corrected,phase2
2020,8,<1,,FluA,minimal_corrected,phase2
2020,8,1-3,0.0,FluA,minimal_corrected,phase2
2020,8,4-12,0.0,FluA,minimal_corrected,phase2
2020,8,13-17,,FluA,minimal_corrected,phase2
2020,8,18-44,,FluA,minimal_corrected,phase2
2020,8,45-59,,FluA,minimal_corrected,phase2
2020,8,60-74,,FluA,minimal_corrected,phase2
2020,8,75-89,0.0,FluA,minimal_corrected,phase2
2020,8,>=90,2.2222222222222223,FluA,minimal_corrected,phase2
2020,9,<1,0.0,FluA,minimal_corrected,phase2
2020,9,1-3,0.0,FluA,minimal_corrected,phase2
2020,9,4-12,0.0,FluA,minimal_corrected,phase2
2020,9,13-17,,FluA,minimal_corrected,phase2
2020,9,18-44,,FluA,minimal_corrected,phase2
2020,9,45-59,,FluA,minimal_corrected,phase2
2020,9,60-74,0.0,FluA,minimal_corrected,phase2
2020,9,75-89,0.0,FluA,minimal_corrected,phase2
2020,9,>=90,0.0,FluA,minimal_corrected,phase2
2020,10,<1,0.0,FluA,minimal_corrected,phase2
2020,10,1-3,0.0,FluA,minimal_corrected,phase2
2020,10,4-12,,FluA,minimal_corrected,phase2
2020,10,13-17,,FluA,minimal_corrected,phase2
2020,10,18-44,,FluA,minimal_corrected,phase2
2020,10,45-59,,FluA,minimal_corrected,phase2
2020,10,60-74,,FluA,minimal_corrected,phase2
2020,10,75-89,0.0,FluA,minimal_corrected,phase2
2020,10,>=90,0.0,FluA,minimal_corrected,phase2
2020,11,<1,0.0,FluA,minimal_corrected,phase2
2020,11,1-3,0.0,FluA,minimal_corrected,phase2
2020,11,4-12,,FluA,minimal_corrected,phase2
2020,11,13-17,,FluA,minimal_corrected,phase2
2020,11,18-44,,FluA,minimal_corrected,phase2
2020,11,45-59,,FluA,minimal_corrected,phase2
2020,11,60-74,,FluA,minimal_corrected,phase2
2020,11,75-89,0.0,FluA,minimal_corrected,phase2
2020,11,>=90,0.0,FluA,minimal_corrected,phase2
2020,12,<1,0.0,FluA,minimal_corrected,phase2
2020,12,1-3,0.0,FluA,minimal_corrected,phase2
2020,12,4-12,,FluA,minimal_corrected,phase2
2020,12,13-17,,FluA,minimal_corrected,phase2
2020,12,18-44,,FluA,minimal_corrected,phase2
2020,12,45-59,,FluA,minimal_corrected,phase2
2020,12,60-74,,FluA,minimal_corrected,phase2
2020,12,75-89,0.0,FluA,minimal_corrected,phase2
2020,12,>=90,0.0,FluA,minimal_corrected,phase2
2021,1,<1,0.0,FluA,minimal_corrected,phase2
2021,1,1-3,0.0,FluA,minimal_corrected,phase2
2021,1,4-12,,FluA,minimal_corrected,phase2
2021,1,13-17,,FluA,minimal_corrected,phase2
2021,1,18-44,,FluA,minimal_corrected,phase2
2021,1,45-59,,FluA,minimal_corrected,phase2
2021,1,60-74,0.0,FluA,minimal_corrected,phase2
2021,1,75-89,0.0,FluA,minimal_corrected,phase2
2021,1,>=90,0.0,FluA,minimal_corrected,phase2
2021,2,<1,,FluA,minimal_corrected,phase2
2021,2,1-3,,FluA,minimal_corrected,phase2
2021,2,4-12,,FluA,minimal_corrected,phase2
2021,2,13-17,,FluA,minimal_corrected,phase2
2021,2,18-44,,FluA,minimal_corrected,phase2
2021,2,45-59,,FluA,minimal_corrected,phase2
2021,2,60-74,,FluA,minimal_corrected,phase2
2021,2,75-89,0.0,FluA,minimal_corrected,phase2
2021,2,>=90,0.0,FluA,minimal_corrected,phase2
2021,3,<1,,FluA,minimal_corrected,phase2
2021,3,1-3,,FluA,minimal_corrected,phase2
2021,3,4-12,,FluA,minimal_corrected,phase2
2021,3,13-17,,FluA,minimal_corrected,phase2
2021,3,18-44,,FluA,minimal_corrected,phase2
2021,3,45-59,,FluA,minimal_corrected,phase2
2021,3,60-74,0.0,FluA,minimal_corrected,phase2
2021,3,75-89,0.0,FluA,minimal_corrected,phase2
2021,3,>=90,0.0,FluA,minimal_corrected,phase2
2021,4,<1,,FluA,minimal_corrected,phase2
2021,4,1-3,,FluA,minimal_corrected,phase2
2021,4,4-12,,FluA,minimal_corrected,phase2
2021,4,13-17,,FluA,minimal_corrected,phase2
2021,4,18-44,,FluA,minimal_corrected,phase2
2021,4,45-59,0.0,FluA,minimal_corrected,phase2
2021,4,60-74,0.0,FluA,minimal_corrected,phase2
2021,4,75-89,0.0,FluA,minimal_corrected,phase2
2021,4,>=90,0.0,FluA,minimal_corrected,phase2
2021,5,<1,0.0,FluA,minimal_corrected,phase2
2021,5,1-3,0.0,FluA,minimal_corrected,phase2
2021,5,4-12,,FluA,minimal_corrected,phase2
2021,5,13-17,,FluA,minimal_corrected,phase2
2021,5,18-44,,FluA,minimal_corrected,phase2
2021,5,45-59,,FluA,minimal_corrected,phase2
2021,5,60-74,,FluA,minimal_corrected,phase2
2021,5,75-89,0.0,FluA,minimal_corrected,phase2
2021,5,>=90,0.0,FluA,minimal_corrected,phase2
2021,6,<1,0.0,FluA,minimal_corrected,phase2
2021,6,1-3,0.0,FluA,minimal_corrected,phase2
2021,6,4-12,0.0,FluA,minimal_corrected,phase2
2021,6,18-44,0.0,FluA,minimal_corrected,phase2
2021,6,45-59,,FluA,minimal_corrected,phase2
2021,6,60-74,0.0,FluA,minimal_corrected,phase2
2021,6,75-89,0.0,FluA,minimal_corrected,phase2
2021,6,>=90,0.0,FluA,minimal_corrected,phase2
2021,7,<1,0.0,FluA,minimal_corrected,phase2
2021,7,1-3,0.0,FluA,minimal_corrected,phase2
2021,7,4-12,0.0,FluA,minimal_corrected,phase2
2021,7,13-17,,FluA,minimal_corrected,phase2
2021,7,18-44,,FluA,minimal_corrected,phase2
2021,7,45-59,,FluA,minimal_corrected,phase2
2021,7,60-74,,FluA,minimal_corrected,phase2
2021,7,75-89,0.0,FluA,minimal_corrected,phase2
2021,7,>=90,0.0,FluA,minimal_corrected,phase2
2021,8,<1,0.0,FluA,minimal_corrected,phase2
2021,8,1-3,0.0,FluA,minimal_corrected,phase2
2021,8,4-12,,FluA,minimal_corrected,phase2
2021,8,13-17,,FluA,minimal_corrected,phase2
2021,8,18-44,,FluA,minimal_corrected,phase2
2021,8,45-59,,FluA,minimal_corrected,phase2
2021,8,60-74,,FluA,minimal_corrected,phase2
2021,8,75-89,0.0,FluA,minimal_corrected,phase2
2021,8,>=90,0.0,FluA,minimal_corrected,phase2
2021,9,<1,0.0,FluA,minimal_corrected,phase2
2021,9,1-3,,FluA,minimal_corrected,phase2
2021,9,4-12,,FluA,minimal_corrected,phase2
2021,9,18-44,,FluA,minimal_corrected,phase2
2021,9,45-59,,FluA,minimal_corrected,phase2
2021,9,60-74,,FluA,minimal_corrected,phase2
2021,9,75-89,0.0,FluA,minimal_corrected,phase2
2021,9,>=90,0.0,FluA,minimal_corrected,phase2
2021,10,<1,,FluA,minimal_corrected,phase2
2021,10,1-3,,FluA,minimal_corrected,phase2
2021,10,4-12,,FluA,minimal_corrected,phase2
2021,10,13-17,,FluA,minimal_corrected,phase2
2021,10,18-44,,FluA,minimal_corrected,phase2
2021,10,45-59,,FluA,minimal_corrected,phase2
2021,10,60-74,,FluA,minimal_corrected,phase2
2021,10,75-89,0.0,FluA,minimal_corrected,phase2
2021,10,>=90,0.0,FluA,minimal_corrected,phase2
2021,11,<1,0.0,FluA,minimal_corrected,phase2
2021,11,1-3,0.0,FluA,minimal_corrected,phase2
2021,11,4-12,0.0,FluA,minimal_corrected,phase2
2021,11,13-17,,FluA,minimal_corrected,phase2
2021,11,18-44,,FluA,minimal_corrected,phase2
2021,11,45-59,,FluA,minimal_corrected,phase2
2021,11,60-74,,FluA,minimal_corrected,phase2
2021,11,75-89,0.0,FluA,minimal_corrected,phase2
2021,11,>=90,0.0,FluA,minimal_corrected,phase2
2021,12,<1,0.0,FluA,minimal_corrected,phase2
2021,12,1-3,0.0,FluA,minimal_corrected,phase2
2021,12,4-12,0.0,FluA,minimal_corrected,phase2
2021,12,13-17,,FluA,minimal_corrected,phase2
2021,12,18-44,,FluA,minimal_corrected,phase2
2021,12,45-59,,FluA,minimal_corrected,phase2
2021,12,60-74,0.0,FluA,minimal_corrected,phase2
2021,12,75-89,0.0,FluA,minimal_corrected,phase2
2021,12,>=90,0.0,FluA,minimal_corrected,phase2
2022,1,<1,0.0,FluA,minimal_corrected,phase2
2022,1,1-3,0.0,FluA,minimal_corrected,phase2
2022,1,4-12,1.639344262295082,FluA,minimal_corrected,phase2
2022,1,13-17,,FluA,minimal_corrected,phase2
2022,1,18-44,,FluA,minimal_corrected,phase2
2022,1,45-59,,FluA,minimal_corrected,phase2
2022,1,60-74,0.0,FluA,minimal_corrected,phase2
2022,1,75-89,0.0,FluA,minimal_corrected,phase2
2022,1,>=90,0.0,FluA,minimal_corrected,phase2
2022,2,<1,0.0,FluA,minimal_corrected,phase2
2022,2,1-3,0.0,FluA,minimal_corrected,phase2
2022,2,4-12,,FluA,minimal_corrected,phase2
2022,2,13-17,,FluA,minimal_corrected,phase2
2022,2,18-44,,FluA,minimal_corrected,phase2
2022,2,45-59,,FluA,minimal_corrected,phase2
2022,2,60-74,0.0,FluA,minimal_corrected,phase2
2022,2,75-89,0.0,FluA,minimal_corrected,phase2
2022,2,>=90,0.0,FluA,minimal_corrected,phase2
2022,3,<1,0.0,FluA,minimal_corrected,phase2
2022,3,1-3,0.0,FluA,minimal_corrected,phase2
2022,3,4-12,0.0,FluA,minimal_corrected,phase2
2022,3,13-17,,FluA,minimal_corrected,phase2
2022,3,18-44,0.0,FluA,minimal_corrected,phase2
2022,3,45-59,0.0,FluA,minimal_corrected,phase2
2022,3,60-74,0.0,FluA,minimal_corrected,phase2
2022,3,75-89,0.0,FluA,minimal_corrected,phase2
2022,3,>=90,0.0,FluA,minimal_corrected,phase2
2022,4,<1,0.0,FluA,minimal_corrected,phase2
2022,4,1-3,0.0,FluA,minimal_corrected,phase2
2022,4,4-12,0.0,FluA,minimal_corrected,phase2
2022,4,13-17,,FluA,minimal_corrected,phase2
2022,4,18-44,0.0,FluA,minimal_corrected,phase2
2022,4,45-59,0.0,FluA,minimal_corrected,phase2
2022,4,60-74,0.0,FluA,minimal_corrected,phase2
2022,4,75-89,0.0,FluA,minimal_corrected,phase2
2022,4,>=90,0.0,FluA,minimal_corrected,phase2
2022,5,<1,0.0,FluA,minimal_corrected,phase2
2022,5,1-3,1.6666666666666667,FluA,minimal_corrected,phase2
2022,5,4-12,0.0,FluA,minimal_corrected,phase2
2022,5,13-17,,FluA,minimal_corrected,phase2
2022,5,18-44,0.0,FluA,minimal_corrected,phase2
2022,5,45-59,0.0,FluA,minimal_corrected,phase2
2022,5,60-74,0.0,FluA,minimal_corrected,phase2
2022,5,75-89,0.0,FluA,minimal_corrected,phase2
2022,5,>=90,0.0,FluA,minimal_corrected,phase2
2022,6,<1,17.307692307692307,FluA,minimal_corrected,phase2
2022,6,1-3,26.13636363636364,FluA,minimal_corrected,phase2
2022,6,4-12,34.5679012345679,FluA,minimal_corrected,phase2
2022,6,13-17,,FluA,minimal_corrected,phase2
2022,6,18-44,10.20408163265306,FluA,minimal_corrected,phase2
2022,6,45-59,33.92857142857143,FluA,minimal_corrected,phase2
2022,6,60-74,30.909090909090907,FluA,minimal_corrected,phase2
2022,6,75-89,24.6031746031746,FluA,minimal_corrected,phase2
2022,6,>=90,3.875968992248062,FluA,minimal_corrected,phase2
2022,7,<1,11.29032258064516,FluA,minimal_corrected,phase2
2022,7,1-3,22.36842105263158,FluA,minimal_corrected,phase2
2022,7,4-12,21.666666666666668,FluA,minimal_corrected,phase2
2022,7,13-17,,FluA,minimal_corrected,phase2
2022,7,18-44,12.962962962962962,FluA,minimal_corrected,phase2
2022,7,45-59,4.545454545454546,FluA,minimal_corrected,phase2
2022,7,60-74,24.742268041237114,FluA,minimal_corrected,phase2
2022,7,75-89,23.809523809523807,FluA,minimal_corrected,phase2
2022,7,>=90,2.6785714285714284,FluA,minimal_corrected,phase2
2022,8,<1,0.0,FluA,minimal_corrected,phase2
2022,8,1-3,1.1764705882352942,FluA,minimal_corrected,phase2
2022,8,4-12,2.1739130434782608,FluA,minimal_corrected,phase2
2022,8,13-17,,FluA,minimal_corrected,phase2
2022,8,18-44,0.0,FluA,minimal_corrected,phase2
2022,8,45-59,0.0,FluA,minimal_corrected,phase2
2022,8,60-74,1.694915254237288,FluA,minimal_corrected,phase2
2022,8,75-89,1.5151515151515151,FluA,minimal_corrected,phase2
2022,8,>=90,0.0,FluA,minimal_corrected,phase2
2022,9,<1,0.0,FluA,minimal_corrected,phase2
2022,9,1-3,0.0,FluA,minimal_corrected,phase2
2022,9,4-12,0.0,FluA,minimal_corrected,phase2
2022,9,13-17,,FluA,minimal_corrected,phase2
2022,9,18-44,0.0,FluA,minimal_corrected,phase2
2022,9,45-59,0.0,FluA,minimal_corrected,phase2
2022,9,60-74,0.0,FluA,minimal_corrected,phase2
2022,9,75-89,1.8867924528301887,FluA,minimal_corrected,phase2
2022,9,>=90,0.0,FluA,minimal_corrected,phase2
2022,10,<1,0.0,FluA,minimal_corrected,phase2
2022,10,1-3,0.0,FluA,minimal_corrected,phase2
2022,10,4-12,0.0,FluA,minimal_corrected,phase2
2022,10,13-17,,FluA,minimal_corrected,phase2
2022,10,18-44,0.0,FluA,minimal_corrected,phase2
2022,10,45-59,0.0,FluA,minimal_corrected,phase2
2022,10,60-74,0.0,FluA,minimal_corrected,phase2
2022,10,75-89,0.0,FluA,minimal_corrected,phase2
2022,10,>=90,0.0,FluA,minimal_corrected,phase2
2022,11,<1,0.0,FluA,minimal_corrected,phase2
2022,11,1-3,0.0,FluA,minimal_corrected,phase2
2022,11,4-12,0.0,FluA,minimal_corrected,phase2
2022,11,13-17,,FluA,minimal_corrected,phase2
2022,11,18-44,0.0,FluA,minimal_corrected,phase2
2022,11,45-59,0.0,FluA,minimal_corrected,phase2
2022,11,60-74,0.0,FluA,minimal_corrected,phase2
2022,11,75-89,0.0,FluA,minimal_corrected,phase2
2022,11,>=90,0.0,FluA,minimal_corrected,phase2
2022,12,<1,1.639344262295082,FluA,minimal_corrected,phase2
2022,12,1-3,0.0,FluA,minimal_corrected,phase2
2022,12,4-12,0.0,FluA,minimal_corrected,phase2
2022,12,13-17,,FluA,minimal_corrected,phase2
2022,12,18-44,0.0,FluA,minimal_corrected,phase2
2022,12,45-59,0.0,FluA,minimal_corrected,phase2
2022,12,60-74,0.0,FluA,minimal_corrected,phase2
2022,12,75-89,0.0,FluA,minimal_corrected,phase2
2022,12,>=90,0.0,FluA,minimal_corrected,phase2
2023,1,<1,0.0,FluA,minimal_corrected,phase2
2023,1,1-3,0.0,FluA,minimal_corrected,phase2
2023,1,4-12,2.083333333333333,FluA,minimal_corrected,phase2
2023,1,13-17,,FluA,minimal_corrected,phase2
2023,1,18-44,0.0,FluA,minimal_corrected,phase2
2023,1,45-59,0.0,FluA,minimal_corrected,phase2
2023,1,60-74,0.0,FluA,minimal_corrected,phase2
2023,1,75-89,0.0,FluA,minimal_corrected,phase2
2023,1,>=90,0.0,FluA,minimal_corrected,phase2
2023,2,<1,0.0,FluA,minimal_corrected,phase2
2023,2,1-3,3.0303030303030303,FluA,minimal_corrected,phase2
2023,2,4-12,0.0,FluA,minimal_corrected,phase2
2023,2,13-17,,FluA,minimal_corrected,phase2
2023,2,18-44,0.0,FluA,minimal_corrected,phase2
2023,2,45-59,0.0,FluA,minimal_corrected,phase2
2023,2,60-74,0.0,FluA,minimal_corrected,phase2
2023,2,75-89,0.0,FluA,minimal_corrected,phase2
2023,2,>=90,0.0,FluA,minimal_corrected,phase2
2023,3,<1,8.19672131147541,FluA,minimal_corrected,phase2
2023,3,1-3,22.82608695652174,FluA,minimal_corrected,phase2
2023,3,4-12,47.87878787878788,FluA,minimal_corrected,phase2
2023,3,13-17,46.42857142857143,FluA,minimal_corrected,phase2
2023,3,18-44,43.333333333333336,FluA,minimal_corrected,phase2
2023,3,45-59,25.49019607843137,FluA,minimal_corrected,phase2
2023,3,60-74,19.708029197080293,FluA,minimal_corrected,phase2
2023,3,75-89,5.185185185185185,FluA,minimal_corrected,phase2
2023,3,>=90,2.631578947368421,FluA,minimal_corrected,phase2
2023,4,<1,12.5,FluA,minimal_corrected,phase2
2023,4,1-3,26.31578947368421,FluA,minimal_corrected,phase2
2023,4,4-12,44.6078431372549,FluA,minimal_corrected,phase2
2023,4,13-17,40.625,FluA,minimal_corrected,phase2
2023,4,18-44,32.18390804597701,FluA,minimal_corrected,phase2
2023,4,45-59,29.411764705882355,FluA,minimal_corrected,phase2
2023,4,60-74,30.76923076923077,FluA,minimal_corrected,phase2
2023,4,75-89,13.966480446927374,FluA,minimal_corrected,phase2
2023,4,>=90,1.875,FluA,minimal_corrected,phase2
2023,5,<1,0.8771929824561403,FluA,minimal_corrected,phase2
2023,5,1-3,0.5181347150259068,FluA,minimal_corrected,phase2
2023,5,4-12,4.672897196261682,FluA,minimal_corrected,phase2
2023,5,13-17,5.970149253731343,FluA,minimal_corrected,phase2
2023,5,18-44,5.6105610561056105,FluA,minimal_corrected,phase2
2023,5,45-59,4.186046511627907,FluA,minimal_corrected,phase2
2023,5,60-74,5.960264900662252,FluA,minimal_corrected,phase2
2023,5,75-89,4.280155642023346,FluA,minimal_corrected,phase2
2023,5,>=90,0.0,FluA,minimal_corrected,phase2
2023,6,<1,0.0,FluA,minimal_corrected,phase2
2023,6,1-3,0.392156862745098,FluA,minimal_corrected,phase2
2023,6,4-12,0.3571428571428571,FluA,minimal_corrected,phase2
2023,6,13-17,0.0,FluA,minimal_corrected,phase2
2023,6,18-44,0.0,FluA,minimal_corrected,phase2
2023,6,45-59,1.9047619047619049,FluA,minimal_corrected,phase2
2023,6,60-74,0.0,FluA,minimal_corrected,phase2
2023,6,75-89,0.4975124378109453,FluA,minimal_corrected,phase2
2023,6,>=90,0.0,FluA,minimal_corrected,phase2
2023,7,<1,0.0,FluA,minimal_corrected,phase2
2023,7,1-3,0.684931506849315,FluA,minimal_corrected,phase2
2023,7,4-12,0.2873563218390804,FluA,minimal_corrected,phase2
2023,7,13-17,,FluA,minimal_corrected,phase2
2023,7,18-44,5.660377358490567,FluA,minimal_corrected,phase2
2023,7,45-59,0.0,FluA,minimal_corrected,phase2
2023,7,60-74,0.7518796992481203,FluA,minimal_corrected,phase2
2023,7,75-89,0.7042253521126761,FluA,minimal_corrected,phase2
2023,7,>=90,0.0,FluA,minimal_corrected,phase2
2023,8,<1,1.1363636363636365,FluA,minimal_corrected,phase2
2023,8,1-3,0.3968253968253968,FluA,minimal_corrected,phase2
2023,8,4-12,1.718213058419244,FluA,minimal_corrected,phase2
2023,8,13-17,0.0,FluA,minimal_corrected,phase2
2023,8,18-44,0.0,FluA,minimal_corrected,phase2
2023,8,45-59,0.0,FluA,minimal_corrected,phase2
2023,8,60-74,0.8264462809917356,FluA,minimal_corrected,phase2
2023,8,75-89,0.0,FluA,minimal_corrected,phase2
2023,8,>=90,0.0,FluA,minimal_corrected,phase2
2023,9,<1,0.0,FluA,minimal_corrected,phase2
2023,9,1-3,1.6348773841961852,FluA,minimal_corrected,phase2
2023,9,4-12,8.502772643253234,FluA,minimal_corrected,phase2
2023,9,13-17,4.166666666666666,FluA,minimal_corrected,phase2
2023,9,18-44,1.4705882352941175,FluA,minimal_corrected,phase2
2023,9,45-59,1.2048192771084338,FluA,minimal_corrected,phase2
2023,9,60-74,0.8333333333333334,FluA,minimal_corrected,phase2
2023,9,75-89,0.8547008547008548,FluA,minimal_corrected,phase2
2023,9,>=90,0.0,FluA,minimal_corrected,phase2
2023,10,<1,3.0,FluA,minimal_corrected,phase2
2023,10,1-3,3.374777975133215,FluA,minimal_corrected,phase2
2023,10,4-12,12.199036918138042,FluA,minimal_corrected,phase2
2023,10,13-17,20.689655172413797,FluA,minimal_corrected,phase2
2023,10,18-44,9.523809523809524,FluA,minimal_corrected,phase2
2023,10,45-59,0.99009900990099,FluA,minimal_corrected,phase2
2023,10,60-74,2.5210084033613445,FluA,minimal_corrected,phase2
2023,10,75-89,0.0,FluA,minimal_corrected,phase2
2023,10,>=90,1.2048192771084338,FluA,minimal_corrected,phase2
2023,11,<1,7.84313725490196,FluA,minimal_corrected,phase2
2023,11,1-3,11.336032388663968,FluA,minimal_corrected,phase2
2023,11,4-12,33.824057450628366,FluA,minimal_corrected,phase2
2023,11,13-17,64.25531914893618,FluA,minimal_corrected,phase2
2023,11,18-44,37.81094527363184,FluA,minimal_corrected,phase2
2023,11,45-59,20.18348623853211,FluA,minimal_corrected,phase2
2023,11,60-74,8.4070796460177,FluA,minimal_corrected,phase2
2023,11,75-89,2.8169014084507045,FluA,minimal_corrected,phase2
2023,11,>=90,8.333333333333332,FluA,minimal_corrected,phase2
2023,12,<1,28.846153846153843,FluA,minimal_corrected,phase2
2023,12,1-3,33.7228714524207,FluA,minimal_corrected,phase2
2023,12,4-12,53.27217125382264,FluA,minimal_corrected,phase2
2023,12,13-17,60.752688172043015,FluA,minimal_corrected,phase2
2023,12,18-44,47.48322147651007,FluA,minimal_corrected,phase2
2023,12,45-59,25.102880658436217,FluA,minimal_corrected,phase2
2023,12,60-74,23.589743589743588,FluA,minimal_corrected,phase2
2023,12,75-89,14.17910447761194,FluA,minimal_corrected,phase2
2023,12,>=90,11.731843575418994,FluA,minimal_corrected,phase2
2024,1,<1,,FluA,minimal_corrected,phase2
2024,1,1-3,,FluA,minimal_corrected,phase2
2024,1,4-12,,FluA,minimal_corrected,phase2
2024,1,13-17,,FluA,minimal_corrected,phase2
2024,1,18-44,8.974358974358974,FluA,minimal_corrected,phase2
2024,1,45-59,11.538461538461538,FluA,minimal_corrected,phase2
2024,1,60-74,15.463917525773196,FluA,minimal_corrected,phase2
2024,1,75-89,7.5,FluA,minimal_corrected,phase2
2024,1,>=90,3.061224489795918,FluA,minimal_corrected,phase2
2024,2,<1,,FluA,minimal_corrected,phase2
2024,2,4-12,,FluA,minimal_corrected,phase2
2024,2,13-17,,FluA,minimal_corrected,phase2
2024,2,18-44,2.941176470588235,FluA,minimal_corrected,phase2
2024,2,45-59,8.333333333333332,FluA,minimal_corrected,phase2
2024,2,60-74,1.96078431372549,FluA,minimal_corrected,phase2
2024,2,75-89,0.0,FluA,minimal_corrected,phase2
2024,2,>=90,3.296703296703297,FluA,minimal_corrected,phase2
2024,3,<1,2.564102564102564,FluA,minimal_corrected,phase2
2024,3,4-12,,FluA,minimal_corrected,phase2
2024,3,13-17,,FluA,minimal_corrected,phase2
2024,3,18-44,1.4705882352941175,FluA,minimal_corrected,phase2
2024,3,45-59,6.722689075630252,FluA,minimal_corrected,phase2
2024,3,60-74,5.113636363636364,FluA,minimal_corrected,phase2
2024,3,75-89,1.8867924528301887,FluA,minimal_corrected,phase2
2024,3,>=90,0.0,FluA,minimal_corrected,phase2
2024,4,<1,,FluA,minimal_corrected,phase2
2024,4,1-3,,FluA,minimal_corrected,phase2
2024,4,4-12,,FluA,minimal_corrected,phase2
2024,4,13-17,,FluA,minimal_corrected,phase2
2024,4,18-44,15.384615384615383,FluA,minimal_corrected,phase2
2024,4,45-59,18.55670103092784,FluA,minimal_corrected,phase2
2024,4,60-74,13.79310344827586,FluA,minimal_corrected,phase2
2024,4,75-89,9.70873786407767,FluA,minimal_corrected,phase2
2024,4,>=90,5.0,FluA,minimal_corrected,phase2
2024,5,<1,,FluA,minimal_corrected,phase2
2024,5,4-12,,FluA,minimal_corrected,phase2
2024,5,13-17,,FluA,minimal_corrected,phase2
2024,5,18-44,6.521739130434782,FluA,minimal_corrected,phase2
2024,5,45-59,14.14141414141414,FluA,minimal_corrected,phase2
2024,5,60-74,18.181818181818183,FluA,minimal_corrected,phase2
2024,5,75-89,15.151515151515152,FluA,minimal_corrected,phase2
2024,5,>=90,9.195402298850574,FluA,minimal_corrected,phase2
2024,6,<1,4.545454545454546,FluA,minimal_corrected,phase2
2024,6,1-3,,FluA,minimal_corrected,phase2
2024,6,4-12,,FluA,minimal_corrected,phase2
2024,6,13-17,,FluA,minimal_corrected,phase2
2024,6,18-44,12.0,FluA,minimal_corrected,phase2
2024,6,45-59,15.66265060240964,FluA,minimal_corrected,phase2
2024,6,60-74,22.0,FluA,minimal_corrected,phase2
2024,6,75-89,15.66265060240964,FluA,minimal_corrected,phase2
2024,6,>=90,3.296703296703297,FluA,minimal_corrected,phase2
2024,7,<1,,FluA,minimal_corrected,phase2
2024,7,1-3,,FluA,minimal_corrected,phase2
2024,7,4-12,,FluA,minimal_corrected,phase2
2024,7,13-17,,FluA,minimal_corrected,phase2
2024,7,18-44,8.108108108108109,FluA,minimal_corrected,phase2
2024,7,45-59,18.181818181818183,FluA,minimal_corrected,phase2
2024,7,60-74,23.770491803278688,FluA,minimal_corrected,phase2
2024,7,75-89,11.940298507462686,FluA,minimal_corrected,phase2
2024,7,>=90,2.3529411764705883,FluA,minimal_corrected,phase2
2024,8,<1,,FluA,minimal_corrected,phase2
2024,8,1-3,,FluA,minimal_corrected,phase2
2024,8,4-12,,FluA,minimal_corrected,phase2
2024,8,18-44,0.0,FluA,minimal_corrected,phase2
2024,8,45-59,1.7543859649122806,FluA,minimal_corrected,phase2
2024,8,60-74,2.3255813953488373,FluA,minimal_corrected,phase2
2024,8,75-89,2.272727272727273,FluA,minimal_corrected,phase2
2024,8,>=90,0.0,FluA,minimal_corrected,phase2
2024,9,<1,,FluA,minimal_corrected,phase2
2024,9,4-12,,FluA,minimal_corrected,phase2
2024,9,13-17,,FluA,minimal_corrected,phase2
2024,9,18-44,10.0,FluA,minimal_corrected,phase2
2024,9,45-59,2.857142857142857,FluA,minimal_corrected,phase2
2024,9,60-74,0.0,FluA,minimal_corrected,phase2
2024,9,75-89,0.0,FluA,minimal_corrected,phase2
2024,9,>=90,0.0,FluA,minimal_corrected,phase2
2024,10,<1,,FluA,minimal_corrected,phase2
2024,10,1-3,,FluA,minimal_corrected,phase2
2024,10,4-12,,FluA,minimal_corrected,phase2
2024,10,13-17,,FluA,minimal_corrected,phase2
2024,10,18-44,0.0,FluA,minimal_corrected,phase2
2024,10,45-59,0.0,FluA,minimal_corrected,phase2
2024,10,60-74,0.0,FluA,minimal_corrected,phase2
2024,10,75-89,0.0,FluA,minimal_corrected,phase2
2024,10,>=90,0.0,FluA,minimal_corrected,phase2
2024,11,<1,,FluA,minimal_corrected,phase2
2024,11,1-3,,FluA,minimal_corrected,phase2
2024,11,4-12,,FluA,minimal_corrected,phase2
2024,11,13-17,,FluA,minimal_corrected,phase2
2024,11,18-44,,FluA,minimal_corrected,phase2
2024,11,45-59,4.166666666666666,FluA,minimal_corrected,phase2
2024,11,60-74,2.083333333333333,FluA,minimal_corrected,phase2
2024,11,75-89,0.0,FluA,minimal_corrected,phase2
2024,11,>=90,0.0,FluA,minimal_corrected,phase2
2024,12,<1,,FluA,minimal_corrected,phase2
2024,12,1-3,,FluA,minimal_corrected,phase2
2024,12,4-12,,FluA,minimal_corrected,phase2
2024,12,13-17,,FluA,minimal_corrected,phase2
2024,12,18-44,5.0,FluA,minimal_corrected,phase2
2024,12,45-59,,FluA,minimal_corrected,phase2
2024,12,60-74,11.320754716981131,FluA,minimal_corrected,phase2
2024,12,75-89,1.7857142857142856,FluA,minimal_corrected,phase2
2024,12,>=90,0.0,FluA,minimal_corrected,phase2
2025,1,<1,16.853932584269664,FluA,minimal_corrected,phase2
2025,1,1-3,19.71326164874552,FluA,minimal_corrected,phase2
2025,1,4-12,24.88479262672811,FluA,minimal_corrected,phase2
2025,1,13-17,22.033898305084744,FluA,minimal_corrected,phase2
2025,1,18-44,27.19033232628399,FluA,minimal_corrected,phase2
2025,1,45-59,18.947368421052637,FluA,minimal_corrected,phase2
2025,1,60-74,14.772727272727272,FluA,minimal_corrected,phase2
2025,1,75-89,12.322274881516588,FluA,minimal_corrected,phase2
2025,1,>=90,11.363636363636363,FluA,minimal_corrected,phase2
2025,2,<1,13.684210526315791,FluA,minimal_corrected,phase2
2025,2,1-3,26.06837606837607,FluA,minimal_corrected,phase2
2025,2,4-12,25.26690391459075,FluA,minimal_corrected,phase2
2025,2,13-17,26.31578947368421,FluA,minimal_corrected,phase2
2025,2,18-44,20.689655172413797,FluA,minimal_corrected,phase2
2025,2,45-59,23.52941176470588,FluA,minimal_corrected,phase2
2025,2,60-74,18.1592039800995,FluA,minimal_corrected,phase2
2025,2,75-89,17.410714285714285,FluA,minimal_corrected,phase2
2025,2,>=90,4.0,FluA,minimal_corrected,phase2
2025,3,<1,4.901960784313726,FluA,minimal_corrected,phase2
2025,3,1-3,4.481792717086835,FluA,minimal_corrected,phase2
2025,3,4-12,8.264462809917356,FluA,minimal_corrected,phase2
2025,3,13-17,7.317073170731707,FluA,minimal_corrected,phase2
2025,3,18-44,10.679611650485436,FluA,minimal_corrected,phase2
2025,3,45-59,5.907172995780591,FluA,minimal_corrected,phase2
2025,3,60-74,7.122507122507122,FluA,minimal_corrected,phase2
2025,3,75-89,9.82905982905983,FluA,minimal_corrected,phase2
2025,3,>=90,5.263157894736842,FluA,minimal_corrected,phase2
2025,4,<1,1.36986301369863,FluA,minimal_corrected,phase2
2025,4,1-3,1.2626262626262623,FluA,minimal_corrected,phase2
2025,4,4-12,3.72093023255814,FluA,minimal_corrected,phase2
2025,4,13-17,2.0,FluA,minimal_corrected,phase2
2025,4,18-44,2.538071065989848,FluA,minimal_corrected,phase2
2025,4,45-59,2.272727272727273,FluA,minimal_corrected,phase2
2025,4,60-74,1.58311345646438,FluA,minimal_corrected,phase2
2025,4,75-89,3.1645569620253164,FluA,minimal_corrected,phase2
2025,4,>=90,0.0,FluA,minimal_corrected,phase2
2025,5,<1,1.2903225806451613,FluA,minimal_corrected,phase2
2025,5,1-3,0.84985835694051,FluA,minimal_corrected,phase2
2025,5,4-12,2.556818181818182,FluA,minimal_corrected,phase2
2025,5,13-17,0.0,FluA,minimal_corrected,phase2
2025,5,18-44,1.3888888888888888,FluA,minimal_corrected,phase2
2025,5,45-59,0.0,FluA,minimal_corrected,phase2
2025,5,60-74,0.5361930294906166,FluA,minimal_corrected,phase2
2025,5,75-89,0.0,FluA,minimal_corrected,phase2
2025,5,>=90,0.0,FluA,minimal_corrected,phase2
2025,6,<1,2.5,FluA,minimal_corrected,phase2
2025,6,1-3,0.5830903790087464,FluA,minimal_corrected,phase2
2025,6,4-12,5.234159779614325,FluA,minimal_corrected,phase2
2025,6,13-17,0.0,FluA,minimal_corrected,phase2
2025,6,18-44,1.6216216216216215,FluA,minimal_corrected,phase2
2025,6,45-59,1.2295081967213115,FluA,minimal_corrected,phase2
2025,6,60-74,1.1695906432748535,FluA,minimal_corrected,phase2
2025,6,75-89,0.5586592178770949,FluA,minimal_corrected,phase2
2025,6,>=90,0.0,FluA,minimal_corrected,phase2
2025,7,<1,1.4084507042253522,FluA,minimal_corrected,phase2
2025,7,1-3,1.5015015015015014,FluA,minimal_corrected,phase2
2025,7,4-12,5.508474576271186,FluA,minimal_corrected,phase2
2025,7,13-17,0.0,FluA,minimal_corrected,phase2
2025,7,18-44,2.255639097744361,FluA,minimal_corrected,phase2
2025,7,45-59,1.0101010101010102,FluA,minimal_corrected,phase2
2025,7,60-74,0.9933774834437088,FluA,minimal_corrected,phase2
2025,7,75-89,0.0,FluA,minimal_corrected,phase2
2025,7,>=90,2.0408163265306123,FluA,minimal_corrected,phase2
2025,8,<1,2.985074626865672,FluA,minimal_corrected,phase2
2025,8,1-3,2.8925619834710745,FluA,minimal_corrected,phase2
2025,8,4-12,7.920792079207921,FluA,minimal_corrected,phase2
2025,8,13-17,,FluA,minimal_corrected,phase2
2025,8,18-44,4.958677685950414,FluA,minimal_corrected,phase2
2025,8,45-59,0.0,FluA,minimal_corrected,phase2
2025,8,60-74,1.4814814814814816,FluA,minimal_corrected,phase2
2025,8,75-89,0.0,FluA,minimal_corrected,phase2
2025,8,>=90,0.0,FluA,minimal_corrected,phase2
2025,9,<1,2.0,FluA,minimal_corrected,phase2
2025,9,1-3,2.787456445993032,FluA,minimal_corrected,phase2
2025,9,4-12,18.106995884773664,FluA,minimal_corrected,phase2
2025,9,13-17,,FluA,minimal_corrected,phase2
2025,9,18-44,7.352941176470589,FluA,minimal_corrected,phase2
2025,9,45-59,2.054794520547945,FluA,minimal_corrected,phase2
2025,9,60-74,2.2123893805309733,FluA,minimal_corrected,phase2
2025,9,75-89,6.153846153846154,FluA,minimal_corrected,phase2
2025,9,>=90,1.6666666666666667,FluA,minimal_corrected,phase2
2025,10,<1,3.8461538461538463,FluA,minimal_corrected,phase2
2025,10,1-3,6.752411575562702,FluA,minimal_corrected,phase2
2025,10,4-12,29.39068100358423,FluA,minimal_corrected,phase2
2025,10,13-17,29.411764705882355,FluA,minimal_corrected,phase2
2025,10,18-44,8.38709677419355,FluA,minimal_corrected,phase2
2025,10,45-59,4.878048780487805,FluA,minimal_corrected,phase2
2025,10,60-74,1.7699115044247788,FluA,minimal_corrected,phase2
2025,10,75-89,2.608695652173913,FluA,minimal_corrected,phase2
2025,10,>=90,1.818181818181818,FluA,minimal_corrected,phase2
2025,11,<1,12.0,FluA,minimal_corrected,phase2
2025,11,1-3,17.408906882591094,FluA,minimal_corrected,phase2
2025,11,4-12,47.7326968973747,FluA,minimal_corrected,phase2
2025,11,13-17,59.80392156862745,FluA,minimal_corrected,phase2
2025,11,18-44,29.756097560975608,FluA,minimal_corrected,phase2
2025,11,45-59,9.18918918918919,FluA,minimal_corrected,phase2
2025,11,60-74,8.208955223880597,FluA,minimal_corrected,phase2
2025,11,75-89,7.462686567164178,FluA,minimal_corrected,phase2
2025,11,>=90,3.8461538461538463,FluA,minimal_corrected,phase2
2019,2,<1,,FluB,minimal_corrected,phase2
2019,2,1-3,,FluB,minimal_corrected,phase2
2019,2,18-44,,FluB,minimal_corrected,phase2
2019,2,45-59,,FluB,minimal_corrected,phase2
2019,2,60-74,,FluB,minimal_corrected,phase2
2019,3,<1,0.0,FluB,minimal_corrected,phase2
2019,3,1-3,0.0,FluB,minimal_corrected,phase2
2019,3,4-12,0.0,FluB,minimal_corrected,phase2
2019,3,13-17,,FluB,minimal_corrected,phase2
2019,3,18-44,,FluB,minimal_corrected,phase2
2019,3,45-59,,FluB,minimal_corrected,phase2
2019,3,60-74,,FluB,minimal_corrected,phase2
2019,3,75-89,,FluB,minimal_corrected,phase2
2019,4,<1,1.96078431372549,FluB,minimal_corrected,phase2
2019,4,1-3,4.918032786885246,FluB,minimal_corrected,phase2
2019,4,4-12,8.47457627118644,FluB,minimal_corrected,phase2
2019,4,13-17,,FluB,minimal_corrected,phase2
2019,4,18-44,,FluB,minimal_corrected,phase2
2019,4,45-59,,FluB,minimal_corrected,phase2
2019,4,60-74,,FluB,minimal_corrected,phase2
2019,4,75-89,0.0,FluB,minimal_corrected,phase2
2019,4,>=90,,FluB,minimal_corrected,phase2
2019,5,<1,0.0,FluB,minimal_corrected,phase2
2019,5,1-3,11.594202898550725,FluB,minimal_corrected,phase2
2019,5,4-12,8.51063829787234,FluB,minimal_corrected,phase2
2019,5,13-17,,FluB,minimal_corrected,phase2
2019,5,18-44,,FluB,minimal_corrected,phase2
2019,5,45-59,,FluB,minimal_corrected,phase2
2019,5,60-74,,FluB,minimal_corrected,phase2
2019,5,75-89,,FluB,minimal_corrected,phase2
2019,5,>=90,,FluB,minimal_corrected,phase2
2019,6,<1,1.6129032258064515,FluB,minimal_corrected,phase2
2019,6,1-3,5.555555555555555,FluB,minimal_corrected,phase2
2019,6,4-12,10.92436974789916,FluB,minimal_corrected,phase2
2019,6,13-17,,FluB,minimal_corrected,phase2
2019,6,18-44,,FluB,minimal_corrected,phase2
2019,6,45-59,,FluB,minimal_corrected,phase2
2019,6,60-74,,FluB,minimal_corrected,phase2
2019,6,75-89,3.225806451612903,FluB,minimal_corrected,phase2
2019,6,>=90,,FluB,minimal_corrected,phase2
2019,7,<1,1.1764705882352942,FluB,minimal_corrected,phase2
2019,7,1-3,2.5,FluB,minimal_corrected,phase2
2019,7,4-12,4.026845637583892,FluB,minimal_corrected,phase2
2019,7,13-17,,FluB,minimal_corrected,phase2
2019,7,18-44,,FluB,minimal_corrected,phase2
2019,7,45-59,,FluB,minimal_corrected,phase2
2019,7,60-74,,FluB,minimal_corrected,phase2
2019,7,75-89,0.0,FluB,minimal_corrected,phase2
2019,7,>=90,,FluB,minimal_corrected,phase2
2019,8,<1,0.0,FluB,minimal_corrected,phase2
2019,8,1-3,2.8301886792452837,FluB,minimal_corrected,phase2
2019,8,4-12,3.8461538461538463,FluB,minimal_corrected,phase2
2019,8,13-17,,FluB,minimal_corrected,phase2
2019,8,18-44,,FluB,minimal_corrected,phase2
2019,8,45-59,,FluB,minimal_corrected,phase2
2019,8,60-74,0.0,FluB,minimal_corrected,phase2
2019,8,75-89,,FluB,minimal_corrected,phase2
2019,8,>=90,,FluB,minimal_corrected,phase2
2019,9,<1,0.0,FluB,minimal_corrected,phase2
2019,9,1-3,0.5747126436781609,FluB,minimal_corrected,phase2
2019,9,4-12,0.8064516129032258,FluB,minimal_corrected,phase2
2019,9,13-17,,FluB,minimal_corrected,phase2
2019,9,18-44,,FluB,minimal_corrected,phase2
2019,9,45-59,,FluB,minimal_corrected,phase2
2019,9,60-74,,FluB,minimal_corrected,phase2
2019,9,75-89,0.0,FluB,minimal_corrected,phase2
2019,9,>=90,,FluB,minimal_corrected,phase2
2019,10,<1,0.0,FluB,minimal_corrected,phase2
2019,10,1-3,0.0,FluB,minimal_corrected,phase2
2019,10,4-12,1.1494252873563218,FluB,minimal_corrected,phase2
2019,10,13-17,,FluB,minimal_corrected,phase2
2019,10,18-44,,FluB,minimal_corrected,phase2
2019,10,45-59,,FluB,minimal_corrected,phase2
2019,10,60-74,,FluB,minimal_corrected,phase2
2019,10,75-89,,FluB,minimal_corrected,phase2
2019,10,>=90,,FluB,minimal_corrected,phase2
2019,11,<1,0.0,FluB,minimal_corrected,phase2
2019,11,1-3,0.0,FluB,minimal_corrected,phase2
2019,11,4-12,3.614457831325301,FluB,minimal_corrected,phase2
2019,11,13-17,,FluB,minimal_corrected,phase2
2019,11,18-44,,FluB,minimal_corrected,phase2
2019,11,45-59,0.0,FluB,minimal_corrected,phase2
2019,11,60-74,0.0,FluB,minimal_corrected,phase2
2019,11,75-89,0.0,FluB,minimal_corrected,phase2
2019,11,>=90,,FluB,minimal_corrected,phase2
2019,12,<1,1.7094017094017095,FluB,minimal_corrected,phase2
2019,12,1-3,3.731343283582089,FluB,minimal_corrected,phase2
2019,12,4-12,12.307692307692308,FluB,minimal_corrected,phase2
2019,12,13-17,,FluB,minimal_corrected,phase2
2019,12,18-44,,FluB,minimal_corrected,phase2
2019,12,45-59,,FluB,minimal_corrected,phase2
2019,12,60-74,0.0,FluB,minimal_corrected,phase2
2019,12,75-89,0.0,FluB,minimal_corrected,phase2
2019,12,>=90,,FluB,minimal_corrected,phase2
2020,1,<1,0.9615384615384616,FluB,minimal_corrected,phase2
2020,1,1-3,2.717391304347826,FluB,minimal_corrected,phase2
2020,1,4-12,12.05673758865248,FluB,minimal_corrected,phase2
2020,1,13-17,,FluB,minimal_corrected,phase2
2020,1,18-44,2.380952380952381,FluB,minimal_corrected,phase2
2020,1,45-59,0.0,FluB,minimal_corrected,phase2
2020,1,60-74,1.3157894736842104,FluB,minimal_corrected,phase2
2020,1,75-89,0.0,FluB,minimal_corrected,phase2
2020,1,>=90,0.0,FluB,minimal_corrected,phase2
2020,2,<1,0.0,FluB,minimal_corrected,phase2
2020,2,1-3,0.0,FluB,minimal_corrected,phase2
2020,2,4-12,0.0,FluB,minimal_corrected,phase2
2020,2,13-17,,FluB,minimal_corrected,phase2
2020,2,18-44,1.818181818181818,FluB,minimal_corrected,phase2
2020,2,45-59,0.0,FluB,minimal_corrected,phase2
2020,2,60-74,0.0,FluB,minimal_corrected,phase2
2020,2,75-89,0.0,FluB,minimal_corrected,phase2
2020,2,>=90,0.0,FluB,minimal_corrected,phase2
2020,3,<1,0.0,FluB,minimal_corrected,phase2
2020,3,1-3,0.0,FluB,minimal_corrected,phase2
2020,3,4-12,0.0,FluB,minimal_corrected,phase2
2020,3,13-17,,FluB,minimal_corrected,phase2
2020,3,18-44,0.0,FluB,minimal_corrected,phase2
2020,3,45-59,0.0,FluB,minimal_corrected,phase2
2020,3,60-74,0.0,FluB,minimal_corrected,phase2
2020,3,75-89,0.0,FluB,minimal_corrected,phase2
2020,3,>=90,0.0,FluB,minimal_corrected,phase2
2020,4,<1,0.0,FluB,minimal_corrected,phase2
2020,4,1-3,0.0,FluB,minimal_corrected,phase2
2020,4,4-12,0.0,FluB,minimal_corrected,phase2
2020,4,13-17,,FluB,minimal_corrected,phase2
2020,4,18-44,0.0,FluB,minimal_corrected,phase2
2020,4,45-59,0.0,FluB,minimal_corrected,phase2
2020,4,60-74,0.0,FluB,minimal_corrected,phase2
2020,4,75-89,0.0,FluB,minimal_corrected,phase2
2020,4,>=90,0.0,FluB,minimal_corrected,phase2
2020,5,<1,,FluB,minimal_corrected,phase2
2020,5,1-3,0.0,FluB,minimal_corrected,phase2
2020,5,4-12,0.0,FluB,minimal_corrected,phase2
2020,5,13-17,,FluB,minimal_corrected,phase2
2020,5,18-44,,FluB,minimal_corrected,phase2
2020,5,45-59,0.0,FluB,minimal_corrected,phase2
2020,5,60-74,,FluB,minimal_corrected,phase2
2020,5,75-89,0.0,FluB,minimal_corrected,phase2
2020,5,>=90,0.0,FluB,minimal_corrected,phase2
2020,6,<1,0.0,FluB,minimal_corrected,phase2
2020,6,1-3,0.0,FluB,minimal_corrected,phase2
2020,6,4-12,0.0,FluB,minimal_corrected,phase2
2020,6,13-17,,FluB,minimal_corrected,phase2
2020,6,18-44,,FluB,minimal_corrected,phase2
2020,6,45-59,,FluB,minimal_corrected,phase2
2020,6,60-74,0.0,FluB,minimal_corrected,phase2
2020,6,75-89,0.0,FluB,minimal_corrected,phase2
2020,6,>=90,0.0,FluB,minimal_corrected,phase2
2020,7,<1,0.0,FluB,minimal_corrected,phase2
2020,7,1-3,0.0,FluB,minimal_corrected,phase2
2020,7,4-12,,FluB,minimal_corrected,phase2
2020,7,13-17,,FluB,minimal_corrected,phase2
2020,7,18-44,,FluB,minimal_corrected,phase2
2020,7,45-59,,FluB,minimal_corrected,phase2
2020,7,60-74,,FluB,minimal_corrected,phase2
2020,7,75-89,0.0,FluB,minimal_corrected,phase2
2020,7,>=90,0.0,FluB,minimal_corrected,phase2
2020,8,<1,,FluB,minimal_corrected,phase2
2020,8,1-3,0.0,FluB,minimal_corrected,phase2
2020,8,4-12,0.0,FluB,minimal_corrected,phase2
2020,8,13-17,,FluB,minimal_corrected,phase2
2020,8,18-44,,FluB,minimal_corrected,phase2
2020,8,45-59,,FluB,minimal_corrected,phase2
2020,8,60-74,,FluB,minimal_corrected,phase2
2020,8,75-89,0.0,FluB,minimal_corrected,phase2
2020,8,>=90,0.0,FluB,minimal_corrected,phase2
2020,9,<1,0.0,FluB,minimal_corrected,phase2
2020,9,1-3,0.0,FluB,minimal_corrected,phase2
2020,9,4-12,0.0,FluB,minimal_corrected,phase2
2020,9,13-17,,FluB,minimal_corrected,phase2
2020,9,18-44,,FluB,minimal_corrected,phase2
2020,9,45-59,,FluB,minimal_corrected,phase2
2020,9,60-74,0.0,FluB,minimal_corrected,phase2
2020,9,75-89,0.0,FluB,minimal_corrected,phase2
2020,9,>=90,0.0,FluB,minimal_corrected,phase2
2020,10,<1,0.0,FluB,minimal_corrected,phase2
2020,10,1-3,0.0,FluB,minimal_corrected,phase2
2020,10,4-12,,FluB,minimal_corrected,phase2
2020,10,13-17,,FluB,minimal_corrected,phase2
2020,10,18-44,,FluB,minimal_corrected,phase2
2020,10,45-59,,FluB,minimal_corrected,phase2
2020,10,60-74,,FluB,minimal_corrected,phase2
2020,10,75-89,0.0,FluB,minimal_corrected,phase2
2020,10,>=90,0.0,FluB,minimal_corrected,phase2
2020,11,<1,0.0,FluB,minimal_corrected,phase2
2020,11,1-3,0.0,FluB,minimal_corrected,phase2
2020,11,4-12,,FluB,minimal_corrected,phase2
2020,11,13-17,,FluB,minimal_corrected,phase2
2020,11,18-44,,FluB,minimal_corrected,phase2
2020,11,45-59,,FluB,minimal_corrected,phase2
2020,11,60-74,,FluB,minimal_corrected,phase2
2020,11,75-89,0.0,FluB,minimal_corrected,phase2
2020,11,>=90,0.0,FluB,minimal_corrected,phase2
2020,12,<1,0.0,FluB,minimal_corrected,phase2
2020,12,1-3,0.0,FluB,minimal_corrected,phase2
2020,12,4-12,,FluB,minimal_corrected,phase2
2020,12,13-17,,FluB,minimal_corrected,phase2
2020,12,18-44,,FluB,minimal_corrected,phase2
2020,12,45-59,,FluB,minimal_corrected,phase2
2020,12,60-74,,FluB,minimal_corrected,phase2
2020,12,75-89,0.0,FluB,minimal_corrected,phase2
2020,12,>=90,0.0,FluB,minimal_corrected,phase2
2021,1,<1,0.0,FluB,minimal_corrected,phase2
2021,1,1-3,0.0,FluB,minimal_corrected,phase2
2021,1,4-12,,FluB,minimal_corrected,phase2
2021,1,13-17,,FluB,minimal_corrected,phase2
2021,1,18-44,,FluB,minimal_corrected,phase2
2021,1,45-59,,FluB,minimal_corrected,phase2
2021,1,60-74,0.0,FluB,minimal_corrected,phase2
2021,1,75-89,0.0,FluB,minimal_corrected,phase2
2021,1,>=90,0.0,FluB,minimal_corrected,phase2
2021,2,<1,,FluB,minimal_corrected,phase2
2021,2,1-3,,FluB,minimal_corrected,phase2
2021,2,4-12,,FluB,minimal_corrected,phase2
2021,2,13-17,,FluB,minimal_corrected,phase2
2021,2,18-44,,FluB,minimal_corrected,phase2
2021,2,45-59,,FluB,minimal_corrected,phase2
2021,2,60-74,,FluB,minimal_corrected,phase2
2021,2,75-89,0.0,FluB,minimal_corrected,phase2
2021,2,>=90,0.0,FluB,minimal_corrected,phase2
2021,3,<1,,FluB,minimal_corrected,phase2
2021,3,1-3,,FluB,minimal_corrected,phase2
2021,3,4-12,,FluB,minimal_corrected,phase2
2021,3,13-17,,FluB,minimal_corrected,phase2
2021,3,18-44,,FluB,minimal_corrected,phase2
2021,3,45-59,,FluB,minimal_corrected,phase2
2021,3,60-74,0.0,FluB,minimal_corrected,phase2
2021,3,75-89,0.0,FluB,minimal_corrected,phase2
2021,3,>=90,0.0,FluB,minimal_corrected,phase2
2021,4,<1,,FluB,minimal_corrected,phase2
2021,4,1-3,,FluB,minimal_corrected,phase2
2021,4,4-12,,FluB,minimal_corrected,phase2
2021,4,13-17,,FluB,minimal_corrected,phase2
2021,4,18-44,,FluB,minimal_corrected,phase2
2021,4,45-59,0.0,FluB,minimal_corrected,phase2
2021,4,60-74,0.0,FluB,minimal_corrected,phase2
2021,4,75-89,0.0,FluB,minimal_corrected,phase2
2021,4,>=90,0.0,FluB,minimal_corrected,phase2
2021,5,<1,0.0,FluB,minimal_corrected,phase2
2021,5,1-3,0.0,FluB,minimal_corrected,phase2
2021,5,4-12,,FluB,minimal_corrected,phase2
2021,5,13-17,,FluB,minimal_corrected,phase2
2021,5,18-44,,FluB,minimal_corrected,phase2
2021,5,45-59,,FluB,minimal_corrected,phase2
2021,5,60-74,,FluB,minimal_corrected,phase2
2021,5,75-89,0.0,FluB,minimal_corrected,phase2
2021,5,>=90,0.0,FluB,minimal_corrected,phase2
2021,6,<1,0.0,FluB,minimal_corrected,phase2
2021,6,1-3,0.0,FluB,minimal_corrected,phase2
2021,6,4-12,0.0,FluB,minimal_corrected,phase2
2021,6,18-44,7.4074074074074066,FluB,minimal_corrected,phase2
2021,6,45-59,,FluB,minimal_corrected,phase2
2021,6,60-74,0.0,FluB,minimal_corrected,phase2
2021,6,75-89,0.0,FluB,minimal_corrected,phase2
2021,6,>=90,0.0,FluB,minimal_corrected,phase2
2021,7,<1,0.0,FluB,minimal_corrected,phase2
2021,7,1-3,1.3333333333333337,FluB,minimal_corrected,phase2
2021,7,4-12,7.4074074074074066,FluB,minimal_corrected,phase2
2021,7,13-17,,FluB,minimal_corrected,phase2
2021,7,18-44,,FluB,minimal_corrected,phase2
2021,7,45-59,,FluB,minimal_corrected,phase2
2021,7,60-74,,FluB,minimal_corrected,phase2
2021,7,75-89,0.0,FluB,minimal_corrected,phase2
2021,7,>=90,0.0,FluB,minimal_corrected,phase2
2021,8,<1,0.0,FluB,minimal_corrected,phase2
2021,8,1-3,4.081632653061225,FluB,minimal_corrected,phase2
2021,8,4-12,,FluB,minimal_corrected,phase2
2021,8,13-17,,FluB,minimal_corrected,phase2
2021,8,18-44,,FluB,minimal_corrected,phase2
2021,8,45-59,,FluB,minimal_corrected,phase2
2021,8,60-74,,FluB,minimal_corrected,phase2
2021,8,75-89,0.0,FluB,minimal_corrected,phase2
2021,8,>=90,0.0,FluB,minimal_corrected,phase2
2021,9,<1,0.0,FluB,minimal_corrected,phase2
2021,9,1-3,,FluB,minimal_corrected,phase2
2021,9,4-12,,FluB,minimal_corrected,phase2
2021,9,18-44,,FluB,minimal_corrected,phase2
2021,9,45-59,,FluB,minimal_corrected,phase2
2021,9,60-74,,FluB,minimal_corrected,phase2
2021,9,75-89,0.0,FluB,minimal_corrected,phase2
2021,9,>=90,0.0,FluB,minimal_corrected,phase2
2021,10,<1,,FluB,minimal_corrected,phase2
2021,10,1-3,,FluB,minimal_corrected,phase2
2021,10,4-12,,FluB,minimal_corrected,phase2
2021,10,13-17,,FluB,minimal_corrected,phase2
2021,10,18-44,,FluB,minimal_corrected,phase2
2021,10,45-59,,FluB,minimal_corrected,phase2
2021,10,60-74,,FluB,minimal_corrected,phase2
2021,10,75-89,0.0,FluB,minimal_corrected,phase2
2021,10,>=90,0.0,FluB,minimal_corrected,phase2
2021,11,<1,0.0,FluB,minimal_corrected,phase2
2021,11,1-3,0.0,FluB,minimal_corrected,phase2
2021,11,4-12,3.4482758620689653,FluB,minimal_corrected,phase2
2021,11,13-17,,FluB,minimal_corrected,phase2
2021,11,18-44,,FluB,minimal_corrected,phase2
2021,11,45-59,,FluB,minimal_corrected,phase2
2021,11,60-74,,FluB,minimal_corrected,phase2
2021,11,75-89,0.0,FluB,minimal_corrected,phase2
2021,11,>=90,0.0,FluB,minimal_corrected,phase2
2021,12,<1,0.0,FluB,minimal_corrected,phase2
2021,12,1-3,3.125,FluB,minimal_corrected,phase2
2021,12,4-12,24.24242424242424,FluB,minimal_corrected,phase2
2021,12,13-17,,FluB,minimal_corrected,phase2
2021,12,18-44,,FluB,minimal_corrected,phase2
2021,12,45-59,,FluB,minimal_corrected,phase2
2021,12,60-74,0.0,FluB,minimal_corrected,phase2
2021,12,75-89,0.0,FluB,minimal_corrected,phase2
2021,12,>=90,0.0,FluB,minimal_corrected,phase2
2022,1,<1,5.0,FluB,minimal_corrected,phase2
2022,1,1-3,16.27906976744186,FluB,minimal_corrected,phase2
2022,1,4-12,45.90163934426229,FluB,minimal_corrected,phase2
2022,1,13-17,,FluB,minimal_corrected,phase2
2022,1,18-44,,FluB,minimal_corrected,phase2
2022,1,45-59,,FluB,minimal_corrected,phase2
2022,1,60-74,0.0,FluB,minimal_corrected,phase2
2022,1,75-89,0.0,FluB,minimal_corrected,phase2
2022,1,>=90,0.9523809523809524,FluB,minimal_corrected,phase2
2022,2,<1,3.571428571428571,FluB,minimal_corrected,phase2
2022,2,1-3,0.0,FluB,minimal_corrected,phase2
2022,2,4-12,,FluB,minimal_corrected,phase2
2022,2,13-17,,FluB,minimal_corrected,phase2
2022,2,18-44,,FluB,minimal_corrected,phase2
2022,2,45-59,,FluB,minimal_corrected,phase2
2022,2,60-74,0.0,FluB,minimal_corrected,phase2
2022,2,75-89,2.0408163265306123,FluB,minimal_corrected,phase2
2022,2,>=90,0.0,FluB,minimal_corrected,phase2
2022,3,<1,7.4074074074074066,FluB,minimal_corrected,phase2
2022,3,1-3,6.349206349206349,FluB,minimal_corrected,phase2
2022,3,4-12,11.11111111111111,FluB,minimal_corrected,phase2
2022,3,13-17,,FluB,minimal_corrected,phase2
2022,3,18-44,17.647058823529413,FluB,minimal_corrected,phase2
2022,3,45-59,0.0,FluB,minimal_corrected,phase2
2022,3,60-74,2.941176470588235,FluB,minimal_corrected,phase2
2022,3,75-89,0.0,FluB,minimal_corrected,phase2
2022,3,>=90,0.0,FluB,minimal_corrected,phase2
2022,4,<1,2.272727272727273,FluB,minimal_corrected,phase2
2022,4,1-3,2.3255813953488373,FluB,minimal_corrected,phase2
2022,4,4-12,5.0,FluB,minimal_corrected,phase2
2022,4,13-17,,FluB,minimal_corrected,phase2
2022,4,18-44,3.816793893129771,FluB,minimal_corrected,phase2
2022,4,45-59,1.5151515151515151,FluB,minimal_corrected,phase2
2022,4,60-74,0.0,FluB,minimal_corrected,phase2
2022,4,75-89,0.0,FluB,minimal_corrected,phase2
2022,4,>=90,0.0,FluB,minimal_corrected,phase2
2022,5,<1,0.0,FluB,minimal_corrected,phase2
2022,5,1-3,1.6666666666666667,FluB,minimal_corrected,phase2
2022,5,4-12,2.941176470588235,FluB,minimal_corrected,phase2
2022,5,13-17,,FluB,minimal_corrected,phase2
2022,5,18-44,4.166666666666666,FluB,minimal_corrected,phase2
2022,5,45-59,0.0,FluB,minimal_corrected,phase2
2022,5,60-74,0.0,FluB,minimal_corrected,phase2
2022,5,75-89,0.0,FluB,minimal_corrected,phase2
2022,5,>=90,0.0,FluB,minimal_corrected,phase2
2022,6,<1,0.0,FluB,minimal_corrected,phase2
2022,6,1-3,0.0,FluB,minimal_corrected,phase2
2022,6,4-12,0.0,FluB,minimal_corrected,phase2
2022,6,13-17,,FluB,minimal_corrected,phase2
2022,6,18-44,6.122448979591836,FluB,minimal_corrected,phase2
2022,6,45-59,0.0,FluB,minimal_corrected,phase2
2022,6,60-74,0.0,FluB,minimal_corrected,phase2
2022,6,75-89,0.0,FluB,minimal_corrected,phase2
2022,6,>=90,0.0,FluB,minimal_corrected,phase2
2022,7,<1,0.0,FluB,minimal_corrected,phase2
2022,7,1-3,0.0,FluB,minimal_corrected,phase2
2022,7,4-12,0.0,FluB,minimal_corrected,phase2
2022,7,13-17,,FluB,minimal_corrected,phase2
2022,7,18-44,0.0,FluB,minimal_corrected,phase2
2022,7,45-59,0.0,FluB,minimal_corrected,phase2
2022,7,60-74,0.0,FluB,minimal_corrected,phase2
2022,7,75-89,0.0,FluB,minimal_corrected,phase2
2022,7,>=90,0.0,FluB,minimal_corrected,phase2
2022,8,<1,0.0,FluB,minimal_corrected,phase2
2022,8,1-3,0.0,FluB,minimal_corrected,phase2
2022,8,4-12,0.0,FluB,minimal_corrected,phase2
2022,8,13-17,,FluB,minimal_corrected,phase2
2022,8,18-44,0.0,FluB,minimal_corrected,phase2
2022,8,45-59,0.0,FluB,minimal_corrected,phase2
2022,8,60-74,0.0,FluB,minimal_corrected,phase2
2022,8,75-89,0.0,FluB,minimal_corrected,phase2
2022,8,>=90,0.0,FluB,minimal_corrected,phase2
2022,9,<1,0.0,FluB,minimal_corrected,phase2
2022,9,1-3,0.0,FluB,minimal_corrected,phase2
2022,9,4-12,0.0,FluB,minimal_corrected,phase2
2022,9,13-17,,FluB,minimal_corrected,phase2
2022,9,18-44,0.0,FluB,minimal_corrected,phase2
2022,9,45-59,0.0,FluB,minimal_corrected,phase2
2022,9,60-74,0.0,FluB,minimal_corrected,phase2
2022,9,75-89,0.0,FluB,minimal_corrected,phase2
2022,9,>=90,0.0,FluB,minimal_corrected,phase2
2022,10,<1,0.0,FluB,minimal_corrected,phase2
2022,10,1-3,1.4084507042253522,FluB,minimal_corrected,phase2
2022,10,4-12,0.0,FluB,minimal_corrected,phase2
2022,10,13-17,,FluB,minimal_corrected,phase2
2022,10,18-44,0.0,FluB,minimal_corrected,phase2
2022,10,45-59,0.0,FluB,minimal_corrected,phase2
2022,10,60-74,0.0,FluB,minimal_corrected,phase2
2022,10,75-89,0.0,FluB,minimal_corrected,phase2
2022,10,>=90,0.0,FluB,minimal_corrected,phase2
2022,11,<1,2.0408163265306123,FluB,minimal_corrected,phase2
2022,11,1-3,2.7777777777777777,FluB,minimal_corrected,phase2
2022,11,4-12,1.25,FluB,minimal_corrected,phase2
2022,11,13-17,,FluB,minimal_corrected,phase2
2022,11,18-44,0.0,FluB,minimal_corrected,phase2
2022,11,45-59,0.0,FluB,minimal_corrected,phase2
2022,11,60-74,0.0,FluB,minimal_corrected,phase2
2022,11,75-89,0.0,FluB,minimal_corrected,phase2
2022,11,>=90,0.0,FluB,minimal_corrected,phase2
2022,12,<1,1.639344262295082,FluB,minimal_corrected,phase2
2022,12,1-3,0.0,FluB,minimal_corrected,phase2
2022,12,4-12,0.0,FluB,minimal_corrected,phase2
2022,12,13-17,,FluB,minimal_corrected,phase2
2022,12,18-44,0.0,FluB,minimal_corrected,phase2
2022,12,45-59,0.0,FluB,minimal_corrected,phase2
2022,12,60-74,0.0,FluB,minimal_corrected,phase2
2022,12,75-89,0.0,FluB,minimal_corrected,phase2
2022,12,>=90,0.0,FluB,minimal_corrected,phase2
2023,1,<1,1.2658227848101269,FluB,minimal_corrected,phase2
2023,1,1-3,0.0,FluB,minimal_corrected,phase2
2023,1,4-12,0.0,FluB,minimal_corrected,phase2
2023,1,13-17,,FluB,minimal_corrected,phase2
2023,1,18-44,0.0,FluB,minimal_corrected,phase2
2023,1,45-59,0.0,FluB,minimal_corrected,phase2
2023,1,60-74,0.0,FluB,minimal_corrected,phase2
2023,1,75-89,0.0,FluB,minimal_corrected,phase2
2023,1,>=90,0.0,FluB,minimal_corrected,phase2
2023,2,<1,0.0,FluB,minimal_corrected,phase2
2023,2,1-3,0.0,FluB,minimal_corrected,phase2
2023,2,4-12,0.0,FluB,minimal_corrected,phase2
2023,2,13-17,,FluB,minimal_corrected,phase2
2023,2,18-44,0.0,FluB,minimal_corrected,phase2
2023,2,45-59,0.0,FluB,minimal_corrected,phase2
2023,2,60-74,0.0,FluB,minimal_corrected,phase2
2023,2,75-89,0.0,FluB,minimal_corrected,phase2
2023,2,>=90,0.0,FluB,minimal_corrected,phase2
2023,3,<1,0.0,FluB,minimal_corrected,phase2
2023,3,1-3,0.0,FluB,minimal_corrected,phase2
2023,3,4-12,0.6060606060606061,FluB,minimal_corrected,phase2
2023,3,13-17,0.0,FluB,minimal_corrected,phase2
2023,3,18-44,0.0,FluB,minimal_corrected,phase2
2023,3,45-59,0.0,FluB,minimal_corrected,phase2
2023,3,60-74,0.0,FluB,minimal_corrected,phase2
2023,3,75-89,0.0,FluB,minimal_corrected,phase2
2023,3,>=90,0.0,FluB,minimal_corrected,phase2
2023,4,<1,0.0,FluB,minimal_corrected,phase2
2023,4,1-3,0.0,FluB,minimal_corrected,phase2
2023,4,4-12,0.0,FluB,minimal_corrected,phase2
2023,4,13-17,0.0,FluB,minimal_corrected,phase2
2023,4,18-44,0.0,FluB,minimal_corrected,phase2
2023,4,45-59,0.0,FluB,minimal_corrected,phase2
2023,4,60-74,0.0,FluB,minimal_corrected,phase2
2023,4,75-89,0.0,FluB,minimal_corrected,phase2
2023,4,>=90,0.0,FluB,minimal_corrected,phase2
2023,5,<1,0.0,FluB,minimal_corrected,phase2
2023,5,1-3,0.0,FluB,minimal_corrected,phase2
2023,5,4-12,0.0,FluB,minimal_corrected,phase2
2023,5,13-17,0.0,FluB,minimal_corrected,phase2
2023,5,18-44,0.0,FluB,minimal_corrected,phase2
2023,5,45-59,0.0,FluB,minimal_corrected,phase2
2023,5,60-74,0.0,FluB,minimal_corrected,phase2
2023,5,75-89,0.0,FluB,minimal_corrected,phase2
2023,5,>=90,0.0,FluB,minimal_corrected,phase2
2023,6,<1,0.0,FluB,minimal_corrected,phase2
2023,6,1-3,0.392156862745098,FluB,minimal_corrected,phase2
2023,6,4-12,0.0,FluB,minimal_corrected,phase2
2023,6,13-17,0.0,FluB,minimal_corrected,phase2
2023,6,18-44,0.0,FluB,minimal_corrected,phase2
2023,6,45-59,0.0,FluB,minimal_corrected,phase2
2023,6,60-74,0.0,FluB,minimal_corrected,phase2
2023,6,75-89,0.0,FluB,minimal_corrected,phase2
2023,6,>=90,0.0,FluB,minimal_corrected,phase2
2023,7,<1,0.0,FluB,minimal_corrected,phase2
2023,7,1-3,0.0,FluB,minimal_corrected,phase2
2023,7,4-12,0.0,FluB,minimal_corrected,phase2
2023,7,13-17,,FluB,minimal_corrected,phase2
2023,7,18-44,0.0,FluB,minimal_corrected,phase2
2023,7,45-59,0.0,FluB,minimal_corrected,phase2
2023,7,60-74,0.0,FluB,minimal_corrected,phase2
2023,7,75-89,0.0,FluB,minimal_corrected,phase2
2023,7,>=90,0.0,FluB,minimal_corrected,phase2
2023,8,<1,0.0,FluB,minimal_corrected,phase2
2023,8,1-3,0.0,FluB,minimal_corrected,phase2
2023,8,4-12,0.0,FluB,minimal_corrected,phase2
2023,8,13-17,0.0,FluB,minimal_corrected,phase2
2023,8,18-44,0.0,FluB,minimal_corrected,phase2
2023,8,45-59,0.0,FluB,minimal_corrected,phase2
2023,8,60-74,0.0,FluB,minimal_corrected,phase2
2023,8,75-89,0.0,FluB,minimal_corrected,phase2
2023,8,>=90,0.0,FluB,minimal_corrected,phase2
2023,9,<1,0.0,FluB,minimal_corrected,phase2
2023,9,1-3,0.544959128065395,FluB,minimal_corrected,phase2
2023,9,4-12,1.6635859519408502,FluB,minimal_corrected,phase2
2023,9,13-17,0.0,FluB,minimal_corrected,phase2
2023,9,18-44,0.0,FluB,minimal_corrected,phase2
2023,9,45-59,0.0,FluB,minimal_corrected,phase2
2023,9,60-74,0.0,FluB,minimal_corrected,phase2
2023,9,75-89,0.0,FluB,minimal_corrected,phase2
2023,9,>=90,0.0,FluB,minimal_corrected,phase2
2023,10,<1,1.0,FluB,minimal_corrected,phase2
2023,10,1-3,1.5985790408525755,FluB,minimal_corrected,phase2
2023,10,4-12,4.895666131621187,FluB,minimal_corrected,phase2
2023,10,13-17,15.517241379310343,FluB,minimal_corrected,phase2
2023,10,18-44,4.761904761904762,FluB,minimal_corrected,phase2
2023,10,45-59,0.99009900990099,FluB,minimal_corrected,phase2
2023,10,60-74,0.0,FluB,minimal_corrected,phase2
2023,10,75-89,0.0,FluB,minimal_corrected,phase2
2023,10,>=90,0.0,FluB,minimal_corrected,phase2
2023,11,<1,1.96078431372549,FluB,minimal_corrected,phase2
2023,11,1-3,3.643724696356275,FluB,minimal_corrected,phase2
2023,11,4-12,16.37342908438061,FluB,minimal_corrected,phase2
2023,11,13-17,43.82978723404256,FluB,minimal_corrected,phase2
2023,11,18-44,15.92039800995025,FluB,minimal_corrected,phase2
2023,11,45-59,6.422018348623854,FluB,minimal_corrected,phase2
2023,11,60-74,0.8849557522123894,FluB,minimal_corrected,phase2
2023,11,75-89,1.4084507042253522,FluB,minimal_corrected,phase2
2023,11,>=90,1.1904761904761905,FluB,minimal_corrected,phase2
2023,12,<1,13.461538461538462,FluB,minimal_corrected,phase2
2023,12,1-3,14.357262103505844,FluB,minimal_corrected,phase2
2023,12,4-12,27.553516819571865,FluB,minimal_corrected,phase2
2023,12,13-17,31.451612903225808,FluB,minimal_corrected,phase2
2023,12,18-44,21.14093959731544,FluB,minimal_corrected,phase2
2023,12,45-59,13.168724279835391,FluB,minimal_corrected,phase2
2023,12,60-74,7.435897435897436,FluB,minimal_corrected,phase2
2023,12,75-89,2.238805970149253,FluB,minimal_corrected,phase2
2023,12,>=90,1.675977653631285,FluB,minimal_corrected,phase2
2024,1,<1,,FluB,minimal_corrected,phase2
2024,1,1-3,,FluB,minimal_corrected,phase2
2024,1,4-12,,FluB,minimal_corrected,phase2
2024,1,13-17,,FluB,minimal_corrected,phase2
2024,1,18-44,15.384615384615383,FluB,minimal_corrected,phase2
2024,1,45-59,9.615384615384617,FluB,minimal_corrected,phase2
2024,1,60-74,6.701030927835052,FluB,minimal_corrected,phase2
2024,1,75-89,5.0,FluB,minimal_corrected,phase2
2024,1,>=90,3.061224489795918,FluB,minimal_corrected,phase2
2024,2,<1,,FluB,minimal_corrected,phase2
2024,2,4-12,,FluB,minimal_corrected,phase2
2024,2,13-17,,FluB,minimal_corrected,phase2
2024,2,18-44,8.823529411764707,FluB,minimal_corrected,phase2
2024,2,45-59,12.5,FluB,minimal_corrected,phase2
2024,2,60-74,10.679611650485436,FluB,minimal_corrected,phase2
2024,2,75-89,4.62962962962963,FluB,minimal_corrected,phase2
2024,2,>=90,2.197802197802198,FluB,minimal_corrected,phase2
2024,3,<1,0.0,FluB,minimal_corrected,phase2
2024,3,4-12,,FluB,minimal_corrected,phase2
2024,3,13-17,,FluB,minimal_corrected,phase2
2024,3,18-44,8.823529411764707,FluB,minimal_corrected,phase2
2024,3,45-59,1.680672268907563,FluB,minimal_corrected,phase2
2024,3,60-74,2.272727272727273,FluB,minimal_corrected,phase2
2024,3,75-89,0.0,FluB,minimal_corrected,phase2
2024,3,>=90,1.7391304347826086,FluB,minimal_corrected,phase2
2024,4,<1,,FluB,minimal_corrected,phase2
2024,4,1-3,,FluB,minimal_corrected,phase2
2024,4,4-12,,FluB,minimal_corrected,phase2
2024,4,13-17,,FluB,minimal_corrected,phase2
2024,4,18-44,0.0,FluB,minimal_corrected,phase2
2024,4,45-59,0.0,FluB,minimal_corrected,phase2
2024,4,60-74,0.5780346820809248,FluB,minimal_corrected,phase2
2024,4,75-89,2.912621359223301,FluB,minimal_corrected,phase2
2024,4,>=90,0.0,FluB,minimal_corrected,phase2
2024,5,<1,,FluB,minimal_corrected,phase2
2024,5,4-12,,FluB,minimal_corrected,phase2
2024,5,13-17,,FluB,minimal_corrected,phase2
2024,5,18-44,2.1739130434782608,FluB,minimal_corrected,phase2
2024,5,45-59,0.0,FluB,minimal_corrected,phase2
2024,5,60-74,1.3157894736842104,FluB,minimal_corrected,phase2
2024,5,75-89,0.0,FluB,minimal_corrected,phase2
2024,5,>=90,0.0,FluB,minimal_corrected,phase2
2024,6,<1,0.0,FluB,minimal_corrected,phase2
2024,6,1-3,,FluB,minimal_corrected,phase2
2024,6,4-12,,FluB,minimal_corrected,phase2
2024,6,13-17,,FluB,minimal_corrected,phase2
2024,6,18-44,0.0,FluB,minimal_corrected,phase2
2024,6,45-59,0.0,FluB,minimal_corrected,phase2
2024,6,60-74,0.0,FluB,minimal_corrected,phase2
2024,6,75-89,0.0,FluB,minimal_corrected,phase2
2024,6,>=90,0.0,FluB,minimal_corrected,phase2
2024,7,<1,,FluB,minimal_corrected,phase2
2024,7,1-3,,FluB,minimal_corrected,phase2
2024,7,4-12,,FluB,minimal_corrected,phase2
2024,7,13-17,,FluB,minimal_corrected,phase2
2024,7,18-44,0.0,FluB,minimal_corrected,phase2
2024,7,45-59,0.0,FluB,minimal_corrected,phase2
2024,7,60-74,1.639344262295082,FluB,minimal_corrected,phase2
2024,7,75-89,0.0,FluB,minimal_corrected,phase2
2024,7,>=90,0.0,FluB,minimal_corrected,phase2
2024,8,<1,,FluB,minimal_corrected,phase2
2024,8,1-3,,FluB,minimal_corrected,phase2
2024,8,4-12,,FluB,minimal_corrected,phase2
2024,8,18-44,0.0,FluB,minimal_corrected,phase2
2024,8,45-59,0.0,FluB,minimal_corrected,phase2
2024,8,60-74,0.0,FluB,minimal_corrected,phase2
2024,8,75-89,0.0,FluB,minimal_corrected,phase2
2024,8,>=90,0.0,FluB,minimal_corrected,phase2
2024,9,<1,,FluB,minimal_corrected,phase2
2024,9,4-12,,FluB,minimal_corrected,phase2
2024,9,13-17,,FluB,minimal_corrected,phase2
2024,9,18-44,0.0,FluB,minimal_corrected,phase2
2024,9,45-59,0.0,FluB,minimal_corrected,phase2
2024,9,60-74,0.0,FluB,minimal_corrected,phase2
2024,9,75-89,0.0,FluB,minimal_corrected,phase2
2024,9,>=90,0.0,FluB,minimal_corrected,phase2
2024,10,<1,,FluB,minimal_corrected,phase2
2024,10,1-3,,FluB,minimal_corrected,phase2
2024,10,4-12,,FluB,minimal_corrected,phase2
2024,10,13-17,,FluB,minimal_corrected,phase2
2024,10,18-44,0.0,FluB,minimal_corrected,phase2
2024,10,45-59,0.0,FluB,minimal_corrected,phase2
2024,10,60-74,0.0,FluB,minimal_corrected,phase2
2024,10,75-89,0.0,FluB,minimal_corrected,phase2
2024,10,>=90,0.0,FluB,minimal_corrected,phase2
2024,11,<1,,FluB,minimal_corrected,phase2
2024,11,1-3,,FluB,minimal_corrected,phase2
2024,11,4-12,,FluB,minimal_corrected,phase2
2024,11,13-17,,FluB,minimal_corrected,phase2
2024,11,18-44,,FluB,minimal_corrected,phase2
2024,11,45-59,0.0,FluB,minimal_corrected,phase2
2024,11,60-74,0.0,FluB,minimal_corrected,phase2
2024,11,75-89,0.0,FluB,minimal_corrected,phase2
2024,11,>=90,0.0,FluB,minimal_corrected,phase2
2024,12,<1,,FluB,minimal_corrected,phase2
2024,12,1-3,,FluB,minimal_corrected,phase2
2024,12,4-12,,FluB,minimal_corrected,phase2
2024,12,13-17,,FluB,minimal_corrected,phase2
2024,12,18-44,0.0,FluB,minimal_corrected,phase2
2024,12,45-59,,FluB,minimal_corrected,phase2
2024,12,60-74,0.0,FluB,minimal_corrected,phase2
2024,12,75-89,0.0,FluB,minimal_corrected,phase2
2024,12,>=90,0.0,FluB,minimal_corrected,phase2
2025,1,<1,0.0,FluB,minimal_corrected,phase2
2025,1,1-3,0.0,FluB,minimal_corrected,phase2
2025,1,4-12,0.0,FluB,minimal_corrected,phase2
2025,1,13-17,0.0,FluB,minimal_corrected,phase2
2025,1,18-44,0.3021148036253776,FluB,minimal_corrected,phase2
2025,1,45-59,0.0,FluB,minimal_corrected,phase2
2025,1,60-74,0.2272727272727272,FluB,minimal_corrected,phase2
2025,1,75-89,0.0,FluB,minimal_corrected,phase2
2025,1,>=90,0.0,FluB,minimal_corrected,phase2
2025,2,<1,0.0,FluB,minimal_corrected,phase2
2025,2,1-3,0.0,FluB,minimal_corrected,phase2
2025,2,4-12,0.3558718861209964,FluB,minimal_corrected,phase2
2025,2,13-17,0.0,FluB,minimal_corrected,phase2
2025,2,18-44,0.0,FluB,minimal_corrected,phase2
2025,2,45-59,0.0,FluB,minimal_corrected,phase2
2025,2,60-74,0.0,FluB,minimal_corrected,phase2
2025,2,75-89,0.4464285714285714,FluB,minimal_corrected,phase2
2025,2,>=90,0.0,FluB,minimal_corrected,phase2
2025,3,<1,0.0,FluB,minimal_corrected,phase2
2025,3,1-3,0.0,FluB,minimal_corrected,phase2
2025,3,4-12,0.4132231404958678,FluB,minimal_corrected,phase2
2025,3,13-17,0.0,FluB,minimal_corrected,phase2
2025,3,18-44,0.9708737864077668,FluB,minimal_corrected,phase2
2025,3,45-59,0.0,FluB,minimal_corrected,phase2
2025,3,60-74,0.0,FluB,minimal_corrected,phase2
2025,3,75-89,0.0,FluB,minimal_corrected,phase2
2025,3,>=90,0.0,FluB,minimal_corrected,phase2
2025,4,<1,0.0,FluB,minimal_corrected,phase2
2025,4,1-3,0.0,FluB,minimal_corrected,phase2
2025,4,4-12,0.9302325581395348,FluB,minimal_corrected,phase2
2025,4,13-17,0.0,FluB,minimal_corrected,phase2
2025,4,18-44,1.015228426395939,FluB,minimal_corrected,phase2
2025,4,45-59,0.0,FluB,minimal_corrected,phase2
2025,4,60-74,0.0,FluB,minimal_corrected,phase2
2025,4,75-89,0.0,FluB,minimal_corrected,phase2
2025,4,>=90,0.0,FluB,minimal_corrected,phase2
2025,5,<1,0.6451612903225806,FluB,minimal_corrected,phase2
2025,5,1-3,0.28328611898017,FluB,minimal_corrected,phase2
2025,5,4-12,1.4204545454545454,FluB,minimal_corrected,phase2
2025,5,13-17,0.0,FluB,minimal_corrected,phase2
2025,5,18-44,0.9259259259259258,FluB,minimal_corrected,phase2
2025,5,45-59,0.0,FluB,minimal_corrected,phase2
2025,5,60-74,0.2680965147453083,FluB,minimal_corrected,phase2
2025,5,75-89,0.0,FluB,minimal_corrected,phase2
2025,5,>=90,0.0,FluB,minimal_corrected,phase2
2025,6,<1,1.25,FluB,minimal_corrected,phase2
2025,6,1-3,0.2915451895043732,FluB,minimal_corrected,phase2
2025,6,4-12,4.40771349862259,FluB,minimal_corrected,phase2
2025,6,13-17,0.0,FluB,minimal_corrected,phase2
2025,6,18-44,1.0810810810810811,FluB,minimal_corrected,phase2
2025,6,45-59,0.819672131147541,FluB,minimal_corrected,phase2
2025,6,60-74,0.0,FluB,minimal_corrected,phase2
2025,6,75-89,0.0,FluB,minimal_corrected,phase2
2025,6,>=90,0.0,FluB,minimal_corrected,phase2
2025,7,<1,0.0,FluB,minimal_corrected,phase2
2025,7,1-3,0.3003003003003003,FluB,minimal_corrected,phase2
2025,7,4-12,3.389830508474576,FluB,minimal_corrected,phase2
2025,7,13-17,0.0,FluB,minimal_corrected,phase2
2025,7,18-44,0.7518796992481203,FluB,minimal_corrected,phase2
2025,7,45-59,1.0101010101010102,FluB,minimal_corrected,phase2
2025,7,60-74,0.3311258278145695,FluB,minimal_corrected,phase2
2025,7,75-89,0.6711409395973155,FluB,minimal_corrected,phase2
2025,7,>=90,0.0,FluB,minimal_corrected,phase2
2025,8,<1,0.7462686567164178,FluB,minimal_corrected,phase2
2025,8,1-3,1.2396694214876034,FluB,minimal_corrected,phase2
2025,8,4-12,5.445544554455446,FluB,minimal_corrected,phase2
2025,8,13-17,,FluB,minimal_corrected,phase2
2025,8,18-44,2.479338842975207,FluB,minimal_corrected,phase2
2025,8,45-59,0.0,FluB,minimal_corrected,phase2
2025,8,60-74,0.7407407407407408,FluB,minimal_corrected,phase2
2025,8,75-89,0.0,FluB,minimal_corrected,phase2
2025,8,>=90,0.0,FluB,minimal_corrected,phase2
2025,9,<1,2.0,FluB,minimal_corrected,phase2
2025,9,1-3,1.3937282229965158,FluB,minimal_corrected,phase2
2025,9,4-12,11.11111111111111,FluB,minimal_corrected,phase2
2025,9,13-17,,FluB,minimal_corrected,phase2
2025,9,18-44,5.88235294117647,FluB,minimal_corrected,phase2
2025,9,45-59,0.684931506849315,FluB,minimal_corrected,phase2
2025,9,60-74,0.4424778761061947,FluB,minimal_corrected,phase2
2025,9,75-89,1.5384615384615383,FluB,minimal_corrected,phase2
2025,9,>=90,0.0,FluB,minimal_corrected,phase2
2025,10,<1,0.0,FluB,minimal_corrected,phase2
2025,10,1-3,0.6430868167202572,FluB,minimal_corrected,phase2
2025,10,4-12,6.810035842293908,FluB,minimal_corrected,phase2
2025,10,13-17,0.0,FluB,minimal_corrected,phase2
2025,10,18-44,1.935483870967742,FluB,minimal_corrected,phase2
2025,10,45-59,1.6260162601626018,FluB,minimal_corrected,phase2
2025,10,60-74,0.4424778761061947,FluB,minimal_corrected,phase2
2025,10,75-89,0.0,FluB,minimal_corrected,phase2
2025,10,>=90,0.0,FluB,minimal_corrected,phase2
2025,11,<1,0.0,FluB,minimal_corrected,phase2
2025,11,1-3,0.8097165991902834,FluB,minimal_corrected,phase2
2025,11,4-12,1.909307875894988,FluB,minimal_corrected,phase2
2025,11,13-17,0.0,FluB,minimal_corrected,phase2
2025,11,18-44,0.975609756097561,FluB,minimal_corrected,phase2
2025,11,45-59,1.0810810810810811,FluB,minimal_corrected,phase2
2025,11,60-74,0.0,FluB,minimal_corrected,phase2
2025,11,75-89,0.0,FluB,minimal_corrected,phase2
2025,11,>=90,0.0,FluB,minimal_corrected,phase2
2019,2,<1,,RSV,minimal_corrected,phase2
2019,2,1-3,,RSV,minimal_corrected,phase2
2019,2,18-44,,RSV,minimal_corrected,phase2
2019,2,45-59,,RSV,minimal_corrected,phase2
2019,2,60-74,,RSV,minimal_corrected,phase2
2019,3,<1,26.08695652173913,RSV,minimal_corrected,phase2
2019,3,1-3,10.714285714285714,RSV,minimal_corrected,phase2
2019,3,4-12,0.0,RSV,minimal_corrected,phase2
2019,3,13-17,,RSV,minimal_corrected,phase2
2019,3,18-44,,RSV,minimal_corrected,phase2
2019,3,45-59,,RSV,minimal_corrected,phase2
2019,3,60-74,,RSV,minimal_corrected,phase2
2019,3,75-89,,RSV,minimal_corrected,phase2
2019,4,<1,15.68627450980392,RSV,minimal_corrected,phase2
2019,4,1-3,4.918032786885246,RSV,minimal_corrected,phase2
2019,4,4-12,0.0,RSV,minimal_corrected,phase2
2019,4,13-17,,RSV,minimal_corrected,phase2
2019,4,18-44,,RSV,minimal_corrected,phase2
2019,4,45-59,,RSV,minimal_corrected,phase2
2019,4,60-74,,RSV,minimal_corrected,phase2
2019,4,75-89,0.0,RSV,minimal_corrected,phase2
2019,4,>=90,,RSV,minimal_corrected,phase2
2019,5,<1,4.545454545454546,RSV,minimal_corrected,phase2
2019,5,1-3,1.4492753623188406,RSV,minimal_corrected,phase2
2019,5,4-12,0.0,RSV,minimal_corrected,phase2
2019,5,13-17,,RSV,minimal_corrected,phase2
2019,5,18-44,,RSV,minimal_corrected,phase2
2019,5,45-59,,RSV,minimal_corrected,phase2
2019,5,60-74,,RSV,minimal_corrected,phase2
2019,5,75-89,,RSV,minimal_corrected,phase2
2019,5,>=90,,RSV,minimal_corrected,phase2
2019,6,<1,1.6129032258064515,RSV,minimal_corrected,phase2
2019,6,1-3,1.1111111111111112,RSV,minimal_corrected,phase2
2019,6,4-12,0.0,RSV,minimal_corrected,phase2
2019,6,13-17,,RSV,minimal_corrected,phase2
2019,6,18-44,,RSV,minimal_corrected,phase2
2019,6,45-59,,RSV,minimal_corrected,phase2
2019,6,60-74,,RSV,minimal_corrected,phase2
2019,6,75-89,0.0,RSV,minimal_corrected,phase2
2019,6,>=90,,RSV,minimal_corrected,phase2
2019,7,<1,2.3529411764705883,RSV,minimal_corrected,phase2
2019,7,1-3,0.8333333333333334,RSV,minimal_corrected,phase2
2019,7,4-12,0.0,RSV,minimal_corrected,phase2
2019,7,13-17,,RSV,minimal_corrected,phase2
2019,7,18-44,,RSV,minimal_corrected,phase2
2019,7,45-59,,RSV,minimal_corrected,phase2
2019,7,60-74,,RSV,minimal_corrected,phase2
2019,7,75-89,0.0,RSV,minimal_corrected,phase2
2019,7,>=90,,RSV,minimal_corrected,phase2
2019,8,<1,10.714285714285714,RSV,minimal_corrected,phase2
2019,8,1-3,8.962264150943396,RSV,minimal_corrected,phase2
2019,8,4-12,2.7472527472527477,RSV,minimal_corrected,phase2
2019,8,13-17,,RSV,minimal_corrected,phase2
2019,8,18-44,,RSV,minimal_corrected,phase2
2019,8,45-59,,RSV,minimal_corrected,phase2
2019,8,60-74,0.0,RSV,minimal_corrected,phase2
2019,8,75-89,,RSV,minimal_corrected,phase2
2019,8,>=90,,RSV,minimal_corrected,phase2
2019,9,<1,31.666666666666664,RSV,minimal_corrected,phase2
2019,9,1-3,16.091954022988507,RSV,minimal_corrected,phase2
2019,9,4-12,0.0,RSV,minimal_corrected,phase2
2019,9,13-17,,RSV,minimal_corrected,phase2
2019,9,18-44,,RSV,minimal_corrected,phase2
2019,9,45-59,,RSV,minimal_corrected,phase2
2019,9,60-74,,RSV,minimal_corrected,phase2
2019,9,75-89,0.0,RSV,minimal_corrected,phase2
2019,9,>=90,,RSV,minimal_corrected,phase2
2019,10,<1,17.91044776119403,RSV,minimal_corrected,phase2
2019,10,1-3,11.538461538461538,RSV,minimal_corrected,phase2
2019,10,4-12,1.1494252873563218,RSV,minimal_corrected,phase2
2019,10,13-17,,RSV,minimal_corrected,phase2
2019,10,18-44,,RSV,minimal_corrected,phase2
2019,10,45-59,,RSV,minimal_corrected,phase2
2019,10,60-74,,RSV,minimal_corrected,phase2
2019,10,75-89,,RSV,minimal_corrected,phase2
2019,10,>=90,,RSV,minimal_corrected,phase2
2019,11,<1,12.0,RSV,minimal_corrected,phase2
2019,11,1-3,2.803738317757009,RSV,minimal_corrected,phase2
2019,11,4-12,0.0,RSV,minimal_corrected,phase2
2019,11,13-17,,RSV,minimal_corrected,phase2
2019,11,18-44,,RSV,minimal_corrected,phase2
2019,11,45-59,0.0,RSV,minimal_corrected,phase2
2019,11,60-74,0.0,RSV,minimal_corrected,phase2
2019,11,75-89,0.0,RSV,minimal_corrected,phase2
2019,11,>=90,,RSV,minimal_corrected,phase2
2019,12,<1,22.22222222222222,RSV,minimal_corrected,phase2
2019,12,1-3,17.16417910447761,RSV,minimal_corrected,phase2
2019,12,4-12,3.8461538461538463,RSV,minimal_corrected,phase2
2019,12,13-17,,RSV,minimal_corrected,phase2
2019,12,18-44,,RSV,minimal_corrected,phase2
2019,12,45-59,,RSV,minimal_corrected,phase2
2019,12,60-74,0.0,RSV,minimal_corrected,phase2
2019,12,75-89,0.0,RSV,minimal_corrected,phase2
2019,12,>=90,,RSV,minimal_corrected,phase2
2020,1,<1,50.0,RSV,minimal_corrected,phase2
2020,1,1-3,37.5,RSV,minimal_corrected,phase2
2020,1,4-12,8.51063829787234,RSV,minimal_corrected,phase2
2020,1,13-17,,RSV,minimal_corrected,phase2
2020,1,18-44,0.0,RSV,minimal_corrected,phase2
2020,1,45-59,3.7037037037037033,RSV,minimal_corrected,phase2
2020,1,60-74,0.0,RSV,minimal_corrected,phase2
2020,1,75-89,1.2345679012345678,RSV,minimal_corrected,phase2
2020,1,>=90,0.0,RSV,minimal_corrected,phase2
2020,2,<1,20.51282051282051,RSV,minimal_corrected,phase2
2020,2,1-3,25.0,RSV,minimal_corrected,phase2
2020,2,4-12,4.918032786885246,RSV,minimal_corrected,phase2
2020,2,13-17,,RSV,minimal_corrected,phase2
2020,2,18-44,0.0,RSV,minimal_corrected,phase2
2020,2,45-59,0.0,RSV,minimal_corrected,phase2
2020,2,60-74,0.5780346820809248,RSV,minimal_corrected,phase2
2020,2,75-89,1.3888888888888888,RSV,minimal_corrected,phase2
2020,2,>=90,0.0,RSV,minimal_corrected,phase2
2020,3,<1,0.0,RSV,minimal_corrected,phase2
2020,3,1-3,6.521739130434782,RSV,minimal_corrected,phase2
2020,3,4-12,0.0,RSV,minimal_corrected,phase2
2020,3,13-17,,RSV,minimal_corrected,phase2
2020,3,18-44,0.0,RSV,minimal_corrected,phase2
2020,3,45-59,0.0,RSV,minimal_corrected,phase2
2020,3,60-74,0.0,RSV,minimal_corrected,phase2
2020,3,75-89,1.5384615384615383,RSV,minimal_corrected,phase2
2020,3,>=90,0.0,RSV,minimal_corrected,phase2
2020,4,<1,4.545454545454546,RSV,minimal_corrected,phase2
2020,4,1-3,3.0303030303030303,RSV,minimal_corrected,phase2
2020,4,4-12,0.0,RSV,minimal_corrected,phase2
2020,4,13-17,,RSV,minimal_corrected,phase2
2020,4,18-44,0.0,RSV,minimal_corrected,phase2
2020,4,45-59,0.0,RSV,minimal_corrected,phase2
2020,4,60-74,0.0,RSV,minimal_corrected,phase2
2020,4,75-89,0.0,RSV,minimal_corrected,phase2
2020,4,>=90,0.0,RSV,minimal_corrected,phase2
2020,5,<1,,RSV,minimal_corrected,phase2
2020,5,1-3,0.0,RSV,minimal_corrected,phase2
2020,5,4-12,0.0,RSV,minimal_corrected,phase2
2020,5,13-17,,RSV,minimal_corrected,phase2
2020,5,18-44,,RSV,minimal_corrected,phase2
2020,5,45-59,0.0,RSV,minimal_corrected,phase2
2020,5,60-74,,RSV,minimal_corrected,phase2
2020,5,75-89,0.0,RSV,minimal_corrected,phase2
2020,5,>=90,0.0,RSV,minimal_corrected,phase2
2020,6,<1,0.0,RSV,minimal_corrected,phase2
2020,6,1-3,0.0,RSV,minimal_corrected,phase2
2020,6,4-12,0.0,RSV,minimal_corrected,phase2
2020,6,13-17,,RSV,minimal_corrected,phase2
2020,6,18-44,,RSV,minimal_corrected,phase2
2020,6,45-59,,RSV,minimal_corrected,phase2
2020,6,60-74,0.0,RSV,minimal_corrected,phase2
2020,6,75-89,0.0,RSV,minimal_corrected,phase2
2020,6,>=90,0.0,RSV,minimal_corrected,phase2
2020,7,<1,3.333333333333333,RSV,minimal_corrected,phase2
2020,7,1-3,2.564102564102564,RSV,minimal_corrected,phase2
2020,7,4-12,,RSV,minimal_corrected,phase2
2020,7,13-17,,RSV,minimal_corrected,phase2
2020,7,18-44,,RSV,minimal_corrected,phase2
2020,7,45-59,,RSV,minimal_corrected,phase2
2020,7,60-74,,RSV,minimal_corrected,phase2
2020,7,75-89,0.0,RSV,minimal_corrected,phase2
2020,7,>=90,0.0,RSV,minimal_corrected,phase2
2020,8,<1,,RSV,minimal_corrected,phase2
2020,8,1-3,10.81081081081081,RSV,minimal_corrected,phase2
2020,8,4-12,4.545454545454546,RSV,minimal_corrected,phase2
2020,8,13-17,,RSV,minimal_corrected,phase2
2020,8,18-44,,RSV,minimal_corrected,phase2
2020,8,45-59,,RSV,minimal_corrected,phase2
2020,8,60-74,,RSV,minimal_corrected,phase2
2020,8,75-89,0.0,RSV,minimal_corrected,phase2
2020,8,>=90,0.0,RSV,minimal_corrected,phase2
2020,9,<1,28.947368421052637,RSV,minimal_corrected,phase2
2020,9,1-3,51.21951219512195,RSV,minimal_corrected,phase2
2020,9,4-12,8.0,RSV,minimal_corrected,phase2
2020,9,13-17,,RSV,minimal_corrected,phase2
2020,9,18-44,,RSV,minimal_corrected,phase2
2020,9,45-59,,RSV,minimal_corrected,phase2
2020,9,60-74,4.545454545454546,RSV,minimal_corrected,phase2
2020,9,75-89,0.0,RSV,minimal_corrected,phase2
2020,9,>=90,0.0,RSV,minimal_corrected,phase2
2020,10,<1,35.483870967741936,RSV,minimal_corrected,phase2
2020,10,1-3,34.61538461538461,RSV,minimal_corrected,phase2
2020,10,4-12,,RSV,minimal_corrected,phase2
2020,10,13-17,,RSV,minimal_corrected,phase2
2020,10,18-44,,RSV,minimal_corrected,phase2
2020,10,45-59,,RSV,minimal_corrected,phase2
2020,10,60-74,,RSV,minimal_corrected,phase2
2020,10,75-89,0.0,RSV,minimal_corrected,phase2
2020,10,>=90,0.0,RSV,minimal_corrected,phase2
2020,11,<1,33.33333333333333,RSV,minimal_corrected,phase2
2020,11,1-3,23.684210526315788,RSV,minimal_corrected,phase2
2020,11,4-12,,RSV,minimal_corrected,phase2
2020,11,13-17,,RSV,minimal_corrected,phase2
2020,11,18-44,,RSV,minimal_corrected,phase2
2020,11,45-59,,RSV,minimal_corrected,phase2
2020,11,60-74,,RSV,minimal_corrected,phase2
2020,11,75-89,0.0,RSV,minimal_corrected,phase2
2020,11,>=90,0.0,RSV,minimal_corrected,phase2
2020,12,<1,21.052631578947366,RSV,minimal_corrected,phase2
2020,12,1-3,7.6923076923076925,RSV,minimal_corrected,phase2
2020,12,4-12,,RSV,minimal_corrected,phase2
2020,12,13-17,,RSV,minimal_corrected,phase2
2020,12,18-44,,RSV,minimal_corrected,phase2
2020,12,45-59,,RSV,minimal_corrected,phase2
2020,12,60-74,,RSV,minimal_corrected,phase2
2020,12,75-89,0.0,RSV,minimal_corrected,phase2
2020,12,>=90,0.0,RSV,minimal_corrected,phase2
2021,1,<1,4.0,RSV,minimal_corrected,phase2
2021,1,1-3,10.0,RSV,minimal_corrected,phase2
2021,1,4-12,,RSV,minimal_corrected,phase2
2021,1,13-17,,RSV,minimal_corrected,phase2
2021,1,18-44,,RSV,minimal_corrected,phase2
2021,1,45-59,,RSV,minimal_corrected,phase2
2021,1,60-74,0.0,RSV,minimal_corrected,phase2
2021,1,75-89,0.0,RSV,minimal_corrected,phase2
2021,1,>=90,0.0,RSV,minimal_corrected,phase2
2021,2,<1,,RSV,minimal_corrected,phase2
2021,2,1-3,,RSV,minimal_corrected,phase2
2021,2,4-12,,RSV,minimal_corrected,phase2
2021,2,13-17,,RSV,minimal_corrected,phase2
2021,2,18-44,,RSV,minimal_corrected,phase2
2021,2,45-59,,RSV,minimal_corrected,phase2
2021,2,60-74,,RSV,minimal_corrected,phase2
2021,2,75-89,0.0,RSV,minimal_corrected,phase2
2021,2,>=90,0.0,RSV,minimal_corrected,phase2
2021,3,<1,,RSV,minimal_corrected,phase2
2021,3,1-3,,RSV,minimal_corrected,phase2
2021,3,4-12,,RSV,minimal_corrected,phase2
2021,3,13-17,,RSV,minimal_corrected,phase2
2021,3,18-44,,RSV,minimal_corrected,phase2
2021,3,45-59,,RSV,minimal_corrected,phase2
2021,3,60-74,0.0,RSV,minimal_corrected,phase2
2021,3,75-89,0.0,RSV,minimal_corrected,phase2
2021,3,>=90,0.0,RSV,minimal_corrected,phase2
2021,4,<1,,RSV,minimal_corrected,phase2
2021,4,1-3,,RSV,minimal_corrected,phase2
2021,4,4-12,,RSV,minimal_corrected,phase2
2021,4,13-17,,RSV,minimal_corrected,phase2
2021,4,18-44,,RSV,minimal_corrected,phase2
2021,4,45-59,0.0,RSV,minimal_corrected,phase2
2021,4,60-74,0.0,RSV,minimal_corrected,phase2
2021,4,75-89,0.0,RSV,minimal_corrected,phase2
2021,4,>=90,0.0,RSV,minimal_corrected,phase2
2021,5,<1,19.047619047619047,RSV,minimal_corrected,phase2
2021,5,1-3,9.090909090909092,RSV,minimal_corrected,phase2
2021,5,4-12,,RSV,minimal_corrected,phase2
2021,5,13-17,,RSV,minimal_corrected,phase2
2021,5,18-44,,RSV,minimal_corrected,phase2
2021,5,45-59,,RSV,minimal_corrected,phase2
2021,5,60-74,,RSV,minimal_corrected,phase2
2021,5,75-89,0.0,RSV,minimal_corrected,phase2
2021,5,>=90,0.0,RSV,minimal_corrected,phase2
2021,6,<1,55.73770491803278,RSV,minimal_corrected,phase2
2021,6,1-3,36.36363636363637,RSV,minimal_corrected,phase2
2021,6,4-12,15.0,RSV,minimal_corrected,phase2
2021,6,18-44,0.0,RSV,minimal_corrected,phase2
2021,6,45-59,,RSV,minimal_corrected,phase2
2021,6,60-74,0.0,RSV,minimal_corrected,phase2
2021,6,75-89,0.0,RSV,minimal_corrected,phase2
2021,6,>=90,0.0,RSV,minimal_corrected,phase2
2021,7,<1,65.88235294117646,RSV,minimal_corrected,phase2
2021,7,1-3,62.66666666666667,RSV,minimal_corrected,phase2
2021,7,4-12,25.925925925925924,RSV,minimal_corrected,phase2
2021,7,13-17,,RSV,minimal_corrected,phase2
2021,7,18-44,,RSV,minimal_corrected,phase2
2021,7,45-59,,RSV,minimal_corrected,phase2
2021,7,60-74,,RSV,minimal_corrected,phase2
2021,7,75-89,5.769230769230769,RSV,minimal_corrected,phase2
2021,7,>=90,10.344827586206897,RSV,minimal_corrected,phase2
2021,8,<1,61.42857142857143,RSV,minimal_corrected,phase2
2021,8,1-3,67.3469387755102,RSV,minimal_corrected,phase2
2021,8,4-12,,RSV,minimal_corrected,phase2
2021,8,13-17,,RSV,minimal_corrected,phase2
2021,8,18-44,,RSV,minimal_corrected,phase2
2021,8,45-59,,RSV,minimal_corrected,phase2
2021,8,60-74,,RSV,minimal_corrected,phase2
2021,8,75-89,3.389830508474576,RSV,minimal_corrected,phase2
2021,8,>=90,0.0,RSV,minimal_corrected,phase2
2021,9,<1,69.56521739130434,RSV,minimal_corrected,phase2
2021,9,1-3,,RSV,minimal_corrected,phase2
2021,9,4-12,,RSV,minimal_corrected,phase2
2021,9,18-44,,RSV,minimal_corrected,phase2
2021,9,45-59,,RSV,minimal_corrected,phase2
2021,9,60-74,,RSV,minimal_corrected,phase2
2021,9,75-89,0.0,RSV,minimal_corrected,phase2
2021,9,>=90,0.0,RSV,minimal_corrected,phase2
2021,10,<1,,RSV,minimal_corrected,phase2
2021,10,1-3,,RSV,minimal_corrected,phase2
2021,10,4-12,,RSV,minimal_corrected,phase2
2021,10,13-17,,RSV,minimal_corrected,phase2
2021,10,18-44,,RSV,minimal_corrected,phase2
2021,10,45-59,,RSV,minimal_corrected,phase2
2021,10,60-74,,RSV,minimal_corrected,phase2
2021,10,75-89,0.0,RSV,minimal_corrected,phase2
2021,10,>=90,0.0,RSV,minimal_corrected,phase2
2021,11,<1,2.857142857142857,RSV,minimal_corrected,phase2
2021,11,1-3,0.0,RSV,minimal_corrected,phase2
2021,11,4-12,0.0,RSV,minimal_corrected,phase2
2021,11,13-17,,RSV,minimal_corrected,phase2
2021,11,18-44,,RSV,minimal_corrected,phase2
2021,11,45-59,,RSV,minimal_corrected,phase2
2021,11,60-74,,RSV,minimal_corrected,phase2
2021,11,75-89,0.0,RSV,minimal_corrected,phase2
2021,11,>=90,0.0,RSV,minimal_corrected,phase2
2021,12,<1,3.0303030303030303,RSV,minimal_corrected,phase2
2021,12,1-3,3.125,RSV,minimal_corrected,phase2
2021,12,4-12,0.0,RSV,minimal_corrected,phase2
2021,12,13-17,,RSV,minimal_corrected,phase2
2021,12,18-44,,RSV,minimal_corrected,phase2
2021,12,45-59,,RSV,minimal_corrected,phase2
2021,12,60-74,0.0,RSV,minimal_corrected,phase2
2021,12,75-89,0.0,RSV,minimal_corrected,phase2
2021,12,>=90,0.0,RSV,minimal_corrected,phase2
2022,1,<1,5.0,RSV,minimal_corrected,phase2
2022,1,1-3,6.976744186046512,RSV,minimal_corrected,phase2
2022,1,4-12,0.0,RSV,minimal_corrected,phase2
2022,1,13-17,,RSV,minimal_corrected,phase2
2022,1,18-44,,RSV,minimal_corrected,phase2
2022,1,45-59,,RSV,minimal_corrected,phase2
2022,1,60-74,3.0303030303030303,RSV,minimal_corrected,phase2
2022,1,75-89,0.0,RSV,minimal_corrected,phase2
2022,1,>=90,0.0,RSV,minimal_corrected,phase2
2022,2,<1,21.428571428571427,RSV,minimal_corrected,phase2
2022,2,1-3,16.129032258064516,RSV,minimal_corrected,phase2
2022,2,4-12,,RSV,minimal_corrected,phase2
2022,2,13-17,,RSV,minimal_corrected,phase2
2022,2,18-44,,RSV,minimal_corrected,phase2
2022,2,45-59,,RSV,minimal_corrected,phase2
2022,2,60-74,0.0,RSV,minimal_corrected,phase2
2022,2,75-89,0.0,RSV,minimal_corrected,phase2
2022,2,>=90,0.0,RSV,minimal_corrected,phase2
2022,3,<1,25.925925925925924,RSV,minimal_corrected,phase2
2022,3,1-3,14.285714285714285,RSV,minimal_corrected,phase2
2022,3,4-12,4.444444444444445,RSV,minimal_corrected,phase2
2022,3,13-17,,RSV,minimal_corrected,phase2
2022,3,18-44,0.0,RSV,minimal_corrected,phase2
2022,3,45-59,2.941176470588235,RSV,minimal_corrected,phase2
2022,3,60-74,0.0,RSV,minimal_corrected,phase2
2022,3,75-89,0.0,RSV,minimal_corrected,phase2
2022,3,>=90,0.0,RSV,minimal_corrected,phase2
2022,4,<1,6.8181818181818175,RSV,minimal_corrected,phase2
2022,4,1-3,4.651162790697675,RSV,minimal_corrected,phase2
2022,4,4-12,0.0,RSV,minimal_corrected,phase2
2022,4,13-17,,RSV,minimal_corrected,phase2
2022,4,18-44,0.0,RSV,minimal_corrected,phase2
2022,4,45-59,0.0,RSV,minimal_corrected,phase2
2022,4,60-74,0.0,RSV,minimal_corrected,phase2
2022,4,75-89,0.0,RSV,minimal_corrected,phase2
2022,4,>=90,0.0,RSV,minimal_corrected,phase2
2022,5,<1,9.090909090909092,RSV,minimal_corrected,phase2
2022,5,1-3,1.6666666666666667,RSV,minimal_corrected,phase2
2022,5,4-12,2.941176470588235,RSV,minimal_corrected,phase2
2022,5,13-17,,RSV,minimal_corrected,phase2
2022,5,18-44,0.0,RSV,minimal_corrected,phase2
2022,5,45-59,0.0,RSV,minimal_corrected,phase2
2022,5,60-74,0.0,RSV,minimal_corrected,phase2
2022,5,75-89,0.0,RSV,minimal_corrected,phase2
2022,5,>=90,0.0,RSV,minimal_corrected,phase2
2022,6,<1,17.307692307692307,RSV,minimal_corrected,phase2
2022,6,1-3,9.090909090909092,RSV,minimal_corrected,phase2
2022,6,4-12,1.2345679012345678,RSV,minimal_corrected,phase2
2022,6,13-17,,RSV,minimal_corrected,phase2
2022,6,18-44,0.0,RSV,minimal_corrected,phase2
2022,6,45-59,0.0,RSV,minimal_corrected,phase2
2022,6,60-74,0.0,RSV,minimal_corrected,phase2
2022,6,75-89,0.0,RSV,minimal_corrected,phase2
2022,6,>=90,0.0,RSV,minimal_corrected,phase2
2022,7,<1,25.806451612903224,RSV,minimal_corrected,phase2
2022,7,1-3,18.421052631578945,RSV,minimal_corrected,phase2
2022,7,4-12,6.666666666666667,RSV,minimal_corrected,phase2
2022,7,13-17,,RSV,minimal_corrected,phase2
2022,7,18-44,1.851851851851852,RSV,minimal_corrected,phase2
2022,7,45-59,0.0,RSV,minimal_corrected,phase2
2022,7,60-74,0.0,RSV,minimal_corrected,phase2
2022,7,75-89,1.5873015873015872,RSV,minimal_corrected,phase2
2022,7,>=90,0.0,RSV,minimal_corrected,phase2
2022,8,<1,40.81632653061224,RSV,minimal_corrected,phase2
2022,8,1-3,25.882352941176475,RSV,minimal_corrected,phase2
2022,8,4-12,8.695652173913043,RSV,minimal_corrected,phase2
2022,8,13-17,,RSV,minimal_corrected,phase2
2022,8,18-44,2.380952380952381,RSV,minimal_corrected,phase2
2022,8,45-59,1.8867924528301887,RSV,minimal_corrected,phase2
2022,8,60-74,0.0,RSV,minimal_corrected,phase2
2022,8,75-89,0.0,RSV,minimal_corrected,phase2
2022,8,>=90,0.0,RSV,minimal_corrected,phase2
2022,9,<1,14.285714285714285,RSV,minimal_corrected,phase2
2022,9,1-3,17.857142857142858,RSV,minimal_corrected,phase2
2022,9,4-12,0.0,RSV,minimal_corrected,phase2
2022,9,13-17,,RSV,minimal_corrected,phase2
2022,9,18-44,0.0,RSV,minimal_corrected,phase2
2022,9,45-59,0.0,RSV,minimal_corrected,phase2
2022,9,60-74,0.0,RSV,minimal_corrected,phase2
2022,9,75-89,1.8867924528301887,RSV,minimal_corrected,phase2
2022,9,>=90,0.0,RSV,minimal_corrected,phase2
2022,10,<1,18.75,RSV,minimal_corrected,phase2
2022,10,1-3,18.30985915492958,RSV,minimal_corrected,phase2
2022,10,4-12,4.477611940298507,RSV,minimal_corrected,phase2
2022,10,13-17,,RSV,minimal_corrected,phase2
2022,10,18-44,0.0,RSV,minimal_corrected,phase2
2022,10,45-59,0.0,RSV,minimal_corrected,phase2
2022,10,60-74,0.0,RSV,minimal_corrected,phase2
2022,10,75-89,0.0,RSV,minimal_corrected,phase2
2022,10,>=90,0.0,RSV,minimal_corrected,phase2
2022,11,<1,16.3265306122449,RSV,minimal_corrected,phase2
2022,11,1-3,7.4074074074074066,RSV,minimal_corrected,phase2
2022,11,4-12,3.75,RSV,minimal_corrected,phase2
2022,11,13-17,,RSV,minimal_corrected,phase2
2022,11,18-44,0.0,RSV,minimal_corrected,phase2
2022,11,45-59,0.0,RSV,minimal_corrected,phase2
2022,11,60-74,0.0,RSV,minimal_corrected,phase2
2022,11,75-89,0.0,RSV,minimal_corrected,phase2
2022,11,>=90,0.0,RSV,minimal_corrected,phase2
2022,12,<1,16.39344262295082,RSV,minimal_corrected,phase2
2022,12,1-3,26.923076923076923,RSV,minimal_corrected,phase2
2022,12,4-12,11.76470588235294,RSV,minimal_corrected,phase2
2022,12,13-17,,RSV,minimal_corrected,phase2
2022,12,18-44,0.0,RSV,minimal_corrected,phase2
2022,12,45-59,2.272727272727273,RSV,minimal_corrected,phase2
2022,12,60-74,0.0,RSV,minimal_corrected,phase2
2022,12,75-89,0.9009009009009008,RSV,minimal_corrected,phase2
2022,12,>=90,0.0,RSV,minimal_corrected,phase2
2023,1,<1,2.5316455696202533,RSV,minimal_corrected,phase2
2023,1,1-3,3.125,RSV,minimal_corrected,phase2
2023,1,4-12,0.0,RSV,minimal_corrected,phase2
2023,1,13-17,,RSV,minimal_corrected,phase2
2023,1,18-44,0.0,RSV,minimal_corrected,phase2
2023,1,45-59,0.0,RSV,minimal_corrected,phase2
2023,1,60-74,0.0,RSV,minimal_corrected,phase2
2023,1,75-89,0.0,RSV,minimal_corrected,phase2
2023,1,>=90,0.0,RSV,minimal_corrected,phase2
2023,2,<1,3.571428571428571,RSV,minimal_corrected,phase2
2023,2,1-3,6.0606060606060606,RSV,minimal_corrected,phase2
2023,2,4-12,0.0,RSV,minimal_corrected,phase2
2023,2,13-17,,RSV,minimal_corrected,phase2
2023,2,18-44,0.0,RSV,minimal_corrected,phase2
2023,2,45-59,0.0,RSV,minimal_corrected,phase2
2023,2,60-74,0.0,RSV,minimal_corrected,phase2
2023,2,75-89,0.0,RSV,minimal_corrected,phase2
2023,2,>=90,0.0,RSV,minimal_corrected,phase2
2023,3,<1,3.278688524590164,RSV,minimal_corrected,phase2
2023,3,1-3,4.3478260869565215,RSV,minimal_corrected,phase2
2023,3,4-12,1.2121212121212122,RSV,minimal_corrected,phase2
2023,3,13-17,0.0,RSV,minimal_corrected,phase2
2023,3,18-44,0.0,RSV,minimal_corrected,phase2
2023,3,45-59,0.0,RSV,minimal_corrected,phase2
2023,3,60-74,0.0,RSV,minimal_corrected,phase2
2023,3,75-89,0.0,RSV,minimal_corrected,phase2
2023,3,>=90,0.0,RSV,minimal_corrected,phase2
2023,4,<1,15.0,RSV,minimal_corrected,phase2
2023,4,1-3,14.285714285714285,RSV,minimal_corrected,phase2
2023,4,4-12,2.941176470588235,RSV,minimal_corrected,phase2
2023,4,13-17,0.0,RSV,minimal_corrected,phase2
2023,4,18-44,0.0,RSV,minimal_corrected,phase2
2023,4,45-59,0.6535947712418301,RSV,minimal_corrected,phase2
2023,4,60-74,0.0,RSV,minimal_corrected,phase2
2023,4,75-89,0.0,RSV,minimal_corrected,phase2
2023,4,>=90,0.0,RSV,minimal_corrected,phase2
2023,5,<1,23.684210526315788,RSV,minimal_corrected,phase2
2023,5,1-3,32.64248704663213,RSV,minimal_corrected,phase2
2023,5,4-12,10.2803738317757,RSV,minimal_corrected,phase2
2023,5,13-17,0.0,RSV,minimal_corrected,phase2
2023,5,18-44,0.33003300330033,RSV,minimal_corrected,phase2
2023,5,45-59,0.0,RSV,minimal_corrected,phase2
2023,5,60-74,0.6622516556291391,RSV,minimal_corrected,phase2
2023,5,75-89,0.3891050583657587,RSV,minimal_corrected,phase2
2023,5,>=90,1.7777777777777777,RSV,minimal_corrected,phase2
2023,6,<1,45.0,RSV,minimal_corrected,phase2
2023,6,1-3,46.27450980392157,RSV,minimal_corrected,phase2
2023,6,4-12,20.0,RSV,minimal_corrected,phase2
2023,6,13-17,5.0,RSV,minimal_corrected,phase2
2023,6,18-44,4.761904761904762,RSV,minimal_corrected,phase2
2023,6,45-59,0.9523809523809524,RSV,minimal_corrected,phase2
2023,6,60-74,1.25,RSV,minimal_corrected,phase2
2023,6,75-89,0.0,RSV,minimal_corrected,phase2
2023,6,>=90,3.167420814479638,RSV,minimal_corrected,phase2
2023,7,<1,40.909090909090914,RSV,minimal_corrected,phase2
2023,7,1-3,43.83561643835616,RSV,minimal_corrected,phase2
2023,7,4-12,14.942528735632186,RSV,minimal_corrected,phase2
2023,7,13-17,,RSV,minimal_corrected,phase2
2023,7,18-44,3.7735849056603774,RSV,minimal_corrected,phase2
2023,7,45-59,5.194805194805195,RSV,minimal_corrected,phase2
2023,7,60-74,4.511278195488721,RSV,minimal_corrected,phase2
2023,7,75-89,2.8169014084507045,RSV,minimal_corrected,phase2
2023,7,>=90,1.9900497512437807,RSV,minimal_corrected,phase2
2023,8,<1,45.45454545454545,RSV,minimal_corrected,phase2
2023,8,1-3,31.349206349206348,RSV,minimal_corrected,phase2
2023,8,4-12,5.154639175257731,RSV,minimal_corrected,phase2
2023,8,13-17,4.166666666666666,RSV,minimal_corrected,phase2
2023,8,18-44,1.4705882352941175,RSV,minimal_corrected,phase2
2023,8,45-59,5.714285714285714,RSV,minimal_corrected,phase2
2023,8,60-74,7.43801652892562,RSV,minimal_corrected,phase2
2023,8,75-89,0.7462686567164178,RSV,minimal_corrected,phase2
2023,8,>=90,1.2048192771084338,RSV,minimal_corrected,phase2
2023,9,<1,34.523809523809526,RSV,minimal_corrected,phase2
2023,9,1-3,28.065395095367844,RSV,minimal_corrected,phase2
2023,9,4-12,4.990757855822551,RSV,minimal_corrected,phase2
2023,9,13-17,8.333333333333332,RSV,minimal_corrected,phase2
2023,9,18-44,2.941176470588235,RSV,minimal_corrected,phase2
2023,9,45-59,2.409638554216868,RSV,minimal_corrected,phase2
2023,9,60-74,7.5,RSV,minimal_corrected,phase2
2023,9,75-89,2.564102564102564,RSV,minimal_corrected,phase2
2023,9,>=90,1.8691588785046729,RSV,minimal_corrected,phase2
2023,10,<1,18.0,RSV,minimal_corrected,phase2
2023,10,1-3,11.900532859680284,RSV,minimal_corrected,phase2
2023,10,4-12,2.4879614767255216,RSV,minimal_corrected,phase2
2023,10,13-17,0.0,RSV,minimal_corrected,phase2
2023,10,18-44,0.0,RSV,minimal_corrected,phase2
2023,10,45-59,0.99009900990099,RSV,minimal_corrected,phase2
2023,10,60-74,3.361344537815126,RSV,minimal_corrected,phase2
2023,10,75-89,3.669724770642202,RSV,minimal_corrected,phase2
2023,10,>=90,1.2048192771084338,RSV,minimal_corrected,phase2
2023,11,<1,4.901960784313726,RSV,minimal_corrected,phase2
2023,11,1-3,3.778677462887989,RSV,minimal_corrected,phase2
2023,11,4-12,0.7899461400359067,RSV,minimal_corrected,phase2
2023,11,13-17,0.851063829787234,RSV,minimal_corrected,phase2
2023,11,18-44,0.0,RSV,minimal_corrected,phase2
2023,11,45-59,0.0,RSV,minimal_corrected,phase2
2023,11,60-74,0.4424778761061947,RSV,minimal_corrected,phase2
2023,11,75-89,1.4084507042253522,RSV,minimal_corrected,phase2
2023,11,>=90,0.0,RSV,minimal_corrected,phase2
2023,12,<1,1.9230769230769231,RSV,minimal_corrected,phase2
2023,12,1-3,0.5008347245409015,RSV,minimal_corrected,phase2
2023,12,4-12,0.2752293577981651,RSV,minimal_corrected,phase2
2023,12,13-17,0.0,RSV,minimal_corrected,phase2
2023,12,18-44,0.0,RSV,minimal_corrected,phase2
2023,12,45-59,0.0,RSV,minimal_corrected,phase2
2023,12,60-74,0.7692307692307693,RSV,minimal_corrected,phase2
2023,12,75-89,0.0,RSV,minimal_corrected,phase2
2023,12,>=90,0.0,RSV,minimal_corrected,phase2
2024,1,<1,,RSV,minimal_corrected,phase2
2024,1,1-3,,RSV,minimal_corrected,phase2
2024,1,4-12,,RSV,minimal_corrected,phase2
2024,1,13-17,,RSV,minimal_corrected,phase2
2024,1,18-44,0.0,RSV,minimal_corrected,phase2
2024,1,45-59,0.0,RSV,minimal_corrected,phase2
2024,1,60-74,0.0,RSV,minimal_corrected,phase2
2024,1,75-89,0.0,RSV,minimal_corrected,phase2
2024,1,>=90,0.0,RSV,minimal_corrected,phase2
2024,2,<1,,RSV,minimal_corrected,phase2
2024,2,4-12,,RSV,minimal_corrected,phase2
2024,2,13-17,,RSV,minimal_corrected,phase2
2024,2,18-44,0.0,RSV,minimal_corrected,phase2
2024,2,45-59,0.0,RSV,minimal_corrected,phase2
2024,2,60-74,0.9803921568627452,RSV,minimal_corrected,phase2
2024,2,75-89,0.9259259259259258,RSV,minimal_corrected,phase2
2024,2,>=90,2.197802197802198,RSV,minimal_corrected,phase2
2024,3,<1,15.384615384615383,RSV,minimal_corrected,phase2
2024,3,4-12,,RSV,minimal_corrected,phase2
2024,3,13-17,,RSV,minimal_corrected,phase2
2024,3,18-44,0.0,RSV,minimal_corrected,phase2
2024,3,45-59,0.8403361344537815,RSV,minimal_corrected,phase2
2024,3,60-74,1.1363636363636365,RSV,minimal_corrected,phase2
2024,3,75-89,3.7735849056603774,RSV,minimal_corrected,phase2
2024,3,>=90,1.7391304347826086,RSV,minimal_corrected,phase2
2024,4,<1,,RSV,minimal_corrected,phase2
2024,4,1-3,,RSV,minimal_corrected,phase2
2024,4,4-12,,RSV,minimal_corrected,phase2
2024,4,13-17,,RSV,minimal_corrected,phase2
2024,4,18-44,0.0,RSV,minimal_corrected,phase2
2024,4,45-59,0.0,RSV,minimal_corrected,phase2
2024,4,60-74,1.7341040462427744,RSV,minimal_corrected,phase2
2024,4,75-89,0.9708737864077668,RSV,minimal_corrected,phase2
2024,4,>=90,0.0,RSV,minimal_corrected,phase2
2024,5,<1,,RSV,minimal_corrected,phase2
2024,5,4-12,,RSV,minimal_corrected,phase2
2024,5,13-17,,RSV,minimal_corrected,phase2
2024,5,18-44,0.0,RSV,minimal_corrected,phase2
2024,5,45-59,0.0,RSV,minimal_corrected,phase2
2024,5,60-74,1.36986301369863,RSV,minimal_corrected,phase2
2024,5,75-89,1.0416666666666663,RSV,minimal_corrected,phase2
2024,5,>=90,0.0,RSV,minimal_corrected,phase2
2024,6,<1,9.090909090909092,RSV,minimal_corrected,phase2
2024,6,1-3,,RSV,minimal_corrected,phase2
2024,6,4-12,,RSV,minimal_corrected,phase2
2024,6,13-17,,RSV,minimal_corrected,phase2
2024,6,18-44,0.0,RSV,minimal_corrected,phase2
2024,6,45-59,0.0,RSV,minimal_corrected,phase2
2024,6,60-74,1.020408163265306,RSV,minimal_corrected,phase2
2024,6,75-89,1.2195121951219512,RSV,minimal_corrected,phase2
2024,6,>=90,0.0,RSV,minimal_corrected,phase2
2024,7,<1,,RSV,minimal_corrected,phase2
2024,7,1-3,,RSV,minimal_corrected,phase2
2024,7,4-12,,RSV,minimal_corrected,phase2
2024,7,13-17,,RSV,minimal_corrected,phase2
2024,7,18-44,2.702702702702702,RSV,minimal_corrected,phase2
2024,7,45-59,2.409638554216868,RSV,minimal_corrected,phase2
2024,7,60-74,4.310344827586207,RSV,minimal_corrected,phase2
2024,7,75-89,10.606060606060606,RSV,minimal_corrected,phase2
2024,7,>=90,4.819277108433735,RSV,minimal_corrected,phase2
2024,8,<1,,RSV,minimal_corrected,phase2
2024,8,1-3,,RSV,minimal_corrected,phase2
2024,8,4-12,,RSV,minimal_corrected,phase2
2024,8,18-44,0.0,RSV,minimal_corrected,phase2
2024,8,45-59,0.0,RSV,minimal_corrected,phase2
2024,8,60-74,2.380952380952381,RSV,minimal_corrected,phase2
2024,8,75-89,0.0,RSV,minimal_corrected,phase2
2024,8,>=90,2.857142857142857,RSV,minimal_corrected,phase2
2024,9,<1,,RSV,minimal_corrected,phase2
2024,9,4-12,,RSV,minimal_corrected,phase2
2024,9,13-17,,RSV,minimal_corrected,phase2
2024,9,18-44,0.0,RSV,minimal_corrected,phase2
2024,9,45-59,0.0,RSV,minimal_corrected,phase2
2024,9,60-74,2.985074626865672,RSV,minimal_corrected,phase2
2024,9,75-89,0.0,RSV,minimal_corrected,phase2
2024,9,>=90,1.7543859649122806,RSV,minimal_corrected,phase2
2024,10,<1,,RSV,minimal_corrected,phase2
2024,10,1-3,,RSV,minimal_corrected,phase2
2024,10,4-12,,RSV,minimal_corrected,phase2
2024,10,13-17,,RSV,minimal_corrected,phase2
2024,10,18-44,0.0,RSV,minimal_corrected,phase2
2024,10,45-59,,RSV,minimal_corrected,phase2
2024,10,60-74,5.128205128205128,RSV,minimal_corrected,phase2
2024,10,75-89,2.631578947368421,RSV,minimal_corrected,phase2
2024,10,>=90,2.0,RSV,minimal_corrected,phase2
2024,11,<1,,RSV,minimal_corrected,phase2
2024,11,1-3,,RSV,minimal_corrected,phase2
2024,11,4-12,,RSV,minimal_corrected,phase2
2024,11,13-17,,RSV,minimal_corrected,phase2
2024,11,18-44,,RSV,minimal_corrected,phase2
2024,11,45-59,0.0,RSV,minimal_corrected,phase2
2024,11,60-74,0.0,RSV,minimal_corrected,phase2
2024,11,75-89,0.0,RSV,minimal_corrected,phase2
2024,11,>=90,0.0,RSV,minimal_corrected,phase2
2024,12,<1,,RSV,minimal_corrected,phase2
2024,12,1-3,,RSV,minimal_corrected,phase2
2024,12,4-12,,RSV,minimal_corrected,phase2
2024,12,13-17,,RSV,minimal_corrected,phase2
2024,12,18-44,0.0,RSV,minimal_corrected,phase2
2024,12,45-59,,RSV,minimal_corrected,phase2
2024,12,60-74,0.0,RSV,minimal_corrected,phase2
2024,12,75-89,0.0,RSV,minimal_corrected,phase2
2024,12,>=90,0.0,RSV,minimal_corrected,phase2
2025,1,<1,8.98876404494382,RSV,minimal_corrected,phase2
2025,1,1-3,3.942652329749104,RSV,minimal_corrected,phase2
2025,1,4-12,1.3824884792626728,RSV,minimal_corrected,phase2
2025,1,13-17,0.0,RSV,minimal_corrected,phase2
2025,1,18-44,0.303951367781155,RSV,minimal_corrected,phase2
2025,1,45-59,0.0,RSV,minimal_corrected,phase2
2025,1,60-74,0.0,RSV,minimal_corrected,phase2
2025,1,75-89,0.4739336492890995,RSV,minimal_corrected,phase2
2025,1,>=90,0.0,RSV,minimal_corrected,phase2
2025,2,<1,9.473684210526317,RSV,minimal_corrected,phase2
2025,2,1-3,3.418803418803419,RSV,minimal_corrected,phase2
2025,2,4-12,0.7117437722419928,RSV,minimal_corrected,phase2
2025,2,13-17,0.0,RSV,minimal_corrected,phase2
2025,2,18-44,0.3875968992248062,RSV,minimal_corrected,phase2
2025,2,45-59,0.3533568904593639,RSV,minimal_corrected,phase2
2025,2,60-74,0.4987531172069825,RSV,minimal_corrected,phase2
2025,2,75-89,0.0,RSV,minimal_corrected,phase2
2025,2,>=90,0.0,RSV,minimal_corrected,phase2
2025,3,<1,11.76470588235294,RSV,minimal_corrected,phase2
2025,3,1-3,10.644257703081232,RSV,minimal_corrected,phase2
2025,3,4-12,3.71900826446281,RSV,minimal_corrected,phase2
2025,3,13-17,0.0,RSV,minimal_corrected,phase2
2025,3,18-44,1.4563106796116505,RSV,minimal_corrected,phase2
2025,3,45-59,0.425531914893617,RSV,minimal_corrected,phase2
2025,3,60-74,1.146131805157593,RSV,minimal_corrected,phase2
2025,3,75-89,0.4310344827586206,RSV,minimal_corrected,phase2
2025,3,>=90,0.0,RSV,minimal_corrected,phase2
2025,4,<1,11.643835616438356,RSV,minimal_corrected,phase2
2025,4,1-3,11.616161616161616,RSV,minimal_corrected,phase2
2025,4,4-12,1.627906976744186,RSV,minimal_corrected,phase2
2025,4,13-17,0.0,RSV,minimal_corrected,phase2
2025,4,18-44,1.0101010101010102,RSV,minimal_corrected,phase2
2025,4,45-59,0.0,RSV,minimal_corrected,phase2
2025,4,60-74,1.3227513227513228,RSV,minimal_corrected,phase2
2025,4,75-89,0.6329113924050633,RSV,minimal_corrected,phase2
2025,4,>=90,0.0,RSV,minimal_corrected,phase2
2025,5,<1,12.903225806451612,RSV,minimal_corrected,phase2
2025,5,1-3,16.94915254237288,RSV,minimal_corrected,phase2
2025,5,4-12,4.829545454545454,RSV,minimal_corrected,phase2
2025,5,13-17,0.0,RSV,minimal_corrected,phase2
2025,5,18-44,0.9433962264150944,RSV,minimal_corrected,phase2
2025,5,45-59,0.0,RSV,minimal_corrected,phase2
2025,5,60-74,1.3477088948787064,RSV,minimal_corrected,phase2
2025,5,75-89,0.0,RSV,minimal_corrected,phase2
2025,5,>=90,0.0,RSV,minimal_corrected,phase2
2025,6,<1,23.75,RSV,minimal_corrected,phase2
2025,6,1-3,24.489795918367346,RSV,minimal_corrected,phase2
2025,6,4-12,12.947658402203857,RSV,minimal_corrected,phase2
2025,6,13-17,4.444444444444445,RSV,minimal_corrected,phase2
2025,6,18-44,1.098901098901099,RSV,minimal_corrected,phase2
2025,6,45-59,0.0,RSV,minimal_corrected,phase2
2025,6,60-74,0.2967359050445104,RSV,minimal_corrected,phase2
2025,6,75-89,0.0,RSV,minimal_corrected,phase2
2025,6,>=90,1.5151515151515151,RSV,minimal_corrected,phase2
2025,7,<1,42.25352112676056,RSV,minimal_corrected,phase2
2025,7,1-3,53.453453453453456,RSV,minimal_corrected,phase2
2025,7,4-12,27.004219409282697,RSV,minimal_corrected,phase2
2025,7,13-17,10.714285714285714,RSV,minimal_corrected,phase2
2025,7,18-44,3.7593984962406015,RSV,minimal_corrected,phase2
2025,7,45-59,3.0303030303030303,RSV,minimal_corrected,phase2
2025,7,60-74,5.298013245033113,RSV,minimal_corrected,phase2
2025,7,75-89,1.342281879194631,RSV,minimal_corrected,phase2
2025,7,>=90,0.0,RSV,minimal_corrected,phase2
2025,8,<1,52.98507462686567,RSV,minimal_corrected,phase2
2025,8,1-3,42.56198347107439,RSV,minimal_corrected,phase2
2025,8,4-12,13.861386138613865,RSV,minimal_corrected,phase2
2025,8,13-17,,RSV,minimal_corrected,phase2
2025,8,18-44,4.918032786885246,RSV,minimal_corrected,phase2
2025,8,45-59,6.122448979591836,RSV,minimal_corrected,phase2
2025,8,60-74,5.555555555555555,RSV,minimal_corrected,phase2
2025,8,75-89,6.0344827586206895,RSV,minimal_corrected,phase2
2025,8,>=90,1.9230769230769231,RSV,minimal_corrected,phase2
2025,9,<1,46.0,RSV,minimal_corrected,phase2
2025,9,1-3,47.386759581881535,RSV,minimal_corrected,phase2
2025,9,4-12,15.22633744855967,RSV,minimal_corrected,phase2
2025,9,13-17,,RSV,minimal_corrected,phase2
2025,9,18-44,5.147058823529411,RSV,minimal_corrected,phase2
2025,9,45-59,2.73972602739726,RSV,minimal_corrected,phase2
2025,9,60-74,10.619469026548671,RSV,minimal_corrected,phase2
2025,9,75-89,10.852713178294572,RSV,minimal_corrected,phase2
2025,9,>=90,11.666666666666666,RSV,minimal_corrected,phase2
2025,10,<1,54.80769230769232,RSV,minimal_corrected,phase2
2025,10,1-3,41.02564102564102,RSV,minimal_corrected,phase2
2025,10,4-12,13.620071684587815,RSV,minimal_corrected,phase2
2025,10,13-17,5.88235294117647,RSV,minimal_corrected,phase2
2025,10,18-44,5.161290322580645,RSV,minimal_corrected,phase2
2025,10,45-59,2.4390243902439024,RSV,minimal_corrected,phase2
2025,10,60-74,3.982300884955752,RSV,minimal_corrected,phase2
2025,10,75-89,3.4782608695652173,RSV,minimal_corrected,phase2
2025,10,>=90,10.909090909090908,RSV,minimal_corrected,phase2
2025,11,<1,21.333333333333336,RSV,minimal_corrected,phase2
2025,11,1-3,9.7165991902834,RSV,minimal_corrected,phase2
2025,11,4-12,3.579952267303103,RSV,minimal_corrected,phase2
2025,11,13-17,0.9803921568627452,RSV,minimal_corrected,phase2
2025,11,18-44,0.0,RSV,minimal_corrected,phase2
2025,11,45-59,1.0810810810810811,RSV,minimal_corrected,phase2
2025,11,60-74,0.7462686567164178,RSV,minimal_corrected,phase2
2025,11,75-89,1.4925373134328357,RSV,minimal_corrected,phase2
2025,11,>=90,3.8461538461538463,RSV,minimal_corrected,phase2
2019,2,<1,,ADV,minimal_corrected,phase2
2019,2,1-3,,ADV,minimal_corrected,phase2
2019,2,18-44,,ADV,minimal_corrected,phase2
2019,2,45-59,,ADV,minimal_corrected,phase2
2019,2,60-74,,ADV,minimal_corrected,phase2
2019,3,<1,0.0,ADV,minimal_corrected,phase2
2019,3,1-3,17.857142857142858,ADV,minimal_corrected,phase2
2019,3,4-12,4.0,ADV,minimal_corrected,phase2
2019,3,13-17,,ADV,minimal_corrected,phase2
2019,3,18-44,,ADV,minimal_corrected,phase2
2019,3,45-59,,ADV,minimal_corrected,phase2
2019,3,60-74,,ADV,minimal_corrected,phase2
2019,3,75-89,,ADV,minimal_corrected,phase2
2019,4,<1,21.568627450980397,ADV,minimal_corrected,phase2
2019,4,1-3,32.78688524590164,ADV,minimal_corrected,phase2
2019,4,4-12,10.16949152542373,ADV,minimal_corrected,phase2
2019,4,13-17,,ADV,minimal_corrected,phase2
2019,4,18-44,,ADV,minimal_corrected,phase2
2019,4,45-59,,ADV,minimal_corrected,phase2
2019,4,60-74,,ADV,minimal_corrected,phase2
2019,4,75-89,0.0,ADV,minimal_corrected,phase2
2019,4,>=90,,ADV,minimal_corrected,phase2
2019,5,<1,38.63636363636363,ADV,minimal_corrected,phase2
2019,5,1-3,47.82608695652174,ADV,minimal_corrected,phase2
2019,5,4-12,27.659574468085108,ADV,minimal_corrected,phase2
2019,5,13-17,,ADV,minimal_corrected,phase2
2019,5,18-44,,ADV,minimal_corrected,phase2
2019,5,45-59,,ADV,minimal_corrected,phase2
2019,5,60-74,,ADV,minimal_corrected,phase2
2019,5,75-89,,ADV,minimal_corrected,phase2
2019,5,>=90,,ADV,minimal_corrected,phase2
2019,6,<1,13.114754098360656,ADV,minimal_corrected,phase2
2019,6,1-3,38.88888888888889,ADV,minimal_corrected,phase2
2019,6,4-12,26.05042016806723,ADV,minimal_corrected,phase2
2019,6,13-17,,ADV,minimal_corrected,phase2
2019,6,18-44,,ADV,minimal_corrected,phase2
2019,6,45-59,,ADV,minimal_corrected,phase2
2019,6,60-74,,ADV,minimal_corrected,phase2
2019,6,75-89,3.225806451612903,ADV,minimal_corrected,phase2
2019,6,>=90,,ADV,minimal_corrected,phase2
2019,7,<1,12.941176470588236,ADV,minimal_corrected,phase2
2019,7,1-3,45.0,ADV,minimal_corrected,phase2
2019,7,4-12,32.88590604026846,ADV,minimal_corrected,phase2
2019,7,13-17,,ADV,minimal_corrected,phase2
2019,7,18-44,,ADV,minimal_corrected,phase2
2019,7,45-59,,ADV,minimal_corrected,phase2
2019,7,60-74,,ADV,minimal_corrected,phase2
2019,7,75-89,0.0,ADV,minimal_corrected,phase2
2019,7,>=90,,ADV,minimal_corrected,phase2
2019,8,<1,13.095238095238097,ADV,minimal_corrected,phase2
2019,8,1-3,36.79245283018868,ADV,minimal_corrected,phase2
2019,8,4-12,32.417582417582416,ADV,minimal_corrected,phase2
2019,8,13-17,,ADV,minimal_corrected,phase2
2019,8,18-44,,ADV,minimal_corrected,phase2
2019,8,45-59,,ADV,minimal_corrected,phase2
2019,8,60-74,9.090909090909092,ADV,minimal_corrected,phase2
2019,8,75-89,,ADV,minimal_corrected,phase2
2019,8,>=90,,ADV,minimal_corrected,phase2
2019,9,<1,8.333333333333332,ADV,minimal_corrected,phase2
2019,9,1-3,19.54022988505747,ADV,minimal_corrected,phase2
2019,9,4-12,11.29032258064516,ADV,minimal_corrected,phase2
2019,9,13-17,,ADV,minimal_corrected,phase2
2019,9,18-44,,ADV,minimal_corrected,phase2
2019,9,45-59,,ADV,minimal_corrected,phase2
2019,9,60-74,,ADV,minimal_corrected,phase2
2019,9,75-89,0.0,ADV,minimal_corrected,phase2
2019,9,>=90,,ADV,minimal_corrected,phase2
2019,10,<1,8.955223880597014,ADV,minimal_corrected,phase2
2019,10,1-3,7.6923076923076925,ADV,minimal_corrected,phase2
2019,10,4-12,6.896551724137931,ADV,minimal_corrected,phase2
2019,10,13-17,,ADV,minimal_corrected,phase2
2019,10,18-44,,ADV,minimal_corrected,phase2
2019,10,45-59,,ADV,minimal_corrected,phase2
2019,10,60-74,,ADV,minimal_corrected,phase2
2019,10,75-89,,ADV,minimal_corrected,phase2
2019,10,>=90,,ADV,minimal_corrected,phase2
2019,11,<1,10.666666666666668,ADV,minimal_corrected,phase2
2019,11,1-3,7.476635514018691,ADV,minimal_corrected,phase2
2019,11,4-12,10.843373493975903,ADV,minimal_corrected,phase2
2019,11,13-17,,ADV,minimal_corrected,phase2
2019,11,18-44,,ADV,minimal_corrected,phase2
2019,11,45-59,0.0,ADV,minimal_corrected,phase2
2019,11,60-74,3.571428571428571,ADV,minimal_corrected,phase2
2019,11,75-89,3.225806451612903,ADV,minimal_corrected,phase2
2019,11,>=90,,ADV,minimal_corrected,phase2
2019,12,<1,7.6923076923076925,ADV,minimal_corrected,phase2
2019,12,1-3,9.701492537313433,ADV,minimal_corrected,phase2
2019,12,4-12,9.230769230769232,ADV,minimal_corrected,phase2
2019,12,13-17,,ADV,minimal_corrected,phase2
2019,12,18-44,,ADV,minimal_corrected,phase2
2019,12,45-59,,ADV,minimal_corrected,phase2
2019,12,60-74,0.0,ADV,minimal_corrected,phase2
2019,12,75-89,0.0,ADV,minimal_corrected,phase2
2019,12,>=90,,ADV,minimal_corrected,phase2
2020,1,<1,3.8461538461538463,ADV,minimal_corrected,phase2
2020,1,1-3,8.695652173913043,ADV,minimal_corrected,phase2
2020,1,4-12,13.47517730496454,ADV,minimal_corrected,phase2
2020,1,13-17,,ADV,minimal_corrected,phase2
2020,1,18-44,0.0,ADV,minimal_corrected,phase2
2020,1,45-59,3.7037037037037033,ADV,minimal_corrected,phase2
2020,1,60-74,1.3157894736842104,ADV,minimal_corrected,phase2
2020,1,75-89,0.0,ADV,minimal_corrected,phase2
2020,1,>=90,0.0,ADV,minimal_corrected,phase2
2020,2,<1,0.0,ADV,minimal_corrected,phase2
2020,2,1-3,7.352941176470589,ADV,minimal_corrected,phase2
2020,2,4-12,3.278688524590164,ADV,minimal_corrected,phase2
2020,2,13-17,,ADV,minimal_corrected,phase2
2020,2,18-44,1.818181818181818,ADV,minimal_corrected,phase2
2020,2,45-59,0.0,ADV,minimal_corrected,phase2
2020,2,60-74,0.0,ADV,minimal_corrected,phase2
2020,2,75-89,0.6944444444444444,ADV,minimal_corrected,phase2
2020,2,>=90,0.0,ADV,minimal_corrected,phase2
2020,3,<1,0.0,ADV,minimal_corrected,phase2
2020,3,1-3,2.1739130434782608,ADV,minimal_corrected,phase2
2020,3,4-12,3.7735849056603774,ADV,minimal_corrected,phase2
2020,3,13-17,,ADV,minimal_corrected,phase2
2020,3,18-44,1.0309278350515465,ADV,minimal_corrected,phase2
2020,3,45-59,0.0,ADV,minimal_corrected,phase2
2020,3,60-74,1.6666666666666667,ADV,minimal_corrected,phase2
2020,3,75-89,0.0,ADV,minimal_corrected,phase2
2020,3,>=90,0.0,ADV,minimal_corrected,phase2
2020,4,<1,0.0,ADV,minimal_corrected,phase2
2020,4,1-3,0.0,ADV,minimal_corrected,phase2
2020,4,4-12,2.857142857142857,ADV,minimal_corrected,phase2
2020,4,13-17,,ADV,minimal_corrected,phase2
2020,4,18-44,0.0,ADV,minimal_corrected,phase2
2020,4,45-59,0.0,ADV,minimal_corrected,phase2
2020,4,60-74,0.0,ADV,minimal_corrected,phase2
2020,4,75-89,0.0,ADV,minimal_corrected,phase2
2020,4,>=90,0.0,ADV,minimal_corrected,phase2
2020,5,<1,,ADV,minimal_corrected,phase2
2020,5,1-3,0.0,ADV,minimal_corrected,phase2
2020,5,4-12,0.0,ADV,minimal_corrected,phase2
2020,5,13-17,,ADV,minimal_corrected,phase2
2020,5,18-44,,ADV,minimal_corrected,phase2
2020,5,45-59,0.0,ADV,minimal_corrected,phase2
2020,5,60-74,,ADV,minimal_corrected,phase2
2020,5,75-89,3.4482758620689653,ADV,minimal_corrected,phase2
2020,5,>=90,2.631578947368421,ADV,minimal_corrected,phase2
2020,6,<1,3.225806451612903,ADV,minimal_corrected,phase2
2020,6,1-3,0.0,ADV,minimal_corrected,phase2
2020,6,4-12,0.0,ADV,minimal_corrected,phase2
2020,6,13-17,,ADV,minimal_corrected,phase2
2020,6,18-44,,ADV,minimal_corrected,phase2
2020,6,45-59,,ADV,minimal_corrected,phase2
2020,6,60-74,0.0,ADV,minimal_corrected,phase2
2020,6,75-89,0.0,ADV,minimal_corrected,phase2
2020,6,>=90,0.0,ADV,minimal_corrected,phase2
2020,7,<1,0.0,ADV,minimal_corrected,phase2
2020,7,1-3,0.0,ADV,minimal_corrected,phase2
2020,7,4-12,,ADV,minimal_corrected,phase2
2020,7,13-17,,ADV,minimal_corrected,phase2
2020,7,18-44,,ADV,minimal_corrected,phase2
2020,7,45-59,,ADV,minimal_corrected,phase2
2020,7,60-74,,ADV,minimal_corrected,phase2
2020,7,75-89,0.0,ADV,minimal_corrected,phase2
2020,7,>=90,0.0,ADV,minimal_corrected,phase2
2020,8,<1,,ADV,minimal_corrected,phase2
2020,8,1-3,0.0,ADV,minimal_corrected,phase2
2020,8,4-12,4.545454545454546,ADV,minimal_corrected,phase2
2020,8,13-17,,ADV,minimal_corrected,phase2
2020,8,18-44,,ADV,minimal_corrected,phase2
2020,8,45-59,,ADV,minimal_corrected,phase2
2020,8,60-74,,ADV,minimal_corrected,phase2
2020,8,75-89,0.0,ADV,minimal_corrected,phase2
2020,8,>=90,0.0,ADV,minimal_corrected,phase2
2020,9,<1,2.631578947368421,ADV,minimal_corrected,phase2
2020,9,1-3,0.0,ADV,minimal_corrected,phase2
2020,9,4-12,0.0,ADV,minimal_corrected,phase2
2020,9,13-17,,ADV,minimal_corrected,phase2
2020,9,18-44,,ADV,minimal_corrected,phase2
2020,9,45-59,,ADV,minimal_corrected,phase2
2020,9,60-74,0.0,ADV,minimal_corrected,phase2
2020,9,75-89,0.0,ADV,minimal_corrected,phase2
2020,9,>=90,2.631578947368421,ADV,minimal_corrected,phase2
2020,10,<1,3.225806451612903,ADV,minimal_corrected,phase2
2020,10,1-3,7.6923076923076925,ADV,minimal_corrected,phase2
2020,10,4-12,,ADV,minimal_corrected,phase2
2020,10,13-17,,ADV,minimal_corrected,phase2
2020,10,18-44,,ADV,minimal_corrected,phase2
2020,10,45-59,,ADV,minimal_corrected,phase2
2020,10,60-74,,ADV,minimal_corrected,phase2
2020,10,75-89,0.0,ADV,minimal_corrected,phase2
2020,10,>=90,0.0,ADV,minimal_corrected,phase2
2020,11,<1,3.7037037037037033,ADV,minimal_corrected,phase2
2020,11,1-3,5.263157894736842,ADV,minimal_corrected,phase2
2020,11,4-12,,ADV,minimal_corrected,phase2
2020,11,13-17,,ADV,minimal_corrected,phase2
2020,11,18-44,,ADV,minimal_corrected,phase2
2020,11,45-59,,ADV,minimal_corrected,phase2
2020,11,60-74,,ADV,minimal_corrected,phase2
2020,11,75-89,0.0,ADV,minimal_corrected,phase2
2020,11,>=90,0.0,ADV,minimal_corrected,phase2
2020,12,<1,7.894736842105263,ADV,minimal_corrected,phase2
2020,12,1-3,5.128205128205128,ADV,minimal_corrected,phase2
2020,12,4-12,,ADV,minimal_corrected,phase2
2020,12,13-17,,ADV,minimal_corrected,phase2
2020,12,18-44,,ADV,minimal_corrected,phase2
2020,12,45-59,,ADV,minimal_corrected,phase2
2020,12,60-74,,ADV,minimal_corrected,phase2
2020,12,75-89,0.0,ADV,minimal_corrected,phase2
2020,12,>=90,0.0,ADV,minimal_corrected,phase2
2021,1,<1,0.0,ADV,minimal_corrected,phase2
2021,1,1-3,5.0,ADV,minimal_corrected,phase2
2021,1,4-12,,ADV,minimal_corrected,phase2
2021,1,13-17,,ADV,minimal_corrected,phase2
2021,1,18-44,,ADV,minimal_corrected,phase2
2021,1,45-59,,ADV,minimal_corrected,phase2
2021,1,60-74,0.0,ADV,minimal_corrected,phase2
2021,1,75-89,0.0,ADV,minimal_corrected,phase2
2021,1,>=90,0.0,ADV,minimal_corrected,phase2
2021,2,<1,,ADV,minimal_corrected,phase2
2021,2,1-3,,ADV,minimal_corrected,phase2
2021,2,4-12,,ADV,minimal_corrected,phase2
2021,2,13-17,,ADV,minimal_corrected,phase2
2021,2,18-44,,ADV,minimal_corrected,phase2
2021,2,45-59,,ADV,minimal_corrected,phase2
2021,2,60-74,,ADV,minimal_corrected,phase2
2021,2,75-89,0.0,ADV,minimal_corrected,phase2
2021,2,>=90,0.0,ADV,minimal_corrected,phase2
2021,3,<1,,ADV,minimal_corrected,phase2
2021,3,1-3,,ADV,minimal_corrected,phase2
2021,3,4-12,,ADV,minimal_corrected,phase2
2021,3,13-17,,ADV,minimal_corrected,phase2
2021,3,18-44,,ADV,minimal_corrected,phase2
2021,3,45-59,,ADV,minimal_corrected,phase2
2021,3,60-74,0.0,ADV,minimal_corrected,phase2
2021,3,75-89,0.0,ADV,minimal_corrected,phase2
2021,3,>=90,0.0,ADV,minimal_corrected,phase2
2021,4,<1,,ADV,minimal_corrected,phase2
2021,4,1-3,,ADV,minimal_corrected,phase2
2021,4,4-12,,ADV,minimal_corrected,phase2
2021,4,13-17,,ADV,minimal_corrected,phase2
2021,4,18-44,,ADV,minimal_corrected,phase2
2021,4,45-59,0.0,ADV,minimal_corrected,phase2
2021,4,60-74,0.0,ADV,minimal_corrected,phase2
2021,4,75-89,1.6129032258064515,ADV,minimal_corrected,phase2
2021,4,>=90,0.0,ADV,minimal_corrected,phase2
2021,5,<1,0.0,ADV,minimal_corrected,phase2
2021,5,1-3,13.636363636363637,ADV,minimal_corrected,phase2
2021,5,4-12,,ADV,minimal_corrected,phase2
2021,5,13-17,,ADV,minimal_corrected,phase2
2021,5,18-44,,ADV,minimal_corrected,phase2
2021,5,45-59,,ADV,minimal_corrected,phase2
2021,5,60-74,,ADV,minimal_corrected,phase2
2021,5,75-89,0.0,ADV,minimal_corrected,phase2
2021,5,>=90,0.0,ADV,minimal_corrected,phase2
2021,6,<1,3.278688524590164,ADV,minimal_corrected,phase2
2021,6,1-3,1.818181818181818,ADV,minimal_corrected,phase2
2021,6,4-12,5.0,ADV,minimal_corrected,phase2
2021,6,18-44,0.0,ADV,minimal_corrected,phase2
2021,6,45-59,,ADV,minimal_corrected,phase2
2021,6,60-74,0.0,ADV,minimal_corrected,phase2
2021,6,75-89,0.0,ADV,minimal_corrected,phase2
2021,6,>=90,0.0,ADV,minimal_corrected,phase2
2021,7,<1,2.3529411764705883,ADV,minimal_corrected,phase2
2021,7,1-3,2.666666666666667,ADV,minimal_corrected,phase2
2021,7,4-12,0.0,ADV,minimal_corrected,phase2
2021,7,13-17,,ADV,minimal_corrected,phase2
2021,7,18-44,,ADV,minimal_corrected,phase2
2021,7,45-59,,ADV,minimal_corrected,phase2
2021,7,60-74,,ADV,minimal_corrected,phase2
2021,7,75-89,1.9230769230769231,ADV,minimal_corrected,phase2
2021,7,>=90,0.0,ADV,minimal_corrected,phase2
2021,8,<1,0.0,ADV,minimal_corrected,phase2
2021,8,1-3,0.0,ADV,minimal_corrected,phase2
2021,8,4-12,,ADV,minimal_corrected,phase2
2021,8,13-17,,ADV,minimal_corrected,phase2
2021,8,18-44,,ADV,minimal_corrected,phase2
2021,8,45-59,,ADV,minimal_corrected,phase2
2021,8,60-74,,ADV,minimal_corrected,phase2
2021,8,75-89,0.0,ADV,minimal_corrected,phase2
2021,8,>=90,0.0,ADV,minimal_corrected,phase2
2021,9,<1,0.0,ADV,minimal_corrected,phase2
2021,9,1-3,,ADV,minimal_corrected,phase2
2021,9,4-12,,ADV,minimal_corrected,phase2
2021,9,18-44,,ADV,minimal_corrected,phase2
2021,9,45-59,,ADV,minimal_corrected,phase2
2021,9,60-74,,ADV,minimal_corrected,phase2
2021,9,75-89,0.0,ADV,minimal_corrected,phase2
2021,9,>=90,0.0,ADV,minimal_corrected,phase2
2021,10,<1,,ADV,minimal_corrected,phase2
2021,10,1-3,,ADV,minimal_corrected,phase2
2021,10,4-12,,ADV,minimal_corrected,phase2
2021,10,13-17,,ADV,minimal_corrected,phase2
2021,10,18-44,,ADV,minimal_corrected,phase2
2021,10,45-59,,ADV,minimal_corrected,phase2
2021,10,60-74,,ADV,minimal_corrected,phase2
2021,10,75-89,0.0,ADV,minimal_corrected,phase2
2021,10,>=90,2.2222222222222223,ADV,minimal_corrected,phase2
2021,11,<1,0.0,ADV,minimal_corrected,phase2
2021,11,1-3,3.571428571428571,ADV,minimal_corrected,phase2
2021,11,4-12,0.0,ADV,minimal_corrected,phase2
2021,11,13-17,,ADV,minimal_corrected,phase2
2021,11,18-44,,ADV,minimal_corrected,phase2
2021,11,45-59,,ADV,minimal_corrected,phase2
2021,11,60-74,,ADV,minimal_corrected,phase2
2021,11,75-89,0.0,ADV,minimal_corrected,phase2
2021,11,>=90,0.0,ADV,minimal_corrected,phase2
2021,12,<1,0.0,ADV,minimal_corrected,phase2
2021,12,1-3,9.375,ADV,minimal_corrected,phase2
2021,12,4-12,0.0,ADV,minimal_corrected,phase2
2021,12,13-17,,ADV,minimal_corrected,phase2
2021,12,18-44,,ADV,minimal_corrected,phase2
2021,12,45-59,,ADV,minimal_corrected,phase2
2021,12,60-74,0.0,ADV,minimal_corrected,phase2
2021,12,75-89,0.0,ADV,minimal_corrected,phase2
2021,12,>=90,0.0,ADV,minimal_corrected,phase2
2022,1,<1,0.0,ADV,minimal_corrected,phase2
2022,1,1-3,9.30232558139535,ADV,minimal_corrected,phase2
2022,1,4-12,1.639344262295082,ADV,minimal_corrected,phase2
2022,1,13-17,,ADV,minimal_corrected,phase2
2022,1,18-44,,ADV,minimal_corrected,phase2
2022,1,45-59,,ADV,minimal_corrected,phase2
2022,1,60-74,0.0,ADV,minimal_corrected,phase2
2022,1,75-89,0.0,ADV,minimal_corrected,phase2
2022,1,>=90,0.0,ADV,minimal_corrected,phase2
2022,2,<1,10.714285714285714,ADV,minimal_corrected,phase2
2022,2,1-3,3.225806451612903,ADV,minimal_corrected,phase2
2022,2,4-12,,ADV,minimal_corrected,phase2
2022,2,13-17,,ADV,minimal_corrected,phase2
2022,2,18-44,,ADV,minimal_corrected,phase2
2022,2,45-59,,ADV,minimal_corrected,phase2
2022,2,60-74,0.0,ADV,minimal_corrected,phase2
2022,2,75-89,0.0,ADV,minimal_corrected,phase2
2022,2,>=90,0.0,ADV,minimal_corrected,phase2
2022,3,<1,0.0,ADV,minimal_corrected,phase2
2022,3,1-3,6.349206349206349,ADV,minimal_corrected,phase2
2022,3,4-12,6.666666666666667,ADV,minimal_corrected,phase2
2022,3,13-17,,ADV,minimal_corrected,phase2
2022,3,18-44,0.0,ADV,minimal_corrected,phase2
2022,3,45-59,0.0,ADV,minimal_corrected,phase2
2022,3,60-74,0.0,ADV,minimal_corrected,phase2
2022,3,75-89,0.0,ADV,minimal_corrected,phase2
2022,3,>=90,0.0,ADV,minimal_corrected,phase2
2022,4,<1,2.272727272727273,ADV,minimal_corrected,phase2
2022,4,1-3,4.651162790697675,ADV,minimal_corrected,phase2
2022,4,4-12,0.0,ADV,minimal_corrected,phase2
2022,4,13-17,,ADV,minimal_corrected,phase2
2022,4,18-44,0.7633587786259541,ADV,minimal_corrected,phase2
2022,4,45-59,0.0,ADV,minimal_corrected,phase2
2022,4,60-74,0.0,ADV,minimal_corrected,phase2
2022,4,75-89,0.0,ADV,minimal_corrected,phase2
2022,4,>=90,0.9523809523809524,ADV,minimal_corrected,phase2
2022,5,<1,0.0,ADV,minimal_corrected,phase2
2022,5,1-3,3.333333333333333,ADV,minimal_corrected,phase2
2022,5,4-12,0.0,ADV,minimal_corrected,phase2
2022,5,13-17,,ADV,minimal_corrected,phase2
2022,5,18-44,4.166666666666666,ADV,minimal_corrected,phase2
2022,5,45-59,0.0,ADV,minimal_corrected,phase2
2022,5,60-74,0.0,ADV,minimal_corrected,phase2
2022,5,75-89,0.0,ADV,minimal_corrected,phase2
2022,5,>=90,0.0,ADV,minimal_corrected,phase2
2022,6,<1,1.9230769230769231,ADV,minimal_corrected,phase2
2022,6,1-3,5.681818181818182,ADV,minimal_corrected,phase2
2022,6,4-12,1.2345679012345678,ADV,minimal_corrected,phase2
2022,6,13-17,,ADV,minimal_corrected,phase2
2022,6,18-44,0.0,ADV,minimal_corrected,phase2
2022,6,45-59,0.0,ADV,minimal_corrected,phase2
2022,6,60-74,0.0,ADV,minimal_corrected,phase2
2022,6,75-89,0.0,ADV,minimal_corrected,phase2
2022,6,>=90,0.0,ADV,minimal_corrected,phase2
2022,7,<1,0.0,ADV,minimal_corrected,phase2
2022,7,1-3,1.3157894736842104,ADV,minimal_corrected,phase2
2022,7,4-12,0.0,ADV,minimal_corrected,phase2
2022,7,13-17,,ADV,minimal_corrected,phase2
2022,7,18-44,0.0,ADV,minimal_corrected,phase2
2022,7,45-59,0.0,ADV,minimal_corrected,phase2
2022,7,60-74,0.0,ADV,minimal_corrected,phase2
2022,7,75-89,0.0,ADV,minimal_corrected,phase2
2022,7,>=90,0.0,ADV,minimal_corrected,phase2
2022,8,<1,2.0408163265306123,ADV,minimal_corrected,phase2
2022,8,1-3,4.705882352941177,ADV,minimal_corrected,phase2
2022,8,4-12,4.3478260869565215,ADV,minimal_corrected,phase2
2022,8,13-17,,ADV,minimal_corrected,phase2
2022,8,18-44,0.0,ADV,minimal_corrected,phase2
2022,8,45-59,0.0,ADV,minimal_corrected,phase2
2022,8,60-74,0.0,ADV,minimal_corrected,phase2
2022,8,75-89,0.0,ADV,minimal_corrected,phase2
2022,8,>=90,0.0,ADV,minimal_corrected,phase2
2022,9,<1,0.0,ADV,minimal_corrected,phase2
2022,9,1-3,1.7857142857142856,ADV,minimal_corrected,phase2
2022,9,4-12,2.2222222222222223,ADV,minimal_corrected,phase2
2022,9,13-17,,ADV,minimal_corrected,phase2
2022,9,18-44,0.0,ADV,minimal_corrected,phase2
2022,9,45-59,0.0,ADV,minimal_corrected,phase2
2022,9,60-74,0.0,ADV,minimal_corrected,phase2
2022,9,75-89,0.0,ADV,minimal_corrected,phase2
2022,9,>=90,0.0,ADV,minimal_corrected,phase2
2022,10,<1,0.0,ADV,minimal_corrected,phase2
2022,10,1-3,9.859154929577464,ADV,minimal_corrected,phase2
2022,10,4-12,8.955223880597014,ADV,minimal_corrected,phase2
2022,10,13-17,,ADV,minimal_corrected,phase2
2022,10,18-44,0.0,ADV,minimal_corrected,phase2
2022,10,45-59,2.4390243902439024,ADV,minimal_corrected,phase2
2022,10,60-74,0.0,ADV,minimal_corrected,phase2
2022,10,75-89,0.0,ADV,minimal_corrected,phase2
2022,10,>=90,0.8771929824561403,ADV,minimal_corrected,phase2
2022,11,<1,2.0408163265306123,ADV,minimal_corrected,phase2
2022,11,1-3,10.185185185185183,ADV,minimal_corrected,phase2
2022,11,4-12,8.75,ADV,minimal_corrected,phase2
2022,11,13-17,,ADV,minimal_corrected,phase2
2022,11,18-44,0.0,ADV,minimal_corrected,phase2
2022,11,45-59,2.5,ADV,minimal_corrected,phase2
2022,11,60-74,0.0,ADV,minimal_corrected,phase2
2022,11,75-89,0.8130081300813009,ADV,minimal_corrected,phase2
2022,11,>=90,0.0,ADV,minimal_corrected,phase2
2022,12,<1,0.0,ADV,minimal_corrected,phase2
2022,12,1-3,7.6923076923076925,ADV,minimal_corrected,phase2
2022,12,4-12,5.88235294117647,ADV,minimal_corrected,phase2
2022,12,13-17,,ADV,minimal_corrected,phase2
2022,12,18-44,2.7777777777777777,ADV,minimal_corrected,phase2
2022,12,45-59,0.0,ADV,minimal_corrected,phase2
2022,12,60-74,1.4492753623188406,ADV,minimal_corrected,phase2
2022,12,75-89,0.9009009009009008,ADV,minimal_corrected,phase2
2022,12,>=90,0.0,ADV,minimal_corrected,phase2
2023,1,<1,0.0,ADV,minimal_corrected,phase2
2023,1,1-3,9.375,ADV,minimal_corrected,phase2
2023,1,4-12,0.0,ADV,minimal_corrected,phase2
2023,1,13-17,,ADV,minimal_corrected,phase2
2023,1,18-44,0.0,ADV,minimal_corrected,phase2
2023,1,45-59,0.0,ADV,minimal_corrected,phase2
2023,1,60-74,0.5524861878453038,ADV,minimal_corrected,phase2
2023,1,75-89,1.4084507042253522,ADV,minimal_corrected,phase2
2023,1,>=90,0.0,ADV,minimal_corrected,phase2
2023,2,<1,3.571428571428571,ADV,minimal_corrected,phase2
2023,2,1-3,15.151515151515152,ADV,minimal_corrected,phase2
2023,2,4-12,6.666666666666667,ADV,minimal_corrected,phase2
2023,2,13-17,,ADV,minimal_corrected,phase2
2023,2,18-44,4.0,ADV,minimal_corrected,phase2
2023,2,45-59,0.0,ADV,minimal_corrected,phase2
2023,2,60-74,1.5151515151515151,ADV,minimal_corrected,phase2
2023,2,75-89,0.0,ADV,minimal_corrected,phase2
2023,2,>=90,0.0,ADV,minimal_corrected,phase2
2023,3,<1,3.278688524590164,ADV,minimal_corrected,phase2
2023,3,1-3,2.1739130434782608,ADV,minimal_corrected,phase2
2023,3,4-12,1.2345679012345678,ADV,minimal_corrected,phase2
2023,3,13-17,0.0,ADV,minimal_corrected,phase2
2023,3,18-44,1.2658227848101269,ADV,minimal_corrected,phase2
2023,3,45-59,1.3333333333333337,ADV,minimal_corrected,phase2
2023,3,60-74,0.8403361344537815,ADV,minimal_corrected,phase2
2023,3,75-89,0.0,ADV,minimal_corrected,phase2
2023,3,>=90,0.0,ADV,minimal_corrected,phase2
2023,4,<1,1.282051282051282,ADV,minimal_corrected,phase2
2023,4,1-3,7.086614173228346,ADV,minimal_corrected,phase2
2023,4,4-12,2.6737967914438503,ADV,minimal_corrected,phase2
2023,4,13-17,7.142857142857142,ADV,minimal_corrected,phase2
2023,4,18-44,0.0,ADV,minimal_corrected,phase2
2023,4,45-59,0.0,ADV,minimal_corrected,phase2
2023,4,60-74,0.78125,ADV,minimal_corrected,phase2
2023,4,75-89,0.0,ADV,minimal_corrected,phase2
2023,4,>=90,0.0,ADV,minimal_corrected,phase2
2023,5,<1,0.9009009009009008,ADV,minimal_corrected,phase2
2023,5,1-3,7.446808510638298,ADV,minimal_corrected,phase2
2023,5,4-12,3.431372549019608,ADV,minimal_corrected,phase2
2023,5,13-17,0.0,ADV,minimal_corrected,phase2
2023,5,18-44,2.0,ADV,minimal_corrected,phase2
2023,5,45-59,0.8695652173913043,ADV,minimal_corrected,phase2
2023,5,60-74,0.5291005291005291,ADV,minimal_corrected,phase2
2023,5,75-89,0.0,ADV,minimal_corrected,phase2
2023,5,>=90,0.4545454545454545,ADV,minimal_corrected,phase2
2023,6,<1,4.316546762589928,ADV,minimal_corrected,phase2
2023,6,1-3,5.098039215686274,ADV,minimal_corrected,phase2
2023,6,4-12,7.194244604316546,ADV,minimal_corrected,phase2
2023,6,13-17,,ADV,minimal_corrected,phase2
2023,6,18-44,2.564102564102564,ADV,minimal_corrected,phase2
2023,6,45-59,1.2658227848101269,ADV,minimal_corrected,phase2
2023,6,60-74,1.8691588785046729,ADV,minimal_corrected,phase2
2023,6,75-89,0.0,ADV,minimal_corrected,phase2
2023,6,>=90,0.4587155963302752,ADV,minimal_corrected,phase2
2023,7,<1,2.702702702702702,ADV,minimal_corrected,phase2
2023,7,1-3,8.445945945945946,ADV,minimal_corrected,phase2
2023,7,4-12,6.970509383378016,ADV,minimal_corrected,phase2
2023,7,13-17,,ADV,minimal_corrected,phase2
2023,7,18-44,2.5,ADV,minimal_corrected,phase2
2023,7,45-59,1.4492753623188406,ADV,minimal_corrected,phase2
2023,7,60-74,3.225806451612903,ADV,minimal_corrected,phase2
2023,7,75-89,1.5151515151515151,ADV,minimal_corrected,phase2
2023,7,>=90,0.0,ADV,minimal_corrected,phase2
2023,8,<1,0.0,ADV,minimal_corrected,phase2
2023,8,1-3,7.26643598615917,ADV,minimal_corrected,phase2
2023,8,4-12,17.346938775510203,ADV,minimal_corrected,phase2
2023,8,13-17,4.545454545454546,ADV,minimal_corrected,phase2
2023,8,18-44,1.851851851851852,ADV,minimal_corrected,phase2
2023,8,45-59,1.7241379310344829,ADV,minimal_corrected,phase2
2023,8,60-74,0.9090909090909092,ADV,minimal_corrected,phase2
2023,8,75-89,0.0,ADV,minimal_corrected,phase2
2023,8,>=90,0.6097560975609756,ADV,minimal_corrected,phase2
2023,9,<1,3.061224489795918,ADV,minimal_corrected,phase2
2023,9,1-3,9.95575221238938,ADV,minimal_corrected,phase2
2023,9,4-12,14.705882352941178,ADV,minimal_corrected,phase2
2023,9,13-17,0.0,ADV,minimal_corrected,phase2
2023,9,18-44,1.6666666666666667,ADV,minimal_corrected,phase2
2023,9,45-59,0.0,ADV,minimal_corrected,phase2
2023,9,60-74,0.0,ADV,minimal_corrected,phase2
2023,9,75-89,0.9345794392523364,ADV,minimal_corrected,phase2
2023,9,>=90,1.8691588785046729,ADV,minimal_corrected,phase2
2023,10,<1,2.6785714285714284,ADV,minimal_corrected,phase2
2023,10,1-3,11.41732283464567,ADV,minimal_corrected,phase2
2023,10,4-12,12.9863301787592,ADV,minimal_corrected,phase2
2023,10,13-17,8.823529411764707,ADV,minimal_corrected,phase2
2023,10,18-44,2.631578947368421,ADV,minimal_corrected,phase2
2023,10,45-59,1.0869565217391304,ADV,minimal_corrected,phase2
2023,10,60-74,1.0101010101010102,ADV,minimal_corrected,phase2
2023,10,75-89,0.0,ADV,minimal_corrected,phase2
2023,10,>=90,0.0,ADV,minimal_corrected,phase2
2023,11,<1,4.3478260869565215,ADV,minimal_corrected,phase2
2023,11,1-3,13.09655937846837,ADV,minimal_corrected,phase2
2023,11,4-12,11.262513904338151,ADV,minimal_corrected,phase2
2023,11,13-17,4.918032786885246,ADV,minimal_corrected,phase2
2023,11,18-44,1.6574585635359116,ADV,minimal_corrected,phase2
2023,11,45-59,0.9433962264150944,ADV,minimal_corrected,phase2
2023,11,60-74,0.0,ADV,minimal_corrected,phase2
2023,11,75-89,0.7142857142857143,ADV,minimal_corrected,phase2
2023,11,>=90,0.5952380952380952,ADV,minimal_corrected,phase2
2023,12,<1,7.6923076923076925,ADV,minimal_corrected,phase2
2023,12,1-3,16.176470588235293,ADV,minimal_corrected,phase2
2023,12,4-12,16.56570977087174,ADV,minimal_corrected,phase2
2023,12,13-17,5.753424657534247,ADV,minimal_corrected,phase2
2023,12,18-44,2.912621359223301,ADV,minimal_corrected,phase2
2023,12,45-59,1.8018018018018016,ADV,minimal_corrected,phase2
2023,12,60-74,1.912568306010929,ADV,minimal_corrected,phase2
2023,12,75-89,2.2988505747126435,ADV,minimal_corrected,phase2
2023,12,>=90,1.1235955056179776,ADV,minimal_corrected,phase2
2024,1,<1,,ADV,minimal_corrected,phase2
2024,1,1-3,,ADV,minimal_corrected,phase2
2024,1,4-12,,ADV,minimal_corrected,phase2
2024,1,13-17,,ADV,minimal_corrected,phase2
2024,1,18-44,1.282051282051282,ADV,minimal_corrected,phase2
2024,1,45-59,0.0,ADV,minimal_corrected,phase2
2024,1,60-74,0.5154639175257731,ADV,minimal_corrected,phase2
2024,1,75-89,1.25,ADV,minimal_corrected,phase2
2024,1,>=90,1.020408163265306,ADV,minimal_corrected,phase2
2024,2,<1,,ADV,minimal_corrected,phase2
2024,2,4-12,,ADV,minimal_corrected,phase2
2024,2,13-17,,ADV,minimal_corrected,phase2
2024,2,18-44,2.941176470588235,ADV,minimal_corrected,phase2
2024,2,45-59,4.166666666666666,ADV,minimal_corrected,phase2
2024,2,60-74,0.9803921568627452,ADV,minimal_corrected,phase2
2024,2,75-89,0.9259259259259258,ADV,minimal_corrected,phase2
2024,2,>=90,0.0,ADV,minimal_corrected,phase2
2024,3,<1,0.0,ADV,minimal_corrected,phase2
2024,3,4-12,,ADV,minimal_corrected,phase2
2024,3,13-17,,ADV,minimal_corrected,phase2
2024,3,18-44,1.4705882352941175,ADV,minimal_corrected,phase2
2024,3,45-59,2.5210084033613445,ADV,minimal_corrected,phase2
2024,3,60-74,3.977272727272727,ADV,minimal_corrected,phase2
2024,3,75-89,0.0,ADV,minimal_corrected,phase2
2024,3,>=90,0.0,ADV,minimal_corrected,phase2
2024,4,<1,,ADV,minimal_corrected,phase2
2024,4,1-3,,ADV,minimal_corrected,phase2
2024,4,4-12,,ADV,minimal_corrected,phase2
2024,4,13-17,,ADV,minimal_corrected,phase2
2024,4,18-44,0.0,ADV,minimal_corrected,phase2
2024,4,45-59,3.0927835051546397,ADV,minimal_corrected,phase2
2024,4,60-74,2.8901734104046244,ADV,minimal_corrected,phase2
2024,4,75-89,0.9708737864077668,ADV,minimal_corrected,phase2
2024,4,>=90,0.0,ADV,minimal_corrected,phase2
2024,5,<1,,ADV,minimal_corrected,phase2
2024,5,4-12,,ADV,minimal_corrected,phase2
2024,5,13-17,,ADV,minimal_corrected,phase2
2024,5,18-44,4.3478260869565215,ADV,minimal_corrected,phase2
2024,5,45-59,1.0101010101010102,ADV,minimal_corrected,phase2
2024,5,60-74,0.6666666666666667,ADV,minimal_corrected,phase2
2024,5,75-89,0.0,ADV,minimal_corrected,phase2
2024,5,>=90,0.0,ADV,minimal_corrected,phase2
2024,6,<1,0.0,ADV,minimal_corrected,phase2
2024,6,1-3,,ADV,minimal_corrected,phase2
2024,6,4-12,,ADV,minimal_corrected,phase2
2024,6,13-17,,ADV,minimal_corrected,phase2
2024,6,18-44,4.0,ADV,minimal_corrected,phase2
2024,6,45-59,8.433734939759036,ADV,minimal_corrected,phase2
2024,6,60-74,1.020408163265306,ADV,minimal_corrected,phase2
2024,6,75-89,1.2195121951219512,ADV,minimal_corrected,phase2
2024,6,>=90,0.0,ADV,minimal_corrected,phase2
2024,7,<1,,ADV,minimal_corrected,phase2
2024,7,1-3,,ADV,minimal_corrected,phase2
2024,7,4-12,,ADV,minimal_corrected,phase2
2024,7,13-17,,ADV,minimal_corrected,phase2
2024,7,18-44,0.0,ADV,minimal_corrected,phase2
2024,7,45-59,1.1904761904761905,ADV,minimal_corrected,phase2
2024,7,60-74,0.8547008547008548,ADV,minimal_corrected,phase2
2024,7,75-89,0.0,ADV,minimal_corrected,phase2
2024,7,>=90,0.0,ADV,minimal_corrected,phase2
2024,8,<1,,ADV,minimal_corrected,phase2
2024,8,1-3,,ADV,minimal_corrected,phase2
2024,8,4-12,,ADV,minimal_corrected,phase2
2024,8,18-44,3.225806451612903,ADV,minimal_corrected,phase2
2024,8,45-59,3.508771929824561,ADV,minimal_corrected,phase2
2024,8,60-74,0.0,ADV,minimal_corrected,phase2
2024,8,75-89,0.0,ADV,minimal_corrected,phase2
2024,8,>=90,2.857142857142857,ADV,minimal_corrected,phase2
2024,9,<1,,ADV,minimal_corrected,phase2
2024,9,4-12,,ADV,minimal_corrected,phase2
2024,9,13-17,,ADV,minimal_corrected,phase2
2024,9,18-44,10.0,ADV,minimal_corrected,phase2
2024,9,45-59,0.0,ADV,minimal_corrected,phase2
2024,9,60-74,0.0,ADV,minimal_corrected,phase2
2024,9,75-89,0.0,ADV,minimal_corrected,phase2
2024,9,>=90,0.0,ADV,minimal_corrected,phase2
2024,10,<1,,ADV,minimal_corrected,phase2
2024,10,1-3,,ADV,minimal_corrected,phase2
2024,10,4-12,,ADV,minimal_corrected,phase2
2024,10,13-17,,ADV,minimal_corrected,phase2
2024,10,18-44,4.166666666666666,ADV,minimal_corrected,phase2
2024,10,45-59,,ADV,minimal_corrected,phase2
2024,10,60-74,0.0,ADV,minimal_corrected,phase2
2024,10,75-89,0.0,ADV,minimal_corrected,phase2
2024,10,>=90,0.0,ADV,minimal_corrected,phase2
2024,11,<1,,ADV,minimal_corrected,phase2
2024,11,1-3,,ADV,minimal_corrected,phase2
2024,11,4-12,,ADV,minimal_corrected,phase2
2024,11,13-17,,ADV,minimal_corrected,phase2
2024,11,18-44,,ADV,minimal_corrected,phase2
2024,11,45-59,4.166666666666666,ADV,minimal_corrected,phase2
2024,11,60-74,0.0,ADV,minimal_corrected,phase2
2024,11,75-89,0.0,ADV,minimal_corrected,phase2
2024,11,>=90,0.0,ADV,minimal_corrected,phase2
2024,12,<1,,ADV,minimal_corrected,phase2
2024,12,1-3,,ADV,minimal_corrected,phase2
2024,12,4-12,,ADV,minimal_corrected,phase2
2024,12,13-17,,ADV,minimal_corrected,phase2
2024,12,18-44,0.0,ADV,minimal_corrected,phase2
2024,12,45-59,,ADV,minimal_corrected,phase2
2024,12,60-74,1.8867924528301887,ADV,minimal_corrected,phase2
2024,12,75-89,0.0,ADV,minimal_corrected,phase2
2024,12,>=90,0.0,ADV,minimal_corrected,phase2
2025,1,<1,1.0869565217391304,ADV,minimal_corrected,phase2
2025,1,1-3,13.694267515923569,ADV,minimal_corrected,phase2
2025,1,4-12,9.158878504672897,ADV,minimal_corrected,phase2
2025,1,13-17,6.122448979591836,ADV,minimal_corrected,phase2
2025,1,18-44,1.6528925619834711,ADV,minimal_corrected,phase2
2025,1,45-59,1.6736401673640169,ADV,minimal_corrected,phase2
2025,1,60-74,2.295918367346939,ADV,minimal_corrected,phase2
2025,1,75-89,1.5957446808510638,ADV,minimal_corrected,phase2
2025,1,>=90,2.4390243902439024,ADV,minimal_corrected,phase2
2025,2,<1,3.296703296703297,ADV,minimal_corrected,phase2
2025,2,1-3,15.234375,ADV,minimal_corrected,phase2
2025,2,4-12,8.125,ADV,minimal_corrected,phase2
2025,2,13-17,2.941176470588235,ADV,minimal_corrected,phase2
2025,2,18-44,1.1695906432748535,ADV,minimal_corrected,phase2
2025,2,45-59,0.8620689655172413,ADV,minimal_corrected,phase2
2025,2,60-74,1.5105740181268883,ADV,minimal_corrected,phase2
2025,2,75-89,2.450980392156863,ADV,minimal_corrected,phase2
2025,2,>=90,0.0,ADV,minimal_corrected,phase2
2025,3,<1,2.7777777777777777,ADV,minimal_corrected,phase2
2025,3,1-3,8.130081300813007,ADV,minimal_corrected,phase2
2025,3,4-12,4.861111111111112,ADV,minimal_corrected,phase2
2025,3,13-17,0.0,ADV,minimal_corrected,phase2
2025,3,18-44,1.7543859649122806,ADV,minimal_corrected,phase2
2025,3,45-59,1.895734597156398,ADV,minimal_corrected,phase2
2025,3,60-74,0.3144654088050315,ADV,minimal_corrected,phase2
2025,3,75-89,0.4830917874396135,ADV,minimal_corrected,phase2
2025,3,>=90,0.0,ADV,minimal_corrected,phase2
2025,4,<1,1.948051948051948,ADV,minimal_corrected,phase2
2025,4,1-3,10.48951048951049,ADV,minimal_corrected,phase2
2025,4,4-12,7.368421052631578,ADV,minimal_corrected,phase2
2025,4,13-17,4.545454545454546,ADV,minimal_corrected,phase2
2025,4,18-44,3.592814371257485,ADV,minimal_corrected,phase2
2025,4,45-59,1.4354066985645932,ADV,minimal_corrected,phase2
2025,4,60-74,2.2408963585434174,ADV,minimal_corrected,phase2
2025,4,75-89,2.083333333333333,ADV,minimal_corrected,phase2
2025,4,>=90,1.96078431372549,ADV,minimal_corrected,phase2
2025,5,<1,3.1446540880503147,ADV,minimal_corrected,phase2
2025,5,1-3,7.712082262210797,ADV,minimal_corrected,phase2
2025,5,4-12,7.5,ADV,minimal_corrected,phase2
2025,5,13-17,4.3478260869565215,ADV,minimal_corrected,phase2
2025,5,18-44,0.0,ADV,minimal_corrected,phase2
2025,5,45-59,1.3392857142857142,ADV,minimal_corrected,phase2
2025,5,60-74,0.5747126436781609,ADV,minimal_corrected,phase2
2025,5,75-89,0.0,ADV,minimal_corrected,phase2
2025,5,>=90,0.0,ADV,minimal_corrected,phase2
2025,6,<1,3.488372093023256,ADV,minimal_corrected,phase2
2025,6,1-3,10.0,ADV,minimal_corrected,phase2
2025,6,4-12,8.88888888888889,ADV,minimal_corrected,phase2
2025,6,13-17,6.8181818181818175,ADV,minimal_corrected,phase2
2025,6,18-44,2.684563758389262,ADV,minimal_corrected,phase2
2025,6,45-59,2.28310502283105,ADV,minimal_corrected,phase2
2025,6,60-74,1.282051282051282,ADV,minimal_corrected,phase2
2025,6,75-89,0.5882352941176471,ADV,minimal_corrected,phase2
2025,6,>=90,3.0303030303030303,ADV,minimal_corrected,phase2
2025,7,<1,0.0,ADV,minimal_corrected,phase2
2025,7,1-3,5.835543766578249,ADV,minimal_corrected,phase2
2025,7,4-12,7.167235494880546,ADV,minimal_corrected,phase2
2025,7,13-17,0.0,ADV,minimal_corrected,phase2
2025,7,18-44,1.7857142857142856,ADV,minimal_corrected,phase2
2025,7,45-59,1.1764705882352942,ADV,minimal_corrected,phase2
2025,7,60-74,0.0,ADV,minimal_corrected,phase2
2025,7,75-89,0.0,ADV,minimal_corrected,phase2
2025,7,>=90,0.0,ADV,minimal_corrected,phase2
2025,8,<1,0.0,ADV,minimal_corrected,phase2
2025,8,1-3,5.39568345323741,ADV,minimal_corrected,phase2
2025,8,4-12,8.71369294605809,ADV,minimal_corrected,phase2
2025,8,13-17,,ADV,minimal_corrected,phase2
2025,8,18-44,0.0,ADV,minimal_corrected,phase2
2025,8,45-59,1.574803149606299,ADV,minimal_corrected,phase2
2025,8,60-74,0.8968609865470852,ADV,minimal_corrected,phase2
2025,8,75-89,0.9433962264150944,ADV,minimal_corrected,phase2
2025,8,>=90,0.0,ADV,minimal_corrected,phase2
2025,9,<1,0.0,ADV,minimal_corrected,phase2
2025,9,1-3,6.666666666666667,ADV,minimal_corrected,phase2
2025,9,4-12,6.691449814126393,ADV,minimal_corrected,phase2
2025,9,13-17,,ADV,minimal_corrected,phase2
2025,9,18-44,0.0,ADV,minimal_corrected,phase2
2025,9,45-59,2.238805970149253,ADV,minimal_corrected,phase2
2025,9,60-74,0.5076142131979695,ADV,minimal_corrected,phase2
2025,9,75-89,1.6666666666666667,ADV,minimal_corrected,phase2
2025,9,>=90,1.694915254237288,ADV,minimal_corrected,phase2
2025,10,<1,1.96078431372549,ADV,minimal_corrected,phase2
2025,10,1-3,6.231454005934718,ADV,minimal_corrected,phase2
2025,10,4-12,7.4074074074074066,ADV,minimal_corrected,phase2
2025,10,13-17,0.0,ADV,minimal_corrected,phase2
2025,10,18-44,3.90625,ADV,minimal_corrected,phase2
2025,10,45-59,1.7857142857142856,ADV,minimal_corrected,phase2
2025,10,60-74,2.0202020202020203,ADV,minimal_corrected,phase2
2025,10,75-89,0.9433962264150944,ADV,minimal_corrected,phase2
2025,10,>=90,5.454545454545454,ADV,minimal_corrected,phase2
2025,11,<1,1.2345679012345678,ADV,minimal_corrected,phase2
2025,11,1-3,7.7490774907749085,ADV,minimal_corrected,phase2
2025,11,4-12,7.111111111111111,ADV,minimal_corrected,phase2
2025,11,13-17,5.357142857142857,ADV,minimal_corrected,phase2
2025,11,18-44,0.7874015748031495,ADV,minimal_corrected,phase2
2025,11,45-59,1.7964071856287425,ADV,minimal_corrected,phase2
2025,11,60-74,0.819672131147541,ADV,minimal_corrected,phase2
2025,11,75-89,2.3622047244094486,ADV,minimal_corrected,phase2
2025,11,>=90,0.0,ADV,minimal_corrected,phase2
2019,2,<1,,PIV,minimal_corrected,phase2
2019,2,1-3,,PIV,minimal_corrected,phase2
2019,2,18-44,,PIV,minimal_corrected,phase2
2019,2,45-59,,PIV,minimal_corrected,phase2
2019,2,60-74,,PIV,minimal_corrected,phase2
2019,3,<1,0.0,PIV,minimal_corrected,phase2
2019,3,1-3,0.0,PIV,minimal_corrected,phase2
2019,3,4-12,0.0,PIV,minimal_corrected,phase2
2019,3,13-17,,PIV,minimal_corrected,phase2
2019,3,18-44,,PIV,minimal_corrected,phase2
2019,3,45-59,,PIV,minimal_corrected,phase2
2019,3,60-74,,PIV,minimal_corrected,phase2
2019,3,75-89,,PIV,minimal_corrected,phase2
2019,4,<1,19.607843137254903,PIV,minimal_corrected,phase2
2019,4,1-3,13.114754098360656,PIV,minimal_corrected,phase2
2019,4,4-12,8.47457627118644,PIV,minimal_corrected,phase2
2019,4,13-17,,PIV,minimal_corrected,phase2
2019,4,18-44,,PIV,minimal_corrected,phase2
2019,4,45-59,,PIV,minimal_corrected,phase2
2019,4,60-74,,PIV,minimal_corrected,phase2
2019,4,75-89,0.0,PIV,minimal_corrected,phase2
2019,4,>=90,,PIV,minimal_corrected,phase2
2019,5,<1,31.818181818181817,PIV,minimal_corrected,phase2
2019,5,1-3,11.594202898550725,PIV,minimal_corrected,phase2
2019,5,4-12,2.127659574468085,PIV,minimal_corrected,phase2
2019,5,13-17,,PIV,minimal_corrected,phase2
2019,5,18-44,,PIV,minimal_corrected,phase2
2019,5,45-59,,PIV,minimal_corrected,phase2
2019,5,60-74,,PIV,minimal_corrected,phase2
2019,5,75-89,,PIV,minimal_corrected,phase2
2019,5,>=90,,PIV,minimal_corrected,phase2
2019,6,<1,20.967741935483872,PIV,minimal_corrected,phase2
2019,6,1-3,15.555555555555555,PIV,minimal_corrected,phase2
2019,6,4-12,5.88235294117647,PIV,minimal_corrected,phase2
2019,6,13-17,,PIV,minimal_corrected,phase2
2019,6,18-44,,PIV,minimal_corrected,phase2
2019,6,45-59,,PIV,minimal_corrected,phase2
2019,6,60-74,,PIV,minimal_corrected,phase2
2019,6,75-89,0.0,PIV,minimal_corrected,phase2
2019,6,>=90,,PIV,minimal_corrected,phase2
2019,7,<1,9.411764705882351,PIV,minimal_corrected,phase2
2019,7,1-3,9.166666666666666,PIV,minimal_corrected,phase2
2019,7,4-12,3.355704697986577,PIV,minimal_corrected,phase2
2019,7,13-17,,PIV,minimal_corrected,phase2
2019,7,18-44,,PIV,minimal_corrected,phase2
2019,7,45-59,,PIV,minimal_corrected,phase2
2019,7,60-74,,PIV,minimal_corrected,phase2
2019,7,75-89,4.545454545454546,PIV,minimal_corrected,phase2
2019,7,>=90,,PIV,minimal_corrected,phase2
2019,8,<1,1.1904761904761905,PIV,minimal_corrected,phase2
2019,8,1-3,6.132075471698113,PIV,minimal_corrected,phase2
2019,8,4-12,1.098901098901099,PIV,minimal_corrected,phase2
2019,8,13-17,,PIV,minimal_corrected,phase2
2019,8,18-44,,PIV,minimal_corrected,phase2
2019,8,45-59,,PIV,minimal_corrected,phase2
2019,8,60-74,0.0,PIV,minimal_corrected,phase2
2019,8,75-89,,PIV,minimal_corrected,phase2
2019,8,>=90,,PIV,minimal_corrected,phase2
2019,9,<1,5.0,PIV,minimal_corrected,phase2
2019,9,1-3,4.022988505747127,PIV,minimal_corrected,phase2
2019,9,4-12,4.032258064516129,PIV,minimal_corrected,phase2
2019,9,13-17,,PIV,minimal_corrected,phase2
2019,9,18-44,,PIV,minimal_corrected,phase2
2019,9,45-59,,PIV,minimal_corrected,phase2
2019,9,60-74,,PIV,minimal_corrected,phase2
2019,9,75-89,0.0,PIV,minimal_corrected,phase2
2019,9,>=90,,PIV,minimal_corrected,phase2
2019,10,<1,7.462686567164178,PIV,minimal_corrected,phase2
2019,10,1-3,6.730769230769231,PIV,minimal_corrected,phase2
2019,10,4-12,3.4482758620689653,PIV,minimal_corrected,phase2
2019,10,13-17,,PIV,minimal_corrected,phase2
2019,10,18-44,,PIV,minimal_corrected,phase2
2019,10,45-59,,PIV,minimal_corrected,phase2
2019,10,60-74,,PIV,minimal_corrected,phase2
2019,10,75-89,,PIV,minimal_corrected,phase2
2019,10,>=90,,PIV,minimal_corrected,phase2
2019,11,<1,2.666666666666667,PIV,minimal_corrected,phase2
2019,11,1-3,14.95327102803738,PIV,minimal_corrected,phase2
2019,11,4-12,4.819277108433735,PIV,minimal_corrected,phase2
2019,11,13-17,,PIV,minimal_corrected,phase2
2019,11,18-44,,PIV,minimal_corrected,phase2
2019,11,45-59,0.0,PIV,minimal_corrected,phase2
2019,11,60-74,0.0,PIV,minimal_corrected,phase2
2019,11,75-89,0.0,PIV,minimal_corrected,phase2
2019,11,>=90,,PIV,minimal_corrected,phase2
2019,12,<1,5.982905982905983,PIV,minimal_corrected,phase2
2019,12,1-3,8.955223880597014,PIV,minimal_corrected,phase2
2019,12,4-12,3.8461538461538463,PIV,minimal_corrected,phase2
2019,12,13-17,,PIV,minimal_corrected,phase2
2019,12,18-44,,PIV,minimal_corrected,phase2
2019,12,45-59,,PIV,minimal_corrected,phase2
2019,12,60-74,4.545454545454546,PIV,minimal_corrected,phase2
2019,12,75-89,0.0,PIV,minimal_corrected,phase2
2019,12,>=90,,PIV,minimal_corrected,phase2
2020,1,<1,3.8461538461538463,PIV,minimal_corrected,phase2
2020,1,1-3,5.978260869565218,PIV,minimal_corrected,phase2
2020,1,4-12,4.25531914893617,PIV,minimal_corrected,phase2
2020,1,13-17,,PIV,minimal_corrected,phase2
2020,1,18-44,0.0,PIV,minimal_corrected,phase2
2020,1,45-59,1.851851851851852,PIV,minimal_corrected,phase2
2020,1,60-74,1.3157894736842104,PIV,minimal_corrected,phase2
2020,1,75-89,0.0,PIV,minimal_corrected,phase2
2020,1,>=90,0.0,PIV,minimal_corrected,phase2
2020,2,<1,2.564102564102564,PIV,minimal_corrected,phase2
2020,2,1-3,0.0,PIV,minimal_corrected,phase2
2020,2,4-12,0.0,PIV,minimal_corrected,phase2
2020,2,13-17,,PIV,minimal_corrected,phase2
2020,2,18-44,0.3636363636363636,PIV,minimal_corrected,phase2
2020,2,45-59,0.7692307692307693,PIV,minimal_corrected,phase2
2020,2,60-74,0.0,PIV,minimal_corrected,phase2
2020,2,75-89,0.6944444444444444,PIV,minimal_corrected,phase2
2020,2,>=90,0.0,PIV,minimal_corrected,phase2
2020,3,<1,0.0,PIV,minimal_corrected,phase2
2020,3,1-3,2.1739130434782608,PIV,minimal_corrected,phase2
2020,3,4-12,0.0,PIV,minimal_corrected,phase2
2020,3,13-17,,PIV,minimal_corrected,phase2
2020,3,18-44,1.0309278350515465,PIV,minimal_corrected,phase2
2020,3,45-59,0.0,PIV,minimal_corrected,phase2
2020,3,60-74,0.0,PIV,minimal_corrected,phase2
2020,3,75-89,0.0,PIV,minimal_corrected,phase2
2020,3,>=90,0.0,PIV,minimal_corrected,phase2
2020,4,<1,0.0,PIV,minimal_corrected,phase2
2020,4,1-3,0.0,PIV,minimal_corrected,phase2
2020,4,4-12,0.0,PIV,minimal_corrected,phase2
2020,4,13-17,,PIV,minimal_corrected,phase2
2020,4,18-44,0.0,PIV,minimal_corrected,phase2
2020,4,45-59,0.0,PIV,minimal_corrected,phase2
2020,4,60-74,0.0,PIV,minimal_corrected,phase2
2020,4,75-89,0.0,PIV,minimal_corrected,phase2
2020,4,>=90,0.0,PIV,minimal_corrected,phase2
2020,5,<1,,PIV,minimal_corrected,phase2
2020,5,1-3,0.0,PIV,minimal_corrected,phase2
2020,5,4-12,0.0,PIV,minimal_corrected,phase2
2020,5,13-17,,PIV,minimal_corrected,phase2
2020,5,18-44,,PIV,minimal_corrected,phase2
2020,5,45-59,0.0,PIV,minimal_corrected,phase2
2020,5,60-74,,PIV,minimal_corrected,phase2
2020,5,75-89,0.0,PIV,minimal_corrected,phase2
2020,5,>=90,0.0,PIV,minimal_corrected,phase2
2020,6,<1,3.225806451612903,PIV,minimal_corrected,phase2
2020,6,1-3,2.7777777777777777,PIV,minimal_corrected,phase2
2020,6,4-12,0.0,PIV,minimal_corrected,phase2
2020,6,13-17,,PIV,minimal_corrected,phase2
2020,6,18-44,,PIV,minimal_corrected,phase2
2020,6,45-59,,PIV,minimal_corrected,phase2
2020,6,60-74,0.0,PIV,minimal_corrected,phase2
2020,6,75-89,0.0,PIV,minimal_corrected,phase2
2020,6,>=90,0.0,PIV,minimal_corrected,phase2
2020,7,<1,0.0,PIV,minimal_corrected,phase2
2020,7,1-3,0.0,PIV,minimal_corrected,phase2
2020,7,4-12,,PIV,minimal_corrected,phase2
2020,7,13-17,,PIV,minimal_corrected,phase2
2020,7,18-44,,PIV,minimal_corrected,phase2
2020,7,45-59,,PIV,minimal_corrected,phase2
2020,7,60-74,,PIV,minimal_corrected,phase2
2020,7,75-89,0.0,PIV,minimal_corrected,phase2
2020,7,>=90,0.0,PIV,minimal_corrected,phase2
2020,8,<1,,PIV,minimal_corrected,phase2
2020,8,1-3,0.0,PIV,minimal_corrected,phase2
2020,8,4-12,0.0,PIV,minimal_corrected,phase2
2020,8,13-17,,PIV,minimal_corrected,phase2
2020,8,18-44,,PIV,minimal_corrected,phase2
2020,8,45-59,,PIV,minimal_corrected,phase2
2020,8,60-74,,PIV,minimal_corrected,phase2
2020,8,75-89,0.0,PIV,minimal_corrected,phase2
2020,8,>=90,0.0,PIV,minimal_corrected,phase2
2020,9,<1,2.631578947368421,PIV,minimal_corrected,phase2
2020,9,1-3,7.317073170731707,PIV,minimal_corrected,phase2
2020,9,4-12,4.0,PIV,minimal_corrected,phase2
2020,9,13-17,,PIV,minimal_corrected,phase2
2020,9,18-44,,PIV,minimal_corrected,phase2
2020,9,45-59,,PIV,minimal_corrected,phase2
2020,9,60-74,0.0,PIV,minimal_corrected,phase2
2020,9,75-89,0.0,PIV,minimal_corrected,phase2
2020,9,>=90,0.0,PIV,minimal_corrected,phase2
2020,10,<1,16.129032258064516,PIV,minimal_corrected,phase2
2020,10,1-3,19.230769230769237,PIV,minimal_corrected,phase2
2020,10,4-12,,PIV,minimal_corrected,phase2
2020,10,13-17,,PIV,minimal_corrected,phase2
2020,10,18-44,,PIV,minimal_corrected,phase2
2020,10,45-59,,PIV,minimal_corrected,phase2
2020,10,60-74,,PIV,minimal_corrected,phase2
2020,10,75-89,0.0,PIV,minimal_corrected,phase2
2020,10,>=90,0.0,PIV,minimal_corrected,phase2
2020,11,<1,25.925925925925924,PIV,minimal_corrected,phase2
2020,11,1-3,31.57894736842105,PIV,minimal_corrected,phase2
2020,11,4-12,,PIV,minimal_corrected,phase2
2020,11,13-17,,PIV,minimal_corrected,phase2
2020,11,18-44,,PIV,minimal_corrected,phase2
2020,11,45-59,,PIV,minimal_corrected,phase2
2020,11,60-74,,PIV,minimal_corrected,phase2
2020,11,75-89,0.0,PIV,minimal_corrected,phase2
2020,11,>=90,0.0,PIV,minimal_corrected,phase2
2020,12,<1,23.684210526315788,PIV,minimal_corrected,phase2
2020,12,1-3,23.07692307692308,PIV,minimal_corrected,phase2
2020,12,4-12,,PIV,minimal_corrected,phase2
2020,12,13-17,,PIV,minimal_corrected,phase2
2020,12,18-44,,PIV,minimal_corrected,phase2
2020,12,45-59,,PIV,minimal_corrected,phase2
2020,12,60-74,,PIV,minimal_corrected,phase2
2020,12,75-89,5.263157894736842,PIV,minimal_corrected,phase2
2020,12,>=90,0.0,PIV,minimal_corrected,phase2
2021,1,<1,4.0,PIV,minimal_corrected,phase2
2021,1,1-3,10.0,PIV,minimal_corrected,phase2
2021,1,4-12,,PIV,minimal_corrected,phase2
2021,1,13-17,,PIV,minimal_corrected,phase2
2021,1,18-44,,PIV,minimal_corrected,phase2
2021,1,45-59,,PIV,minimal_corrected,phase2
2021,1,60-74,5.714285714285714,PIV,minimal_corrected,phase2
2021,1,75-89,3.125,PIV,minimal_corrected,phase2
2021,1,>=90,0.0,PIV,minimal_corrected,phase2
2021,2,<1,,PIV,minimal_corrected,phase2
2021,2,1-3,,PIV,minimal_corrected,phase2
2021,2,4-12,,PIV,minimal_corrected,phase2
2021,2,13-17,,PIV,minimal_corrected,phase2
2021,2,18-44,,PIV,minimal_corrected,phase2
2021,2,45-59,,PIV,minimal_corrected,phase2
2021,2,60-74,,PIV,minimal_corrected,phase2
2021,2,75-89,0.0,PIV,minimal_corrected,phase2
2021,2,>=90,0.0,PIV,minimal_corrected,phase2
2021,3,<1,,PIV,minimal_corrected,phase2
2021,3,1-3,,PIV,minimal_corrected,phase2
2021,3,4-12,,PIV,minimal_corrected,phase2
2021,3,13-17,,PIV,minimal_corrected,phase2
2021,3,18-44,,PIV,minimal_corrected,phase2
2021,3,45-59,,PIV,minimal_corrected,phase2
2021,3,60-74,0.0,PIV,minimal_corrected,phase2
2021,3,75-89,1.639344262295082,PIV,minimal_corrected,phase2
2021,3,>=90,0.0,PIV,minimal_corrected,phase2
2021,4,<1,,PIV,minimal_corrected,phase2
2021,4,1-3,,PIV,minimal_corrected,phase2
2021,4,4-12,,PIV,minimal_corrected,phase2
2021,4,13-17,,PIV,minimal_corrected,phase2
2021,4,18-44,,PIV,minimal_corrected,phase2
2021,4,45-59,0.0,PIV,minimal_corrected,phase2
2021,4,60-74,0.0,PIV,minimal_corrected,phase2
2021,4,75-89,0.0,PIV,minimal_corrected,phase2
2021,4,>=90,0.0,PIV,minimal_corrected,phase2
2021,5,<1,14.285714285714285,PIV,minimal_corrected,phase2
2021,5,1-3,18.181818181818183,PIV,minimal_corrected,phase2
2021,5,4-12,,PIV,minimal_corrected,phase2
2021,5,13-17,,PIV,minimal_corrected,phase2
2021,5,18-44,,PIV,minimal_corrected,phase2
2021,5,45-59,,PIV,minimal_corrected,phase2
2021,5,60-74,,PIV,minimal_corrected,phase2
2021,5,75-89,1.96078431372549,PIV,minimal_corrected,phase2
2021,5,>=90,0.0,PIV,minimal_corrected,phase2
2021,6,<1,8.19672131147541,PIV,minimal_corrected,phase2
2021,6,1-3,14.545454545454543,PIV,minimal_corrected,phase2
2021,6,4-12,15.0,PIV,minimal_corrected,phase2
2021,6,18-44,0.0,PIV,minimal_corrected,phase2
2021,6,45-59,,PIV,minimal_corrected,phase2
2021,6,60-74,4.3478260869565215,PIV,minimal_corrected,phase2
2021,6,75-89,0.0,PIV,minimal_corrected,phase2
2021,6,>=90,2.5,PIV,minimal_corrected,phase2
2021,7,<1,4.705882352941177,PIV,minimal_corrected,phase2
2021,7,1-3,10.666666666666668,PIV,minimal_corrected,phase2
2021,7,4-12,18.51851851851852,PIV,minimal_corrected,phase2
2021,7,13-17,,PIV,minimal_corrected,phase2
2021,7,18-44,,PIV,minimal_corrected,phase2
2021,7,45-59,,PIV,minimal_corrected,phase2
2021,7,60-74,,PIV,minimal_corrected,phase2
2021,7,75-89,0.0,PIV,minimal_corrected,phase2
2021,7,>=90,3.4482758620689653,PIV,minimal_corrected,phase2
2021,8,<1,1.4285714285714286,PIV,minimal_corrected,phase2
2021,8,1-3,4.081632653061225,PIV,minimal_corrected,phase2
2021,8,4-12,,PIV,minimal_corrected,phase2
2021,8,13-17,,PIV,minimal_corrected,phase2
2021,8,18-44,,PIV,minimal_corrected,phase2
2021,8,45-59,,PIV,minimal_corrected,phase2
2021,8,60-74,,PIV,minimal_corrected,phase2
2021,8,75-89,0.0,PIV,minimal_corrected,phase2
2021,8,>=90,0.0,PIV,minimal_corrected,phase2
2021,9,<1,0.0,PIV,minimal_corrected,phase2
2021,9,1-3,,PIV,minimal_corrected,phase2
2021,9,4-12,,PIV,minimal_corrected,phase2
2021,9,18-44,,PIV,minimal_corrected,phase2
2021,9,45-59,,PIV,minimal_corrected,phase2
2021,9,60-74,,PIV,minimal_corrected,phase2
2021,9,75-89,0.0,PIV,minimal_corrected,phase2
2021,9,>=90,0.0,PIV,minimal_corrected,phase2
2021,10,<1,,PIV,minimal_corrected,phase2
2021,10,1-3,,PIV,minimal_corrected,phase2
2021,10,4-12,,PIV,minimal_corrected,phase2
2021,10,13-17,,PIV,minimal_corrected,phase2
2021,10,18-44,,PIV,minimal_corrected,phase2
2021,10,45-59,,PIV,minimal_corrected,phase2
2021,10,60-74,,PIV,minimal_corrected,phase2
2021,10,75-89,0.0,PIV,minimal_corrected,phase2
2021,10,>=90,0.0,PIV,minimal_corrected,phase2
2021,11,<1,8.571428571428571,PIV,minimal_corrected,phase2
2021,11,1-3,0.0,PIV,minimal_corrected,phase2
2021,11,4-12,3.4482758620689653,PIV,minimal_corrected,phase2
2021,11,13-17,,PIV,minimal_corrected,phase2
2021,11,18-44,,PIV,minimal_corrected,phase2
2021,11,45-59,,PIV,minimal_corrected,phase2
2021,11,60-74,,PIV,minimal_corrected,phase2
2021,11,75-89,0.0,PIV,minimal_corrected,phase2
2021,11,>=90,0.0,PIV,minimal_corrected,phase2
2021,12,<1,18.181818181818183,PIV,minimal_corrected,phase2
2021,12,1-3,6.25,PIV,minimal_corrected,phase2
2021,12,4-12,6.0606060606060606,PIV,minimal_corrected,phase2
2021,12,13-17,,PIV,minimal_corrected,phase2
2021,12,18-44,,PIV,minimal_corrected,phase2
2021,12,45-59,,PIV,minimal_corrected,phase2
2021,12,60-74,0.0,PIV,minimal_corrected,phase2
2021,12,75-89,0.0,PIV,minimal_corrected,phase2
2021,12,>=90,0.0,PIV,minimal_corrected,phase2
2022,1,<1,20.0,PIV,minimal_corrected,phase2
2022,1,1-3,13.953488372093023,PIV,minimal_corrected,phase2
2022,1,4-12,9.836065573770492,PIV,minimal_corrected,phase2
2022,1,13-17,,PIV,minimal_corrected,phase2
2022,1,18-44,,PIV,minimal_corrected,phase2
2022,1,45-59,,PIV,minimal_corrected,phase2
2022,1,60-74,3.0303030303030303,PIV,minimal_corrected,phase2
2022,1,75-89,0.0,PIV,minimal_corrected,phase2
2022,1,>=90,0.0,PIV,minimal_corrected,phase2
2022,2,<1,21.428571428571427,PIV,minimal_corrected,phase2
2022,2,1-3,25.806451612903224,PIV,minimal_corrected,phase2
2022,2,4-12,,PIV,minimal_corrected,phase2
2022,2,13-17,,PIV,minimal_corrected,phase2
2022,2,18-44,,PIV,minimal_corrected,phase2
2022,2,45-59,,PIV,minimal_corrected,phase2
2022,2,60-74,5.555555555555555,PIV,minimal_corrected,phase2
2022,2,75-89,4.081632653061225,PIV,minimal_corrected,phase2
2022,2,>=90,0.0,PIV,minimal_corrected,phase2
2022,3,<1,14.814814814814811,PIV,minimal_corrected,phase2
2022,3,1-3,19.047619047619047,PIV,minimal_corrected,phase2
2022,3,4-12,4.444444444444445,PIV,minimal_corrected,phase2
2022,3,13-17,,PIV,minimal_corrected,phase2
2022,3,18-44,0.0,PIV,minimal_corrected,phase2
2022,3,45-59,5.88235294117647,PIV,minimal_corrected,phase2
2022,3,60-74,2.941176470588235,PIV,minimal_corrected,phase2
2022,3,75-89,0.0,PIV,minimal_corrected,phase2
2022,3,>=90,0.7518796992481203,PIV,minimal_corrected,phase2
2022,4,<1,15.909090909090908,PIV,minimal_corrected,phase2
2022,4,1-3,9.30232558139535,PIV,minimal_corrected,phase2
2022,4,4-12,12.5,PIV,minimal_corrected,phase2
2022,4,13-17,,PIV,minimal_corrected,phase2
2022,4,18-44,0.0,PIV,minimal_corrected,phase2
2022,4,45-59,0.0,PIV,minimal_corrected,phase2
2022,4,60-74,0.0,PIV,minimal_corrected,phase2
2022,4,75-89,0.0,PIV,minimal_corrected,phase2
2022,4,>=90,0.0,PIV,minimal_corrected,phase2
2022,5,<1,12.12121212121212,PIV,minimal_corrected,phase2
2022,5,1-3,0.0,PIV,minimal_corrected,phase2
2022,5,4-12,5.88235294117647,PIV,minimal_corrected,phase2
2022,5,13-17,,PIV,minimal_corrected,phase2
2022,5,18-44,0.0,PIV,minimal_corrected,phase2
2022,5,45-59,0.0,PIV,minimal_corrected,phase2
2022,5,60-74,0.0,PIV,minimal_corrected,phase2
2022,5,75-89,0.0,PIV,minimal_corrected,phase2
2022,5,>=90,0.0,PIV,minimal_corrected,phase2
2022,6,<1,7.6923076923076925,PIV,minimal_corrected,phase2
2022,6,1-3,7.954545454545454,PIV,minimal_corrected,phase2
2022,6,4-12,6.172839506172839,PIV,minimal_corrected,phase2
2022,6,13-17,,PIV,minimal_corrected,phase2
2022,6,18-44,0.0,PIV,minimal_corrected,phase2
2022,6,45-59,1.7857142857142856,PIV,minimal_corrected,phase2
2022,6,60-74,1.818181818181818,PIV,minimal_corrected,phase2
2022,6,75-89,0.7936507936507936,PIV,minimal_corrected,phase2
2022,6,>=90,0.0,PIV,minimal_corrected,phase2
2022,7,<1,9.67741935483871,PIV,minimal_corrected,phase2
2022,7,1-3,9.210526315789473,PIV,minimal_corrected,phase2
2022,7,4-12,1.6666666666666667,PIV,minimal_corrected,phase2
2022,7,13-17,,PIV,minimal_corrected,phase2
2022,7,18-44,0.0,PIV,minimal_corrected,phase2
2022,7,45-59,0.0,PIV,minimal_corrected,phase2
2022,7,60-74,0.0,PIV,minimal_corrected,phase2
2022,7,75-89,0.0,PIV,minimal_corrected,phase2
2022,7,>=90,0.0,PIV,minimal_corrected,phase2
2022,8,<1,2.0408163265306123,PIV,minimal_corrected,phase2
2022,8,1-3,3.5294117647058822,PIV,minimal_corrected,phase2
2022,8,4-12,2.1739130434782608,PIV,minimal_corrected,phase2
2022,8,13-17,,PIV,minimal_corrected,phase2
2022,8,18-44,0.0,PIV,minimal_corrected,phase2
2022,8,45-59,1.8867924528301887,PIV,minimal_corrected,phase2
2022,8,60-74,1.694915254237288,PIV,minimal_corrected,phase2
2022,8,75-89,0.0,PIV,minimal_corrected,phase2
2022,8,>=90,0.0,PIV,minimal_corrected,phase2
2022,9,<1,2.857142857142857,PIV,minimal_corrected,phase2
2022,9,1-3,1.7857142857142856,PIV,minimal_corrected,phase2
2022,9,4-12,0.0,PIV,minimal_corrected,phase2
2022,9,13-17,,PIV,minimal_corrected,phase2
2022,9,18-44,0.0,PIV,minimal_corrected,phase2
2022,9,45-59,0.0,PIV,minimal_corrected,phase2
2022,9,60-74,0.0,PIV,minimal_corrected,phase2
2022,9,75-89,1.8867924528301887,PIV,minimal_corrected,phase2
2022,9,>=90,0.0,PIV,minimal_corrected,phase2
2022,10,<1,12.5,PIV,minimal_corrected,phase2
2022,10,1-3,12.676056338028168,PIV,minimal_corrected,phase2
2022,10,4-12,2.985074626865672,PIV,minimal_corrected,phase2
2022,10,13-17,,PIV,minimal_corrected,phase2
2022,10,18-44,0.0,PIV,minimal_corrected,phase2
2022,10,45-59,2.4390243902439024,PIV,minimal_corrected,phase2
2022,10,60-74,0.0,PIV,minimal_corrected,phase2
2022,10,75-89,0.0,PIV,minimal_corrected,phase2
2022,10,>=90,0.0,PIV,minimal_corrected,phase2
2022,11,<1,8.16326530612245,PIV,minimal_corrected,phase2
2022,11,1-3,19.444444444444446,PIV,minimal_corrected,phase2
2022,11,4-12,13.750000000000002,PIV,minimal_corrected,phase2
2022,11,13-17,,PIV,minimal_corrected,phase2
2022,11,18-44,3.4482758620689653,PIV,minimal_corrected,phase2
2022,11,45-59,5.0,PIV,minimal_corrected,phase2
2022,11,60-74,0.0,PIV,minimal_corrected,phase2
2022,11,75-89,0.0,PIV,minimal_corrected,phase2
2022,11,>=90,0.0,PIV,minimal_corrected,phase2
2022,12,<1,12.06896551724138,PIV,minimal_corrected,phase2
2022,12,1-3,18.181818181818183,PIV,minimal_corrected,phase2
2022,12,4-12,13.432835820895525,PIV,minimal_corrected,phase2
2022,12,13-17,,PIV,minimal_corrected,phase2
2022,12,18-44,0.0,PIV,minimal_corrected,phase2
2022,12,45-59,0.0,PIV,minimal_corrected,phase2
2022,12,60-74,1.4492753623188406,PIV,minimal_corrected,phase2
2022,12,75-89,1.8018018018018016,PIV,minimal_corrected,phase2
2022,12,>=90,0.0,PIV,minimal_corrected,phase2
2023,1,<1,2.5316455696202533,PIV,minimal_corrected,phase2
2023,1,1-3,0.0,PIV,minimal_corrected,phase2
2023,1,4-12,0.0,PIV,minimal_corrected,phase2
2023,1,13-17,,PIV,minimal_corrected,phase2
2023,1,18-44,0.0,PIV,minimal_corrected,phase2
2023,1,45-59,0.0,PIV,minimal_corrected,phase2
2023,1,60-74,0.5524861878453038,PIV,minimal_corrected,phase2
2023,1,75-89,0.0,PIV,minimal_corrected,phase2
2023,1,>=90,0.0,PIV,minimal_corrected,phase2
2023,2,<1,0.0,PIV,minimal_corrected,phase2
2023,2,1-3,0.0,PIV,minimal_corrected,phase2
2023,2,4-12,0.0,PIV,minimal_corrected,phase2
2023,2,13-17,,PIV,minimal_corrected,phase2
2023,2,18-44,0.0,PIV,minimal_corrected,phase2
2023,2,45-59,0.0,PIV,minimal_corrected,phase2
2023,2,60-74,0.0,PIV,minimal_corrected,phase2
2023,2,75-89,0.0,PIV,minimal_corrected,phase2
2023,2,>=90,0.847457627118644,PIV,minimal_corrected,phase2
2023,3,<1,0.0,PIV,minimal_corrected,phase2
2023,3,1-3,1.2195121951219512,PIV,minimal_corrected,phase2
2023,3,4-12,0.7692307692307693,PIV,minimal_corrected,phase2
2023,3,13-17,,PIV,minimal_corrected,phase2
2023,3,18-44,0.0,PIV,minimal_corrected,phase2
2023,3,45-59,0.0,PIV,minimal_corrected,phase2
2023,3,60-74,0.0,PIV,minimal_corrected,phase2
2023,3,75-89,0.0,PIV,minimal_corrected,phase2
2023,3,>=90,0.0,PIV,minimal_corrected,phase2
2023,4,<1,2.272727272727273,PIV,minimal_corrected,phase2
2023,4,1-3,0.0,PIV,minimal_corrected,phase2
2023,4,4-12,0.0,PIV,minimal_corrected,phase2
2023,4,13-17,,PIV,minimal_corrected,phase2
2023,4,18-44,0.0,PIV,minimal_corrected,phase2
2023,4,45-59,0.0,PIV,minimal_corrected,phase2
2023,4,60-74,0.0,PIV,minimal_corrected,phase2
2023,4,75-89,0.0,PIV,minimal_corrected,phase2
2023,4,>=90,0.0,PIV,minimal_corrected,phase2
2023,5,<1,0.0,PIV,minimal_corrected,phase2
2023,5,1-3,3.278688524590164,PIV,minimal_corrected,phase2
2023,5,4-12,3.278688524590164,PIV,minimal_corrected,phase2
2023,5,13-17,,PIV,minimal_corrected,phase2
2023,5,18-44,0.0,PIV,minimal_corrected,phase2
2023,5,45-59,0.0,PIV,minimal_corrected,phase2
2023,5,60-74,0.0,PIV,minimal_corrected,phase2
2023,5,75-89,0.0,PIV,minimal_corrected,phase2
2023,5,>=90,0.0,PIV,minimal_corrected,phase2
2023,6,<1,15.517241379310343,PIV,minimal_corrected,phase2
2023,6,1-3,9.615384615384617,PIV,minimal_corrected,phase2
2023,6,4-12,4.878048780487805,PIV,minimal_corrected,phase2
2023,6,13-17,,PIV,minimal_corrected,phase2
2023,6,18-44,0.0,PIV,minimal_corrected,phase2
2023,6,45-59,3.4482758620689653,PIV,minimal_corrected,phase2
2023,6,60-74,0.0,PIV,minimal_corrected,phase2
2023,6,75-89,1.162790697674419,PIV,minimal_corrected,phase2
2023,6,>=90,0.8333333333333334,PIV,minimal_corrected,phase2
2023,7,<1,6.666666666666667,PIV,minimal_corrected,phase2
2023,7,1-3,,PIV,minimal_corrected,phase2
2023,7,4-12,,PIV,minimal_corrected,phase2
2023,7,13-17,,PIV,minimal_corrected,phase2
2023,7,18-44,0.0,PIV,minimal_corrected,phase2
2023,7,45-59,7.894736842105263,PIV,minimal_corrected,phase2
2023,7,60-74,5.0,PIV,minimal_corrected,phase2
2023,7,75-89,1.5625,PIV,minimal_corrected,phase2
2023,7,>=90,0.9345794392523364,PIV,minimal_corrected,phase2
2023,8,<1,13.043478260869565,PIV,minimal_corrected,phase2
2023,8,1-3,,PIV,minimal_corrected,phase2
2023,8,4-12,,PIV,minimal_corrected,phase2
2023,8,13-17,,PIV,minimal_corrected,phase2
2023,8,18-44,2.941176470588235,PIV,minimal_corrected,phase2
2023,8,45-59,2.3255813953488373,PIV,minimal_corrected,phase2
2023,8,60-74,1.3333333333333337,PIV,minimal_corrected,phase2
2023,8,75-89,5.263157894736842,PIV,minimal_corrected,phase2
2023,8,>=90,0.0,PIV,minimal_corrected,phase2
2023,9,<1,,PIV,minimal_corrected,phase2
2023,9,1-3,,PIV,minimal_corrected,phase2
2023,9,4-12,,PIV,minimal_corrected,phase2
2023,9,13-17,,PIV,minimal_corrected,phase2
2023,9,18-44,2.702702702702702,PIV,minimal_corrected,phase2
2023,9,45-59,0.0,PIV,minimal_corrected,phase2
2023,9,60-74,1.5384615384615383,PIV,minimal_corrected,phase2
2023,9,75-89,3.278688524590164,PIV,minimal_corrected,phase2
2023,9,>=90,0.0,PIV,minimal_corrected,phase2
2023,10,<1,9.523809523809524,PIV,minimal_corrected,phase2
2023,10,1-3,,PIV,minimal_corrected,phase2
2023,10,4-12,,PIV,minimal_corrected,phase2
2023,10,13-17,,PIV,minimal_corrected,phase2
2023,10,18-44,0.0,PIV,minimal_corrected,phase2
2023,10,45-59,0.0,PIV,minimal_corrected,phase2
2023,10,60-74,2.4390243902439024,PIV,minimal_corrected,phase2
2023,10,75-89,0.0,PIV,minimal_corrected,phase2
2023,10,>=90,0.0,PIV,minimal_corrected,phase2
2023,11,<1,,PIV,minimal_corrected,phase2
2023,11,1-3,,PIV,minimal_corrected,phase2
2023,11,4-12,,PIV,minimal_corrected,phase2
2023,11,13-17,,PIV,minimal_corrected,phase2
2023,11,18-44,6.25,PIV,minimal_corrected,phase2
2023,11,45-59,5.555555555555555,PIV,minimal_corrected,phase2
2023,11,60-74,3.5294117647058822,PIV,minimal_corrected,phase2
2023,11,75-89,0.0,PIV,minimal_corrected,phase2
2023,11,>=90,0.0,PIV,minimal_corrected,phase2
2023,12,<1,,PIV,minimal_corrected,phase2
2023,12,1-3,,PIV,minimal_corrected,phase2
2023,12,4-12,,PIV,minimal_corrected,phase2
2023,12,13-17,,PIV,minimal_corrected,phase2
2023,12,18-44,0.0,PIV,minimal_corrected,phase2
2023,12,45-59,3.125,PIV,minimal_corrected,phase2
2023,12,60-74,3.149606299212598,PIV,minimal_corrected,phase2
2023,12,75-89,0.9523809523809524,PIV,minimal_corrected,phase2
2023,12,>=90,0.0,PIV,minimal_corrected,phase2
2024,1,<1,,PIV,minimal_corrected,phase2
2024,1,1-3,,PIV,minimal_corrected,phase2
2024,1,4-12,,PIV,minimal_corrected,phase2
2024,1,13-17,,PIV,minimal_corrected,phase2
2024,1,18-44,0.0,PIV,minimal_corrected,phase2
2024,1,45-59,0.0,PIV,minimal_corrected,phase2
2024,1,60-74,1.0309278350515465,PIV,minimal_corrected,phase2
2024,1,75-89,0.625,PIV,minimal_corrected,phase2
2024,1,>=90,1.020408163265306,PIV,minimal_corrected,phase2
2024,2,<1,,PIV,minimal_corrected,phase2
2024,2,4-12,,PIV,minimal_corrected,phase2
2024,2,13-17,,PIV,minimal_corrected,phase2
2024,2,18-44,0.0,PIV,minimal_corrected,phase2
2024,2,45-59,0.0,PIV,minimal_corrected,phase2
2024,2,60-74,0.9803921568627452,PIV,minimal_corrected,phase2
2024,2,75-89,2.7777777777777777,PIV,minimal_corrected,phase2
2024,2,>=90,12.087912087912088,PIV,minimal_corrected,phase2
2024,3,<1,5.128205128205128,PIV,minimal_corrected,phase2
2024,3,4-12,,PIV,minimal_corrected,phase2
2024,3,13-17,,PIV,minimal_corrected,phase2
2024,3,18-44,0.0,PIV,minimal_corrected,phase2
2024,3,45-59,0.8403361344537815,PIV,minimal_corrected,phase2
2024,3,60-74,0.5681818181818182,PIV,minimal_corrected,phase2
2024,3,75-89,0.9433962264150944,PIV,minimal_corrected,phase2
2024,3,>=90,1.7391304347826086,PIV,minimal_corrected,phase2
2024,4,<1,,PIV,minimal_corrected,phase2
2024,4,1-3,,PIV,minimal_corrected,phase2
2024,4,4-12,,PIV,minimal_corrected,phase2
2024,4,13-17,,PIV,minimal_corrected,phase2
2024,4,18-44,0.0,PIV,minimal_corrected,phase2
2024,4,45-59,3.125,PIV,minimal_corrected,phase2
2024,4,60-74,1.1560693641618496,PIV,minimal_corrected,phase2
2024,4,75-89,0.9708737864077668,PIV,minimal_corrected,phase2
2024,4,>=90,0.0,PIV,minimal_corrected,phase2
2024,5,<1,,PIV,minimal_corrected,phase2
2024,5,4-12,,PIV,minimal_corrected,phase2
2024,5,13-17,,PIV,minimal_corrected,phase2
2024,5,18-44,2.272727272727273,PIV,minimal_corrected,phase2
2024,5,45-59,2.061855670103093,PIV,minimal_corrected,phase2
2024,5,60-74,4.895104895104895,PIV,minimal_corrected,phase2
2024,5,75-89,3.1578947368421053,PIV,minimal_corrected,phase2
2024,5,>=90,0.0,PIV,minimal_corrected,phase2
2024,6,<1,4.545454545454546,PIV,minimal_corrected,phase2
2024,6,1-3,,PIV,minimal_corrected,phase2
2024,6,4-12,,PIV,minimal_corrected,phase2
2024,6,13-17,,PIV,minimal_corrected,phase2
2024,6,18-44,4.0,PIV,minimal_corrected,phase2
2024,6,45-59,2.409638554216868,PIV,minimal_corrected,phase2
2024,6,60-74,6.185567010309279,PIV,minimal_corrected,phase2
2024,6,75-89,3.658536585365853,PIV,minimal_corrected,phase2
2024,6,>=90,1.098901098901099,PIV,minimal_corrected,phase2
2024,7,<1,,PIV,minimal_corrected,phase2
2024,7,1-3,,PIV,minimal_corrected,phase2
2024,7,4-12,,PIV,minimal_corrected,phase2
2024,7,13-17,,PIV,minimal_corrected,phase2
2024,7,18-44,2.857142857142857,PIV,minimal_corrected,phase2
2024,7,45-59,1.2048192771084338,PIV,minimal_corrected,phase2
2024,7,60-74,2.608695652173913,PIV,minimal_corrected,phase2
2024,7,75-89,3.0303030303030303,PIV,minimal_corrected,phase2
2024,7,>=90,1.2048192771084338,PIV,minimal_corrected,phase2
2024,8,<1,,PIV,minimal_corrected,phase2
2024,8,1-3,,PIV,minimal_corrected,phase2
2024,8,4-12,,PIV,minimal_corrected,phase2
2024,8,18-44,3.225806451612903,PIV,minimal_corrected,phase2
2024,8,45-59,1.7543859649122806,PIV,minimal_corrected,phase2
2024,8,60-74,2.409638554216868,PIV,minimal_corrected,phase2
2024,8,75-89,0.0,PIV,minimal_corrected,phase2
2024,8,>=90,0.0,PIV,minimal_corrected,phase2
2024,9,<1,,PIV,minimal_corrected,phase2
2024,9,4-12,,PIV,minimal_corrected,phase2
2024,9,13-17,,PIV,minimal_corrected,phase2
2024,9,18-44,0.0,PIV,minimal_corrected,phase2
2024,9,45-59,5.88235294117647,PIV,minimal_corrected,phase2
2024,9,60-74,1.5384615384615383,PIV,minimal_corrected,phase2
2024,9,75-89,2.380952380952381,PIV,minimal_corrected,phase2
2024,9,>=90,1.7543859649122806,PIV,minimal_corrected,phase2
2024,10,<1,,PIV,minimal_corrected,phase2
2024,10,1-3,,PIV,minimal_corrected,phase2
2024,10,4-12,,PIV,minimal_corrected,phase2
2024,10,13-17,,PIV,minimal_corrected,phase2
2024,10,18-44,0.0,PIV,minimal_corrected,phase2
2024,10,45-59,,PIV,minimal_corrected,phase2
2024,10,60-74,2.564102564102564,PIV,minimal_corrected,phase2
2024,10,75-89,2.631578947368421,PIV,minimal_corrected,phase2
2024,10,>=90,0.0,PIV,minimal_corrected,phase2
2024,11,<1,,PIV,minimal_corrected,phase2
2024,11,1-3,,PIV,minimal_corrected,phase2
2024,11,4-12,,PIV,minimal_corrected,phase2
2024,11,13-17,,PIV,minimal_corrected,phase2
2024,11,18-44,,PIV,minimal_corrected,phase2
2024,11,45-59,0.0,PIV,minimal_corrected,phase2
2024,11,60-74,2.127659574468085,PIV,minimal_corrected,phase2
2024,11,75-89,0.0,PIV,minimal_corrected,phase2
2024,11,>=90,0.0,PIV,minimal_corrected,phase2
2024,12,<1,,PIV,minimal_corrected,phase2
2024,12,1-3,,PIV,minimal_corrected,phase2
2024,12,4-12,,PIV,minimal_corrected,phase2
2024,12,13-17,,PIV,minimal_corrected,phase2
2024,12,18-44,0.0,PIV,minimal_corrected,phase2
2024,12,45-59,,PIV,minimal_corrected,phase2
2024,12,60-74,1.8867924528301887,PIV,minimal_corrected,phase2
2024,12,75-89,0.0,PIV,minimal_corrected,phase2
2024,12,>=90,0.0,PIV,minimal_corrected,phase2
2025,1,<1,,PIV,minimal_corrected,phase2
2025,1,1-3,,PIV,minimal_corrected,phase2
2025,1,4-12,,PIV,minimal_corrected,phase2
2025,1,13-17,,PIV,minimal_corrected,phase2
2025,1,18-44,6.666666666666667,PIV,minimal_corrected,phase2
2025,1,45-59,0.0,PIV,minimal_corrected,phase2
2025,1,60-74,2.702702702702702,PIV,minimal_corrected,phase2
2025,1,75-89,5.714285714285714,PIV,minimal_corrected,phase2
2025,1,>=90,0.0,PIV,minimal_corrected,phase2
2025,2,<1,,PIV,minimal_corrected,phase2
2025,2,1-3,,PIV,minimal_corrected,phase2
2025,2,4-12,,PIV,minimal_corrected,phase2
2025,2,13-17,,PIV,minimal_corrected,phase2
2025,2,18-44,,PIV,minimal_corrected,phase2
2025,2,45-59,0.0,PIV,minimal_corrected,phase2
2025,2,60-74,2.564102564102564,PIV,minimal_corrected,phase2
2025,2,75-89,0.0,PIV,minimal_corrected,phase2
2025,2,>=90,,PIV,minimal_corrected,phase2
2025,3,<1,,PIV,minimal_corrected,phase2
2025,3,1-3,,PIV,minimal_corrected,phase2
2025,3,4-12,,PIV,minimal_corrected,phase2
2025,3,13-17,,PIV,minimal_corrected,phase2
2025,3,18-44,0.0,PIV,minimal_corrected,phase2
2025,3,45-59,0.0,PIV,minimal_corrected,phase2
2025,3,60-74,0.0,PIV,minimal_corrected,phase2
2025,3,75-89,2.2222222222222223,PIV,minimal_corrected,phase2
2025,3,>=90,0.0,PIV,minimal_corrected,phase2
2025,4,<1,,PIV,minimal_corrected,phase2
2025,4,1-3,,PIV,minimal_corrected,phase2
2025,4,4-12,,PIV,minimal_corrected,phase2
2025,4,13-17,,PIV,minimal_corrected,phase2
2025,4,18-44,0.0,PIV,minimal_corrected,phase2
2025,4,45-59,0.0,PIV,minimal_corrected,phase2
2025,4,60-74,0.0,PIV,minimal_corrected,phase2
2025,4,75-89,3.571428571428571,PIV,minimal_corrected,phase2
2025,4,>=90,0.0,PIV,minimal_corrected,phase2
2025,5,<1,,PIV,minimal_corrected,phase2
2025,5,1-3,,PIV,minimal_corrected,phase2
2025,5,4-12,,PIV,minimal_corrected,phase2
2025,5,13-17,,PIV,minimal_corrected,phase2
2025,5,18-44,0.0,PIV,minimal_corrected,phase2
2025,5,45-59,0.0,PIV,minimal_corrected,phase2
2025,5,60-74,0.0,PIV,minimal_corrected,phase2
2025,5,75-89,8.51063829787234,PIV,minimal_corrected,phase2
2025,5,>=90,0.0,PIV,minimal_corrected,phase2
2025,6,<1,,PIV,minimal_corrected,phase2
2025,6,1-3,,PIV,minimal_corrected,phase2
2025,6,4-12,,PIV,minimal_corrected,phase2
2025,6,13-17,,PIV,minimal_corrected,phase2
2025,6,18-44,,PIV,minimal_corrected,phase2
2025,6,45-59,3.125,PIV,minimal_corrected,phase2
2025,6,60-74,0.0,PIV,minimal_corrected,phase2
2025,6,75-89,4.545454545454546,PIV,minimal_corrected,phase2
2025,6,>=90,0.0,PIV,minimal_corrected,phase2
2025,7,<1,,PIV,minimal_corrected,phase2
2025,7,1-3,,PIV,minimal_corrected,phase2
2025,7,4-12,,PIV,minimal_corrected,phase2
2025,7,13-17,,PIV,minimal_corrected,phase2
2025,7,18-44,,PIV,minimal_corrected,phase2
2025,7,45-59,0.0,PIV,minimal_corrected,phase2
2025,7,60-74,2.857142857142857,PIV,minimal_corrected,phase2
2025,7,75-89,2.631578947368421,PIV,minimal_corrected,phase2
2025,7,>=90,0.0,PIV,minimal_corrected,phase2
2025,8,<1,,PIV,minimal_corrected,phase2
2025,8,1-3,,PIV,minimal_corrected,phase2
2025,8,4-12,,PIV,minimal_corrected,phase2
2025,8,13-17,,PIV,minimal_corrected,phase2
2025,8,18-44,,PIV,minimal_corrected,phase2
2025,8,45-59,0.0,PIV,minimal_corrected,phase2
2025,8,60-74,2.631578947368421,PIV,minimal_corrected,phase2
2025,8,75-89,0.0,PIV,minimal_corrected,phase2
2025,8,>=90,11.627906976744184,PIV,minimal_corrected,phase2
2025,9,<1,,PIV,minimal_corrected,phase2
2025,9,1-3,,PIV,minimal_corrected,phase2
2025,9,4-12,,PIV,minimal_corrected,phase2
2025,9,13-17,,PIV,minimal_corrected,phase2
2025,9,18-44,,PIV,minimal_corrected,phase2
2025,9,45-59,3.225806451612903,PIV,minimal_corrected,phase2
2025,9,60-74,0.0,PIV,minimal_corrected,phase2
2025,9,75-89,2.857142857142857,PIV,minimal_corrected,phase2
2025,9,>=90,4.081632653061225,PIV,minimal_corrected,phase2
2025,10,<1,,PIV,minimal_corrected,phase2
2025,10,1-3,,PIV,minimal_corrected,phase2
2025,10,4-12,,PIV,minimal_corrected,phase2
2025,10,13-17,,PIV,minimal_corrected,phase2
2025,10,18-44,,PIV,minimal_corrected,phase2
2025,10,45-59,,PIV,minimal_corrected,phase2
2025,10,60-74,0.0,PIV,minimal_corrected,phase2
2025,10,75-89,0.0,PIV,minimal_corrected,phase2
2025,10,>=90,0.0,PIV,minimal_corrected,phase2
2025,11,<1,,PIV,minimal_corrected,phase2
2025,11,1-3,,PIV,minimal_corrected,phase2
2025,11,4-12,,PIV,minimal_corrected,phase2
2025,11,13-17,,PIV,minimal_corrected,phase2
2025,11,18-44,,PIV,minimal_corrected,phase2
2025,11,45-59,,PIV,minimal_corrected,phase2
2025,11,60-74,0.0,PIV,minimal_corrected,phase2
2025,11,75-89,0.0,PIV,minimal_corrected,phase2
2025,11,>=90,0.0,PIV,minimal_corrected,phase2
2019,2,<1,,HRV,minimal_corrected,phase2
2019,2,1-3,,HRV,minimal_corrected,phase2
2019,2,18-44,,HRV,minimal_corrected,phase2
2019,2,45-59,,HRV,minimal_corrected,phase2
2019,2,60-74,,HRV,minimal_corrected,phase2
2019,3,<1,13.043478260869565,HRV,minimal_corrected,phase2
2019,3,1-3,17.857142857142858,HRV,minimal_corrected,phase2
2019,3,4-12,48.0,HRV,minimal_corrected,phase2
2019,3,13-17,,HRV,minimal_corrected,phase2
2019,3,18-44,,HRV,minimal_corrected,phase2
2019,3,45-59,,HRV,minimal_corrected,phase2
2019,3,60-74,,HRV,minimal_corrected,phase2
2019,3,75-89,,HRV,minimal_corrected,phase2
2019,4,<1,17.647058823529413,HRV,minimal_corrected,phase2
2019,4,1-3,24.59016393442623,HRV,minimal_corrected,phase2
2019,4,4-12,22.033898305084744,HRV,minimal_corrected,phase2
2019,4,13-17,,HRV,minimal_corrected,phase2
2019,4,18-44,,HRV,minimal_corrected,phase2
2019,4,45-59,,HRV,minimal_corrected,phase2
2019,4,60-74,,HRV,minimal_corrected,phase2
2019,4,75-89,0.0,HRV,minimal_corrected,phase2
2019,4,>=90,,HRV,minimal_corrected,phase2
2019,5,<1,18.181818181818183,HRV,minimal_corrected,phase2
2019,5,1-3,30.434782608695656,HRV,minimal_corrected,phase2
2019,5,4-12,20.212765957446805,HRV,minimal_corrected,phase2
2019,5,13-17,,HRV,minimal_corrected,phase2
2019,5,18-44,,HRV,minimal_corrected,phase2
2019,5,45-59,,HRV,minimal_corrected,phase2
2019,5,60-74,,HRV,minimal_corrected,phase2
2019,5,75-89,,HRV,minimal_corrected,phase2
2019,5,>=90,,HRV,minimal_corrected,phase2
2019,6,<1,25.806451612903224,HRV,minimal_corrected,phase2
2019,6,1-3,17.77777777777778,HRV,minimal_corrected,phase2
2019,6,4-12,26.05042016806723,HRV,minimal_corrected,phase2
2019,6,13-17,,HRV,minimal_corrected,phase2
2019,6,18-44,,HRV,minimal_corrected,phase2
2019,6,45-59,,HRV,minimal_corrected,phase2
2019,6,60-74,,HRV,minimal_corrected,phase2
2019,6,75-89,3.225806451612903,HRV,minimal_corrected,phase2
2019,6,>=90,,HRV,minimal_corrected,phase2
2019,7,<1,21.176470588235293,HRV,minimal_corrected,phase2
2019,7,1-3,21.666666666666668,HRV,minimal_corrected,phase2
2019,7,4-12,14.093959731543624,HRV,minimal_corrected,phase2
2019,7,13-17,,HRV,minimal_corrected,phase2
2019,7,18-44,,HRV,minimal_corrected,phase2
2019,7,45-59,,HRV,minimal_corrected,phase2
2019,7,60-74,,HRV,minimal_corrected,phase2
2019,7,75-89,0.0,HRV,minimal_corrected,phase2
2019,7,>=90,,HRV,minimal_corrected,phase2
2019,8,<1,15.476190476190476,HRV,minimal_corrected,phase2
2019,8,1-3,22.641509433962263,HRV,minimal_corrected,phase2
2019,8,4-12,17.582417582417584,HRV,minimal_corrected,phase2
2019,8,13-17,,HRV,minimal_corrected,phase2
2019,8,18-44,,HRV,minimal_corrected,phase2
2019,8,45-59,,HRV,minimal_corrected,phase2
2019,8,60-74,0.0,HRV,minimal_corrected,phase2
2019,8,75-89,,HRV,minimal_corrected,phase2
2019,8,>=90,,HRV,minimal_corrected,phase2
2019,9,<1,20.0,HRV,minimal_corrected,phase2
2019,9,1-3,28.735632183908045,HRV,minimal_corrected,phase2
2019,9,4-12,23.387096774193548,HRV,minimal_corrected,phase2
2019,9,13-17,,HRV,minimal_corrected,phase2
2019,9,18-44,,HRV,minimal_corrected,phase2
2019,9,45-59,,HRV,minimal_corrected,phase2
2019,9,60-74,,HRV,minimal_corrected,phase2
2019,9,75-89,0.0,HRV,minimal_corrected,phase2
2019,9,>=90,,HRV,minimal_corrected,phase2
2019,10,<1,35.82089552238806,HRV,minimal_corrected,phase2
2019,10,1-3,37.5,HRV,minimal_corrected,phase2
2019,10,4-12,35.63218390804598,HRV,minimal_corrected,phase2
2019,10,13-17,,HRV,minimal_corrected,phase2
2019,10,18-44,,HRV,minimal_corrected,phase2
2019,10,45-59,,HRV,minimal_corrected,phase2
2019,10,60-74,,HRV,minimal_corrected,phase2
2019,10,75-89,,HRV,minimal_corrected,phase2
2019,10,>=90,,HRV,minimal_corrected,phase2
2019,11,<1,44.0,HRV,minimal_corrected,phase2
2019,11,1-3,46.728971962616825,HRV,minimal_corrected,phase2
2019,11,4-12,33.33333333333333,HRV,minimal_corrected,phase2
2019,11,13-17,,HRV,minimal_corrected,phase2
2019,11,18-44,,HRV,minimal_corrected,phase2
2019,11,45-59,5.0,HRV,minimal_corrected,phase2
2019,11,60-74,21.428571428571427,HRV,minimal_corrected,phase2
2019,11,75-89,19.35483870967742,HRV,minimal_corrected,phase2
2019,11,>=90,,HRV,minimal_corrected,phase2
2019,12,<1,36.75213675213676,HRV,minimal_corrected,phase2
2019,12,1-3,24.62686567164179,HRV,minimal_corrected,phase2
2019,12,4-12,26.923076923076923,HRV,minimal_corrected,phase2
2019,12,13-17,,HRV,minimal_corrected,phase2
2019,12,18-44,,HRV,minimal_corrected,phase2
2019,12,45-59,,HRV,minimal_corrected,phase2
2019,12,60-74,18.181818181818183,HRV,minimal_corrected,phase2
2019,12,75-89,6.25,HRV,minimal_corrected,phase2
2019,12,>=90,,HRV,minimal_corrected,phase2
2020,1,<1,17.307692307692307,HRV,minimal_corrected,phase2
2020,1,1-3,19.021739130434785,HRV,minimal_corrected,phase2
2020,1,4-12,9.929078014184398,HRV,minimal_corrected,phase2
2020,1,13-17,,HRV,minimal_corrected,phase2
2020,1,18-44,3.571428571428571,HRV,minimal_corrected,phase2
2020,1,45-59,9.25925925925926,HRV,minimal_corrected,phase2
2020,1,60-74,13.157894736842104,HRV,minimal_corrected,phase2
2020,1,75-89,16.049382716049383,HRV,minimal_corrected,phase2
2020,1,>=90,14.705882352941178,HRV,minimal_corrected,phase2
2020,2,<1,23.07692307692308,HRV,minimal_corrected,phase2
2020,2,1-3,4.411764705882353,HRV,minimal_corrected,phase2
2020,2,4-12,13.114754098360656,HRV,minimal_corrected,phase2
2020,2,13-17,,HRV,minimal_corrected,phase2
2020,2,18-44,2.909090909090909,HRV,minimal_corrected,phase2
2020,2,45-59,1.5384615384615383,HRV,minimal_corrected,phase2
2020,2,60-74,0.5780346820809248,HRV,minimal_corrected,phase2
2020,2,75-89,1.3888888888888888,HRV,minimal_corrected,phase2
2020,2,>=90,0.0,HRV,minimal_corrected,phase2
2020,3,<1,3.333333333333333,HRV,minimal_corrected,phase2
2020,3,1-3,6.521739130434782,HRV,minimal_corrected,phase2
2020,3,4-12,0.0,HRV,minimal_corrected,phase2
2020,3,13-17,,HRV,minimal_corrected,phase2
2020,3,18-44,0.0,HRV,minimal_corrected,phase2
2020,3,45-59,0.0,HRV,minimal_corrected,phase2
2020,3,60-74,1.6666666666666667,HRV,minimal_corrected,phase2
2020,3,75-89,0.0,HRV,minimal_corrected,phase2
2020,3,>=90,2.4390243902439024,HRV,minimal_corrected,phase2
2020,4,<1,0.0,HRV,minimal_corrected,phase2
2020,4,1-3,0.0,HRV,minimal_corrected,phase2
2020,4,4-12,0.0,HRV,minimal_corrected,phase2
2020,4,13-17,,HRV,minimal_corrected,phase2
2020,4,18-44,0.0,HRV,minimal_corrected,phase2
2020,4,45-59,0.0,HRV,minimal_corrected,phase2
2020,4,60-74,0.0,HRV,minimal_corrected,phase2
2020,4,75-89,0.0,HRV,minimal_corrected,phase2
2020,4,>=90,0.0,HRV,minimal_corrected,phase2
2020,5,<1,,HRV,minimal_corrected,phase2
2020,5,1-3,5.0,HRV,minimal_corrected,phase2
2020,5,4-12,10.714285714285714,HRV,minimal_corrected,phase2
2020,5,13-17,,HRV,minimal_corrected,phase2
2020,5,18-44,,HRV,minimal_corrected,phase2
2020,5,45-59,0.0,HRV,minimal_corrected,phase2
2020,5,60-74,,HRV,minimal_corrected,phase2
2020,5,75-89,0.0,HRV,minimal_corrected,phase2
2020,5,>=90,0.0,HRV,minimal_corrected,phase2
2020,6,<1,45.16129032258064,HRV,minimal_corrected,phase2
2020,6,1-3,33.33333333333333,HRV,minimal_corrected,phase2
2020,6,4-12,41.66666666666667,HRV,minimal_corrected,phase2
2020,6,13-17,,HRV,minimal_corrected,phase2
2020,6,18-44,,HRV,minimal_corrected,phase2
2020,6,45-59,,HRV,minimal_corrected,phase2
2020,6,60-74,4.166666666666666,HRV,minimal_corrected,phase2
2020,6,75-89,0.0,HRV,minimal_corrected,phase2
2020,6,>=90,13.636363636363637,HRV,minimal_corrected,phase2
2020,7,<1,33.33333333333333,HRV,minimal_corrected,phase2
2020,7,1-3,74.35897435897436,HRV,minimal_corrected,phase2
2020,7,4-12,,HRV,minimal_corrected,phase2
2020,7,13-17,,HRV,minimal_corrected,phase2
2020,7,18-44,,HRV,minimal_corrected,phase2
2020,7,45-59,,HRV,minimal_corrected,phase2
2020,7,60-74,,HRV,minimal_corrected,phase2
2020,7,75-89,1.4492753623188406,HRV,minimal_corrected,phase2
2020,7,>=90,2.127659574468085,HRV,minimal_corrected,phase2
2020,8,<1,,HRV,minimal_corrected,phase2
2020,8,1-3,29.72972972972973,HRV,minimal_corrected,phase2
2020,8,4-12,31.818181818181817,HRV,minimal_corrected,phase2
2020,8,13-17,,HRV,minimal_corrected,phase2
2020,8,18-44,,HRV,minimal_corrected,phase2
2020,8,45-59,,HRV,minimal_corrected,phase2
2020,8,60-74,,HRV,minimal_corrected,phase2
2020,8,75-89,4.081632653061225,HRV,minimal_corrected,phase2
2020,8,>=90,0.0,HRV,minimal_corrected,phase2
2020,9,<1,18.421052631578945,HRV,minimal_corrected,phase2
2020,9,1-3,26.82926829268293,HRV,minimal_corrected,phase2
2020,9,4-12,44.0,HRV,minimal_corrected,phase2
2020,9,13-17,,HRV,minimal_corrected,phase2
2020,9,18-44,,HRV,minimal_corrected,phase2
2020,9,45-59,,HRV,minimal_corrected,phase2
2020,9,60-74,4.545454545454546,HRV,minimal_corrected,phase2
2020,9,75-89,4.3478260869565215,HRV,minimal_corrected,phase2
2020,9,>=90,2.631578947368421,HRV,minimal_corrected,phase2
2020,10,<1,25.806451612903224,HRV,minimal_corrected,phase2
2020,10,1-3,34.61538461538461,HRV,minimal_corrected,phase2
2020,10,4-12,,HRV,minimal_corrected,phase2
2020,10,13-17,,HRV,minimal_corrected,phase2
2020,10,18-44,,HRV,minimal_corrected,phase2
2020,10,45-59,,HRV,minimal_corrected,phase2
2020,10,60-74,,HRV,minimal_corrected,phase2
2020,10,75-89,0.0,HRV,minimal_corrected,phase2
2020,10,>=90,0.0,HRV,minimal_corrected,phase2
2020,11,<1,29.629629629629623,HRV,minimal_corrected,phase2
2020,11,1-3,26.31578947368421,HRV,minimal_corrected,phase2
2020,11,4-12,,HRV,minimal_corrected,phase2
2020,11,13-17,,HRV,minimal_corrected,phase2
2020,11,18-44,,HRV,minimal_corrected,phase2
2020,11,45-59,,HRV,minimal_corrected,phase2
2020,11,60-74,,HRV,minimal_corrected,phase2
2020,11,75-89,0.0,HRV,minimal_corrected,phase2
2020,11,>=90,0.0,HRV,minimal_corrected,phase2
2020,12,<1,28.947368421052637,HRV,minimal_corrected,phase2
2020,12,1-3,25.64102564102564,HRV,minimal_corrected,phase2
2020,12,4-12,,HRV,minimal_corrected,phase2
2020,12,13-17,,HRV,minimal_corrected,phase2
2020,12,18-44,,HRV,minimal_corrected,phase2
2020,12,45-59,,HRV,minimal_corrected,phase2
2020,12,60-74,,HRV,minimal_corrected,phase2
2020,12,75-89,3.508771929824561,HRV,minimal_corrected,phase2
2020,12,>=90,0.0,HRV,minimal_corrected,phase2
2021,1,<1,8.0,HRV,minimal_corrected,phase2
2021,1,1-3,30.0,HRV,minimal_corrected,phase2
2021,1,4-12,,HRV,minimal_corrected,phase2
2021,1,13-17,,HRV,minimal_corrected,phase2
2021,1,18-44,,HRV,minimal_corrected,phase2
2021,1,45-59,,HRV,minimal_corrected,phase2
2021,1,60-74,2.857142857142857,HRV,minimal_corrected,phase2
2021,1,75-89,1.5625,HRV,minimal_corrected,phase2
2021,1,>=90,0.0,HRV,minimal_corrected,phase2
2021,2,<1,,HRV,minimal_corrected,phase2
2021,2,1-3,,HRV,minimal_corrected,phase2
2021,2,4-12,,HRV,minimal_corrected,phase2
2021,2,13-17,,HRV,minimal_corrected,phase2
2021,2,18-44,,HRV,minimal_corrected,phase2
2021,2,45-59,,HRV,minimal_corrected,phase2
2021,2,60-74,,HRV,minimal_corrected,phase2
2021,2,75-89,0.0,HRV,minimal_corrected,phase2
2021,2,>=90,0.0,HRV,minimal_corrected,phase2
2021,3,<1,,HRV,minimal_corrected,phase2
2021,3,1-3,,HRV,minimal_corrected,phase2
2021,3,4-12,,HRV,minimal_corrected,phase2
2021,3,13-17,,HRV,minimal_corrected,phase2
2021,3,18-44,,HRV,minimal_corrected,phase2
2021,3,45-59,,HRV,minimal_corrected,phase2
2021,3,60-74,4.166666666666666,HRV,minimal_corrected,phase2
2021,3,75-89,0.0,HRV,minimal_corrected,phase2
2021,3,>=90,0.0,HRV,minimal_corrected,phase2
2021,4,<1,,HRV,minimal_corrected,phase2
2021,4,1-3,,HRV,minimal_corrected,phase2
2021,4,4-12,,HRV,minimal_corrected,phase2
2021,4,13-17,,HRV,minimal_corrected,phase2
2021,4,18-44,,HRV,minimal_corrected,phase2
2021,4,45-59,4.3478260869565215,HRV,minimal_corrected,phase2
2021,4,60-74,4.761904761904762,HRV,minimal_corrected,phase2
2021,4,75-89,0.0,HRV,minimal_corrected,phase2
2021,4,>=90,0.0,HRV,minimal_corrected,phase2
2021,5,<1,23.809523809523807,HRV,minimal_corrected,phase2
2021,5,1-3,40.909090909090914,HRV,minimal_corrected,phase2
2021,5,4-12,,HRV,minimal_corrected,phase2
2021,5,13-17,,HRV,minimal_corrected,phase2
2021,5,18-44,,HRV,minimal_corrected,phase2
2021,5,45-59,,HRV,minimal_corrected,phase2
2021,5,60-74,,HRV,minimal_corrected,phase2
2021,5,75-89,0.0,HRV,minimal_corrected,phase2
2021,5,>=90,3.4482758620689653,HRV,minimal_corrected,phase2
2021,6,<1,13.114754098360656,HRV,minimal_corrected,phase2
2021,6,1-3,18.181818181818183,HRV,minimal_corrected,phase2
2021,6,4-12,45.0,HRV,minimal_corrected,phase2
2021,6,18-44,3.7037037037037033,HRV,minimal_corrected,phase2
2021,6,45-59,,HRV,minimal_corrected,phase2
2021,6,60-74,0.0,HRV,minimal_corrected,phase2
2021,6,75-89,4.166666666666666,HRV,minimal_corrected,phase2
2021,6,>=90,0.0,HRV,minimal_corrected,phase2
2021,7,<1,9.411764705882351,HRV,minimal_corrected,phase2
2021,7,1-3,13.333333333333334,HRV,minimal_corrected,phase2
2021,7,4-12,25.925925925925924,HRV,minimal_corrected,phase2
2021,7,13-17,,HRV,minimal_corrected,phase2
2021,7,18-44,,HRV,minimal_corrected,phase2
2021,7,45-59,,HRV,minimal_corrected,phase2
2021,7,60-74,,HRV,minimal_corrected,phase2
2021,7,75-89,1.9230769230769231,HRV,minimal_corrected,phase2
2021,7,>=90,0.0,HRV,minimal_corrected,phase2
2021,8,<1,4.285714285714286,HRV,minimal_corrected,phase2
2021,8,1-3,8.16326530612245,HRV,minimal_corrected,phase2
2021,8,4-12,,HRV,minimal_corrected,phase2
2021,8,13-17,,HRV,minimal_corrected,phase2
2021,8,18-44,,HRV,minimal_corrected,phase2
2021,8,45-59,,HRV,minimal_corrected,phase2
2021,8,60-74,,HRV,minimal_corrected,phase2
2021,8,75-89,0.0,HRV,minimal_corrected,phase2
2021,8,>=90,0.0,HRV,minimal_corrected,phase2
2021,9,<1,13.043478260869565,HRV,minimal_corrected,phase2
2021,9,1-3,,HRV,minimal_corrected,phase2
2021,9,4-12,,HRV,minimal_corrected,phase2
2021,9,18-44,,HRV,minimal_corrected,phase2
2021,9,45-59,,HRV,minimal_corrected,phase2
2021,9,60-74,,HRV,minimal_corrected,phase2
2021,9,75-89,0.0,HRV,minimal_corrected,phase2
2021,9,>=90,0.0,HRV,minimal_corrected,phase2
2021,10,<1,,HRV,minimal_corrected,phase2
2021,10,1-3,,HRV,minimal_corrected,phase2
2021,10,4-12,,HRV,minimal_corrected,phase2
2021,10,13-17,,HRV,minimal_corrected,phase2
2021,10,18-44,,HRV,minimal_corrected,phase2
2021,10,45-59,,HRV,minimal_corrected,phase2
2021,10,60-74,,HRV,minimal_corrected,phase2
2021,10,75-89,0.0,HRV,minimal_corrected,phase2
2021,10,>=90,2.2222222222222223,HRV,minimal_corrected,phase2
2021,11,<1,51.42857142857142,HRV,minimal_corrected,phase2
2021,11,1-3,89.28571428571429,HRV,minimal_corrected,phase2
2021,11,4-12,68.96551724137932,HRV,minimal_corrected,phase2
2021,11,13-17,,HRV,minimal_corrected,phase2
2021,11,18-44,,HRV,minimal_corrected,phase2
2021,11,45-59,,HRV,minimal_corrected,phase2
2021,11,60-74,,HRV,minimal_corrected,phase2
2021,11,75-89,8.333333333333332,HRV,minimal_corrected,phase2
2021,11,>=90,6.0,HRV,minimal_corrected,phase2
2021,12,<1,51.51515151515152,HRV,minimal_corrected,phase2
2021,12,1-3,43.75,HRV,minimal_corrected,phase2
2021,12,4-12,24.24242424242424,HRV,minimal_corrected,phase2
2021,12,13-17,,HRV,minimal_corrected,phase2
2021,12,18-44,,HRV,minimal_corrected,phase2
2021,12,45-59,,HRV,minimal_corrected,phase2
2021,12,60-74,0.0,HRV,minimal_corrected,phase2
2021,12,75-89,1.851851851851852,HRV,minimal_corrected,phase2
2021,12,>=90,0.9708737864077668,HRV,minimal_corrected,phase2
2022,1,<1,15.0,HRV,minimal_corrected,phase2
2022,1,1-3,32.55813953488372,HRV,minimal_corrected,phase2
2022,1,4-12,14.754098360655735,HRV,minimal_corrected,phase2
2022,1,13-17,,HRV,minimal_corrected,phase2
2022,1,18-44,,HRV,minimal_corrected,phase2
2022,1,45-59,,HRV,minimal_corrected,phase2
2022,1,60-74,6.0606060606060606,HRV,minimal_corrected,phase2
2022,1,75-89,9.523809523809524,HRV,minimal_corrected,phase2
2022,1,>=90,8.571428571428571,HRV,minimal_corrected,phase2
2022,2,<1,14.285714285714285,HRV,minimal_corrected,phase2
2022,2,1-3,6.451612903225806,HRV,minimal_corrected,phase2
2022,2,4-12,,HRV,minimal_corrected,phase2
2022,2,13-17,,HRV,minimal_corrected,phase2
2022,2,18-44,,HRV,minimal_corrected,phase2
2022,2,45-59,,HRV,minimal_corrected,phase2
2022,2,60-74,8.333333333333332,HRV,minimal_corrected,phase2
2022,2,75-89,6.122448979591836,HRV,minimal_corrected,phase2
2022,2,>=90,2.898550724637681,HRV,minimal_corrected,phase2
2022,3,<1,18.51851851851852,HRV,minimal_corrected,phase2
2022,3,1-3,23.809523809523807,HRV,minimal_corrected,phase2
2022,3,4-12,22.22222222222222,HRV,minimal_corrected,phase2
2022,3,13-17,,HRV,minimal_corrected,phase2
2022,3,18-44,3.92156862745098,HRV,minimal_corrected,phase2
2022,3,45-59,2.941176470588235,HRV,minimal_corrected,phase2
2022,3,60-74,5.88235294117647,HRV,minimal_corrected,phase2
2022,3,75-89,5.555555555555555,HRV,minimal_corrected,phase2
2022,3,>=90,0.0,HRV,minimal_corrected,phase2
2022,4,<1,31.818181818181817,HRV,minimal_corrected,phase2
2022,4,1-3,30.23255813953488,HRV,minimal_corrected,phase2
2022,4,4-12,12.5,HRV,minimal_corrected,phase2
2022,4,13-17,,HRV,minimal_corrected,phase2
2022,4,18-44,3.0534351145038165,HRV,minimal_corrected,phase2
2022,4,45-59,3.0303030303030303,HRV,minimal_corrected,phase2
2022,4,60-74,2.272727272727273,HRV,minimal_corrected,phase2
2022,4,75-89,1.4084507042253522,HRV,minimal_corrected,phase2
2022,4,>=90,0.0,HRV,minimal_corrected,phase2
2022,5,<1,33.33333333333333,HRV,minimal_corrected,phase2
2022,5,1-3,36.66666666666666,HRV,minimal_corrected,phase2
2022,5,4-12,32.35294117647059,HRV,minimal_corrected,phase2
2022,5,13-17,,HRV,minimal_corrected,phase2
2022,5,18-44,0.0,HRV,minimal_corrected,phase2
2022,5,45-59,5.0,HRV,minimal_corrected,phase2
2022,5,60-74,2.1739130434782608,HRV,minimal_corrected,phase2
2022,5,75-89,0.0,HRV,minimal_corrected,phase2
2022,5,>=90,1.0,HRV,minimal_corrected,phase2
2022,6,<1,15.384615384615383,HRV,minimal_corrected,phase2
2022,6,1-3,12.5,HRV,minimal_corrected,phase2
2022,6,4-12,14.814814814814811,HRV,minimal_corrected,phase2
2022,6,13-17,,HRV,minimal_corrected,phase2
2022,6,18-44,4.081632653061225,HRV,minimal_corrected,phase2
2022,6,45-59,5.357142857142857,HRV,minimal_corrected,phase2
2022,6,60-74,0.0,HRV,minimal_corrected,phase2
2022,6,75-89,0.0,HRV,minimal_corrected,phase2
2022,6,>=90,0.0,HRV,minimal_corrected,phase2
2022,7,<1,4.838709677419355,HRV,minimal_corrected,phase2
2022,7,1-3,14.473684210526317,HRV,minimal_corrected,phase2
2022,7,4-12,8.333333333333332,HRV,minimal_corrected,phase2
2022,7,13-17,,HRV,minimal_corrected,phase2
2022,7,18-44,3.7037037037037033,HRV,minimal_corrected,phase2
2022,7,45-59,1.5151515151515151,HRV,minimal_corrected,phase2
2022,7,60-74,2.061855670103093,HRV,minimal_corrected,phase2
2022,7,75-89,0.0,HRV,minimal_corrected,phase2
2022,7,>=90,0.0,HRV,minimal_corrected,phase2
2022,8,<1,12.244897959183673,HRV,minimal_corrected,phase2
2022,8,1-3,10.588235294117649,HRV,minimal_corrected,phase2
2022,8,4-12,13.043478260869565,HRV,minimal_corrected,phase2
2022,8,13-17,,HRV,minimal_corrected,phase2
2022,8,18-44,0.0,HRV,minimal_corrected,phase2
2022,8,45-59,0.0,HRV,minimal_corrected,phase2
2022,8,60-74,1.694915254237288,HRV,minimal_corrected,phase2
2022,8,75-89,0.0,HRV,minimal_corrected,phase2
2022,8,>=90,0.0,HRV,minimal_corrected,phase2
2022,9,<1,14.285714285714285,HRV,minimal_corrected,phase2
2022,9,1-3,28.57142857142857,HRV,minimal_corrected,phase2
2022,9,4-12,31.11111111111111,HRV,minimal_corrected,phase2
2022,9,13-17,,HRV,minimal_corrected,phase2
2022,9,18-44,0.0,HRV,minimal_corrected,phase2
2022,9,45-59,0.0,HRV,minimal_corrected,phase2
2022,9,60-74,2.5,HRV,minimal_corrected,phase2
2022,9,75-89,0.0,HRV,minimal_corrected,phase2
2022,9,>=90,0.78125,HRV,minimal_corrected,phase2
2022,10,<1,34.375,HRV,minimal_corrected,phase2
2022,10,1-3,36.61971830985916,HRV,minimal_corrected,phase2
2022,10,4-12,25.37313432835821,HRV,minimal_corrected,phase2
2022,10,13-17,,HRV,minimal_corrected,phase2
2022,10,18-44,0.0,HRV,minimal_corrected,phase2
2022,10,45-59,0.0,HRV,minimal_corrected,phase2
2022,10,60-74,0.0,HRV,minimal_corrected,phase2
2022,10,75-89,2.73972602739726,HRV,minimal_corrected,phase2
2022,10,>=90,1.7543859649122806,HRV,minimal_corrected,phase2
2022,11,<1,34.69387755102041,HRV,minimal_corrected,phase2
2022,11,1-3,35.18518518518518,HRV,minimal_corrected,phase2
2022,11,4-12,36.25,HRV,minimal_corrected,phase2
2022,11,13-17,,HRV,minimal_corrected,phase2
2022,11,18-44,10.344827586206897,HRV,minimal_corrected,phase2
2022,11,45-59,17.5,HRV,minimal_corrected,phase2
2022,11,60-74,14.285714285714285,HRV,minimal_corrected,phase2
2022,11,75-89,3.252032520325204,HRV,minimal_corrected,phase2
2022,11,>=90,3.35195530726257,HRV,minimal_corrected,phase2
2022,12,<1,18.0327868852459,HRV,minimal_corrected,phase2
2022,12,1-3,24.35897435897436,HRV,minimal_corrected,phase2
2022,12,4-12,22.058823529411764,HRV,minimal_corrected,phase2
2022,12,13-17,,HRV,minimal_corrected,phase2
2022,12,18-44,2.7777777777777777,HRV,minimal_corrected,phase2
2022,12,45-59,4.545454545454546,HRV,minimal_corrected,phase2
2022,12,60-74,5.797101449275362,HRV,minimal_corrected,phase2
2022,12,75-89,1.8018018018018016,HRV,minimal_corrected,phase2
2022,12,>=90,1.3245033112582782,HRV,minimal_corrected,phase2
2023,1,<1,6.329113924050633,HRV,minimal_corrected,phase2
2023,1,1-3,6.25,HRV,minimal_corrected,phase2
2023,1,4-12,10.416666666666668,HRV,minimal_corrected,phase2
2023,1,13-17,,HRV,minimal_corrected,phase2
2023,1,18-44,0.0,HRV,minimal_corrected,phase2
2023,1,45-59,0.0,HRV,minimal_corrected,phase2
2023,1,60-74,0.0,HRV,minimal_corrected,phase2
2023,1,75-89,0.0,HRV,minimal_corrected,phase2
2023,1,>=90,0.0,HRV,minimal_corrected,phase2
2023,2,<1,10.714285714285714,HRV,minimal_corrected,phase2
2023,2,1-3,18.181818181818183,HRV,minimal_corrected,phase2
2023,2,4-12,23.33333333333333,HRV,minimal_corrected,phase2
2023,2,13-17,,HRV,minimal_corrected,phase2
2023,2,18-44,0.0,HRV,minimal_corrected,phase2
2023,2,45-59,0.0,HRV,minimal_corrected,phase2
2023,2,60-74,0.0,HRV,minimal_corrected,phase2
2023,2,75-89,0.0,HRV,minimal_corrected,phase2
2023,2,>=90,0.0,HRV,minimal_corrected,phase2
2023,3,<1,39.34426229508197,HRV,minimal_corrected,phase2
2023,3,1-3,33.69565217391305,HRV,minimal_corrected,phase2
2023,3,4-12,19.1358024691358,HRV,minimal_corrected,phase2
2023,3,13-17,7.6923076923076925,HRV,minimal_corrected,phase2
2023,3,18-44,5.063291139240507,HRV,minimal_corrected,phase2
2023,3,45-59,1.3333333333333337,HRV,minimal_corrected,phase2
2023,3,60-74,1.680672268907563,HRV,minimal_corrected,phase2
2023,3,75-89,4.545454545454546,HRV,minimal_corrected,phase2
2023,3,>=90,2.013422818791946,HRV,minimal_corrected,phase2
2023,4,<1,24.35897435897436,HRV,minimal_corrected,phase2
2023,4,1-3,30.70866141732284,HRV,minimal_corrected,phase2
2023,4,4-12,10.6951871657754,HRV,minimal_corrected,phase2
2023,4,13-17,10.714285714285714,HRV,minimal_corrected,phase2
2023,4,18-44,6.578947368421052,HRV,minimal_corrected,phase2
2023,4,45-59,1.0309278350515465,HRV,minimal_corrected,phase2
2023,4,60-74,0.0,HRV,minimal_corrected,phase2
2023,4,75-89,1.3605442176870748,HRV,minimal_corrected,phase2
2023,4,>=90,0.6666666666666667,HRV,minimal_corrected,phase2
2023,5,<1,20.72072072072072,HRV,minimal_corrected,phase2
2023,5,1-3,28.723404255319156,HRV,minimal_corrected,phase2
2023,5,4-12,25.98039215686275,HRV,minimal_corrected,phase2
2023,5,13-17,0.0,HRV,minimal_corrected,phase2
2023,5,18-44,6.0,HRV,minimal_corrected,phase2
2023,5,45-59,0.8695652173913043,HRV,minimal_corrected,phase2
2023,5,60-74,1.5873015873015872,HRV,minimal_corrected,phase2
2023,5,75-89,0.5076142131979695,HRV,minimal_corrected,phase2
2023,5,>=90,3.1818181818181817,HRV,minimal_corrected,phase2
2023,6,<1,12.949640287769784,HRV,minimal_corrected,phase2
2023,6,1-3,10.196078431372548,HRV,minimal_corrected,phase2
2023,6,4-12,10.071942446043163,HRV,minimal_corrected,phase2
2023,6,13-17,,HRV,minimal_corrected,phase2
2023,6,18-44,2.564102564102564,HRV,minimal_corrected,phase2
2023,6,45-59,0.0,HRV,minimal_corrected,phase2
2023,6,60-74,0.9345794392523364,HRV,minimal_corrected,phase2
2023,6,75-89,0.5524861878453038,HRV,minimal_corrected,phase2
2023,6,>=90,1.376146788990826,HRV,minimal_corrected,phase2
2023,7,<1,10.81081081081081,HRV,minimal_corrected,phase2
2023,7,1-3,9.797297297297296,HRV,minimal_corrected,phase2
2023,7,4-12,6.970509383378016,HRV,minimal_corrected,phase2
2023,7,13-17,,HRV,minimal_corrected,phase2
2023,7,18-44,2.5,HRV,minimal_corrected,phase2
2023,7,45-59,2.898550724637681,HRV,minimal_corrected,phase2
2023,7,60-74,5.376344086021505,HRV,minimal_corrected,phase2
2023,7,75-89,1.5151515151515151,HRV,minimal_corrected,phase2
2023,7,>=90,0.4975124378109453,HRV,minimal_corrected,phase2
2023,8,<1,6.666666666666667,HRV,minimal_corrected,phase2
2023,8,1-3,11.418685121107266,HRV,minimal_corrected,phase2
2023,8,4-12,7.653061224489796,HRV,minimal_corrected,phase2
2023,8,13-17,9.090909090909092,HRV,minimal_corrected,phase2
2023,8,18-44,7.4074074074074066,HRV,minimal_corrected,phase2
2023,8,45-59,0.0,HRV,minimal_corrected,phase2
2023,8,60-74,8.181818181818182,HRV,minimal_corrected,phase2
2023,8,75-89,7.258064516129033,HRV,minimal_corrected,phase2
2023,8,>=90,0.6097560975609756,HRV,minimal_corrected,phase2
2023,9,<1,13.26530612244898,HRV,minimal_corrected,phase2
2023,9,1-3,26.327433628318587,HRV,minimal_corrected,phase2
2023,9,4-12,21.355498721227622,HRV,minimal_corrected,phase2
2023,9,13-17,17.857142857142858,HRV,minimal_corrected,phase2
2023,9,18-44,5.0,HRV,minimal_corrected,phase2
2023,9,45-59,9.333333333333334,HRV,minimal_corrected,phase2
2023,9,60-74,11.320754716981131,HRV,minimal_corrected,phase2
2023,9,75-89,5.607476635514018,HRV,minimal_corrected,phase2
2023,9,>=90,0.0,HRV,minimal_corrected,phase2
2023,10,<1,31.25,HRV,minimal_corrected,phase2
2023,10,1-3,29.396325459317584,HRV,minimal_corrected,phase2
2023,10,4-12,20.18927444794953,HRV,minimal_corrected,phase2
2023,10,13-17,22.058823529411764,HRV,minimal_corrected,phase2
2023,10,18-44,7.894736842105263,HRV,minimal_corrected,phase2
2023,10,45-59,8.695652173913043,HRV,minimal_corrected,phase2
2023,10,60-74,9.090909090909092,HRV,minimal_corrected,phase2
2023,10,75-89,12.871287128712872,HRV,minimal_corrected,phase2
2023,10,>=90,4.878048780487805,HRV,minimal_corrected,phase2
2023,11,<1,31.30434782608696,HRV,minimal_corrected,phase2
2023,11,1-3,37.95782463928968,HRV,minimal_corrected,phase2
2023,11,4-12,24.86095661846496,HRV,minimal_corrected,phase2
2023,11,13-17,14.344262295081966,HRV,minimal_corrected,phase2
2023,11,18-44,12.154696132596683,HRV,minimal_corrected,phase2
2023,11,45-59,7.547169811320755,HRV,minimal_corrected,phase2
2023,11,60-74,10.2803738317757,HRV,minimal_corrected,phase2
2023,11,75-89,7.142857142857142,HRV,minimal_corrected,phase2
2023,11,>=90,5.952380952380952,HRV,minimal_corrected,phase2
2023,12,<1,20.192307692307693,HRV,minimal_corrected,phase2
2023,12,1-3,27.20588235294117,HRV,minimal_corrected,phase2
2023,12,4-12,17.382143797735054,HRV,minimal_corrected,phase2
2023,12,13-17,7.123287671232877,HRV,minimal_corrected,phase2
2023,12,18-44,6.601941747572816,HRV,minimal_corrected,phase2
2023,12,45-59,6.756756756756757,HRV,minimal_corrected,phase2
2023,12,60-74,9.289617486338798,HRV,minimal_corrected,phase2
2023,12,75-89,4.980842911877394,HRV,minimal_corrected,phase2
2023,12,>=90,5.617977528089887,HRV,minimal_corrected,phase2
2024,1,<1,,HRV,minimal_corrected,phase2
2024,1,1-3,,HRV,minimal_corrected,phase2
2024,1,4-12,,HRV,minimal_corrected,phase2
2024,1,13-17,,HRV,minimal_corrected,phase2
2024,1,18-44,5.128205128205128,HRV,minimal_corrected,phase2
2024,1,45-59,4.807692307692308,HRV,minimal_corrected,phase2
2024,1,60-74,10.824742268041238,HRV,minimal_corrected,phase2
2024,1,75-89,5.0,HRV,minimal_corrected,phase2
2024,1,>=90,8.16326530612245,HRV,minimal_corrected,phase2
2024,2,<1,,HRV,minimal_corrected,phase2
2024,2,4-12,,HRV,minimal_corrected,phase2
2024,2,13-17,,HRV,minimal_corrected,phase2
2024,2,18-44,5.88235294117647,HRV,minimal_corrected,phase2
2024,2,45-59,6.25,HRV,minimal_corrected,phase2
2024,2,60-74,11.650485436893204,HRV,minimal_corrected,phase2
2024,2,75-89,8.333333333333332,HRV,minimal_corrected,phase2
2024,2,>=90,7.6923076923076925,HRV,minimal_corrected,phase2
2024,3,<1,30.76923076923077,HRV,minimal_corrected,phase2
2024,3,4-12,,HRV,minimal_corrected,phase2
2024,3,13-17,,HRV,minimal_corrected,phase2
2024,3,18-44,5.88235294117647,HRV,minimal_corrected,phase2
2024,3,45-59,11.76470588235294,HRV,minimal_corrected,phase2
2024,3,60-74,8.522727272727272,HRV,minimal_corrected,phase2
2024,3,75-89,9.433962264150944,HRV,minimal_corrected,phase2
2024,3,>=90,4.3478260869565215,HRV,minimal_corrected,phase2
2024,4,<1,,HRV,minimal_corrected,phase2
2024,4,1-3,,HRV,minimal_corrected,phase2
2024,4,4-12,,HRV,minimal_corrected,phase2
2024,4,13-17,,HRV,minimal_corrected,phase2
2024,4,18-44,8.47457627118644,HRV,minimal_corrected,phase2
2024,4,45-59,5.376344086021505,HRV,minimal_corrected,phase2
2024,4,60-74,7.647058823529412,HRV,minimal_corrected,phase2
2024,4,75-89,5.88235294117647,HRV,minimal_corrected,phase2
2024,4,>=90,10.0,HRV,minimal_corrected,phase2
2024,5,<1,,HRV,minimal_corrected,phase2
2024,5,4-12,,HRV,minimal_corrected,phase2
2024,5,13-17,,HRV,minimal_corrected,phase2
2024,5,18-44,10.526315789473683,HRV,minimal_corrected,phase2
2024,5,45-59,3.296703296703297,HRV,minimal_corrected,phase2
2024,5,60-74,5.925925925925927,HRV,minimal_corrected,phase2
2024,5,75-89,8.695652173913043,HRV,minimal_corrected,phase2
2024,5,>=90,3.488372093023256,HRV,minimal_corrected,phase2
2024,6,<1,42.85714285714285,HRV,minimal_corrected,phase2
2024,6,1-3,,HRV,minimal_corrected,phase2
2024,6,4-12,,HRV,minimal_corrected,phase2
2024,6,13-17,,HRV,minimal_corrected,phase2
2024,6,18-44,9.090909090909092,HRV,minimal_corrected,phase2
2024,6,45-59,2.631578947368421,HRV,minimal_corrected,phase2
2024,6,60-74,4.301075268817205,HRV,minimal_corrected,phase2
2024,6,75-89,8.860759493670885,HRV,minimal_corrected,phase2
2024,6,>=90,4.395604395604396,HRV,minimal_corrected,phase2
2024,7,<1,,HRV,minimal_corrected,phase2
2024,7,1-3,,HRV,minimal_corrected,phase2
2024,7,4-12,,HRV,minimal_corrected,phase2
2024,7,13-17,,HRV,minimal_corrected,phase2
2024,7,18-44,7.142857142857142,HRV,minimal_corrected,phase2
2024,7,45-59,9.333333333333334,HRV,minimal_corrected,phase2
2024,7,60-74,6.422018348623854,HRV,minimal_corrected,phase2
2024,7,75-89,4.918032786885246,HRV,minimal_corrected,phase2
2024,7,>=90,7.4074074074074066,HRV,minimal_corrected,phase2
2024,8,<1,,HRV,minimal_corrected,phase2
2024,8,1-3,,HRV,minimal_corrected,phase2
2024,8,4-12,,HRV,minimal_corrected,phase2
2024,8,18-44,10.0,HRV,minimal_corrected,phase2
2024,8,45-59,10.909090909090908,HRV,minimal_corrected,phase2
2024,8,60-74,4.938271604938271,HRV,minimal_corrected,phase2
2024,8,75-89,5.405405405405405,HRV,minimal_corrected,phase2
2024,8,>=90,5.714285714285714,HRV,minimal_corrected,phase2
2024,9,<1,,HRV,minimal_corrected,phase2
2024,9,4-12,,HRV,minimal_corrected,phase2
2024,9,13-17,,HRV,minimal_corrected,phase2
2024,9,18-44,,HRV,minimal_corrected,phase2
2024,9,45-59,0.0,HRV,minimal_corrected,phase2
2024,9,60-74,5.172413793103448,HRV,minimal_corrected,phase2
2024,9,75-89,5.128205128205128,HRV,minimal_corrected,phase2
2024,9,>=90,3.508771929824561,HRV,minimal_corrected,phase2
2024,10,<1,,HRV,minimal_corrected,phase2
2024,10,1-3,,HRV,minimal_corrected,phase2
2024,10,4-12,,HRV,minimal_corrected,phase2
2024,10,13-17,,HRV,minimal_corrected,phase2
2024,10,18-44,,HRV,minimal_corrected,phase2
2024,10,45-59,,HRV,minimal_corrected,phase2
2024,10,60-74,8.571428571428571,HRV,minimal_corrected,phase2
2024,10,75-89,5.88235294117647,HRV,minimal_corrected,phase2
2024,10,>=90,0.0,HRV,minimal_corrected,phase2
2024,11,<1,,HRV,minimal_corrected,phase2
2024,11,1-3,,HRV,minimal_corrected,phase2
2024,11,4-12,,HRV,minimal_corrected,phase2
2024,11,13-17,,HRV,minimal_corrected,phase2
2024,11,18-44,,HRV,minimal_corrected,phase2
2024,11,45-59,5.0,HRV,minimal_corrected,phase2
2024,11,60-74,2.2222222222222223,HRV,minimal_corrected,phase2
2024,11,75-89,10.526315789473683,HRV,minimal_corrected,phase2
2024,11,>=90,4.166666666666666,HRV,minimal_corrected,phase2
2024,12,<1,,HRV,minimal_corrected,phase2
2024,12,1-3,,HRV,minimal_corrected,phase2
2024,12,4-12,,HRV,minimal_corrected,phase2
2024,12,13-17,,HRV,minimal_corrected,phase2
2024,12,18-44,,HRV,minimal_corrected,phase2
2024,12,45-59,,HRV,minimal_corrected,phase2
2024,12,60-74,6.122448979591836,HRV,minimal_corrected,phase2
2024,12,75-89,5.555555555555555,HRV,minimal_corrected,phase2
2024,12,>=90,11.11111111111111,HRV,minimal_corrected,phase2
2025,1,<1,16.304347826086957,HRV,minimal_corrected,phase2
2025,1,1-3,23.56687898089172,HRV,minimal_corrected,phase2
2025,1,4-12,20.59925093632959,HRV,minimal_corrected,phase2
2025,1,13-17,14.285714285714285,HRV,minimal_corrected,phase2
2025,1,18-44,13.304721030042918,HRV,minimal_corrected,phase2
2025,1,45-59,11.016949152542372,HRV,minimal_corrected,phase2
2025,1,60-74,9.895833333333332,HRV,minimal_corrected,phase2
2025,1,75-89,7.526881720430108,HRV,minimal_corrected,phase2
2025,1,>=90,12.195121951219512,HRV,minimal_corrected,phase2
2025,2,<1,13.333333333333334,HRV,minimal_corrected,phase2
2025,2,1-3,9.375,HRV,minimal_corrected,phase2
2025,2,4-12,6.875000000000001,HRV,minimal_corrected,phase2
2025,2,13-17,6.0606060606060606,HRV,minimal_corrected,phase2
2025,2,18-44,6.666666666666667,HRV,minimal_corrected,phase2
2025,2,45-59,6.726457399103139,HRV,minimal_corrected,phase2
2025,2,60-74,5.757575757575758,HRV,minimal_corrected,phase2
2025,2,75-89,2.9702970297029703,HRV,minimal_corrected,phase2
2025,2,>=90,6.8181818181818175,HRV,minimal_corrected,phase2
2025,3,<1,20.37037037037037,HRV,minimal_corrected,phase2
2025,3,1-3,23.64130434782609,HRV,minimal_corrected,phase2
2025,3,4-12,22.43478260869565,HRV,minimal_corrected,phase2
2025,3,13-17,10.0,HRV,minimal_corrected,phase2
2025,3,18-44,9.696969696969695,HRV,minimal_corrected,phase2
2025,3,45-59,8.173076923076923,HRV,minimal_corrected,phase2
2025,3,60-74,6.148867313915858,HRV,minimal_corrected,phase2
2025,3,75-89,5.853658536585367,HRV,minimal_corrected,phase2
2025,3,>=90,3.92156862745098,HRV,minimal_corrected,phase2
2025,4,<1,29.87012987012987,HRV,minimal_corrected,phase2
2025,4,1-3,34.81308411214953,HRV,minimal_corrected,phase2
2025,4,4-12,35.86497890295359,HRV,minimal_corrected,phase2
2025,4,13-17,22.727272727272727,HRV,minimal_corrected,phase2
2025,4,18-44,13.548387096774196,HRV,minimal_corrected,phase2
2025,4,45-59,8.780487804878048,HRV,minimal_corrected,phase2
2025,4,60-74,11.614730878186968,HRV,minimal_corrected,phase2
2025,4,75-89,8.51063829787234,HRV,minimal_corrected,phase2
2025,4,>=90,6.0,HRV,minimal_corrected,phase2
2025,5,<1,28.30188679245283,HRV,minimal_corrected,phase2
2025,5,1-3,29.562982005141382,HRV,minimal_corrected,phase2
2025,5,4-12,35.338345864661655,HRV,minimal_corrected,phase2
2025,5,13-17,8.695652173913043,HRV,minimal_corrected,phase2
2025,5,18-44,7.272727272727272,HRV,minimal_corrected,phase2
2025,5,45-59,5.0228310502283104,HRV,minimal_corrected,phase2
2025,5,60-74,5.491329479768786,HRV,minimal_corrected,phase2
2025,5,75-89,7.389162561576355,HRV,minimal_corrected,phase2
2025,5,>=90,2.666666666666667,HRV,minimal_corrected,phase2
2025,6,<1,25.0,HRV,minimal_corrected,phase2
2025,6,1-3,27.500000000000004,HRV,minimal_corrected,phase2
2025,6,4-12,31.767337807606268,HRV,minimal_corrected,phase2
2025,6,13-17,13.636363636363637,HRV,minimal_corrected,phase2
2025,6,18-44,7.586206896551724,HRV,minimal_corrected,phase2
2025,6,45-59,5.14018691588785,HRV,minimal_corrected,phase2
2025,6,60-74,4.901960784313726,HRV,minimal_corrected,phase2
2025,6,75-89,4.790419161676647,HRV,minimal_corrected,phase2
2025,6,>=90,1.5151515151515151,HRV,minimal_corrected,phase2
2025,7,<1,11.188811188811188,HRV,minimal_corrected,phase2
2025,7,1-3,18.56763925729443,HRV,minimal_corrected,phase2
2025,7,4-12,23.890784982935152,HRV,minimal_corrected,phase2
2025,7,13-17,4.0,HRV,minimal_corrected,phase2
2025,7,18-44,6.306306306306306,HRV,minimal_corrected,phase2
2025,7,45-59,6.0606060606060606,HRV,minimal_corrected,phase2
2025,7,60-74,5.0,HRV,minimal_corrected,phase2
2025,7,75-89,4.651162790697675,HRV,minimal_corrected,phase2
2025,7,>=90,0.0,HRV,minimal_corrected,phase2
2025,8,<1,14.925373134328357,HRV,minimal_corrected,phase2
2025,8,1-3,14.028776978417264,HRV,minimal_corrected,phase2
2025,8,4-12,15.833333333333332,HRV,minimal_corrected,phase2
2025,8,13-17,,HRV,minimal_corrected,phase2
2025,8,18-44,7.920792079207921,HRV,minimal_corrected,phase2
2025,8,45-59,2.4,HRV,minimal_corrected,phase2
2025,8,60-74,3.636363636363636,HRV,minimal_corrected,phase2
2025,8,75-89,2.8846153846153846,HRV,minimal_corrected,phase2
2025,8,>=90,7.84313725490196,HRV,minimal_corrected,phase2
2025,9,<1,20.40816326530612,HRV,minimal_corrected,phase2
2025,9,1-3,30.47619047619048,HRV,minimal_corrected,phase2
2025,9,4-12,30.48327137546468,HRV,minimal_corrected,phase2
2025,9,13-17,,HRV,minimal_corrected,phase2
2025,9,18-44,10.81081081081081,HRV,minimal_corrected,phase2
2025,9,45-59,4.511278195488721,HRV,minimal_corrected,phase2
2025,9,60-74,3.045685279187817,HRV,minimal_corrected,phase2
2025,9,75-89,4.166666666666666,HRV,minimal_corrected,phase2
2025,9,>=90,1.694915254237288,HRV,minimal_corrected,phase2
2025,10,<1,33.33333333333333,HRV,minimal_corrected,phase2
2025,10,1-3,44.51038575667656,HRV,minimal_corrected,phase2
2025,10,4-12,32.407407407407405,HRV,minimal_corrected,phase2
2025,10,13-17,21.62162162162162,HRV,minimal_corrected,phase2
2025,10,18-44,13.28125,HRV,minimal_corrected,phase2
2025,10,45-59,8.928571428571429,HRV,minimal_corrected,phase2
2025,10,60-74,9.595959595959595,HRV,minimal_corrected,phase2
2025,10,75-89,4.716981132075472,HRV,minimal_corrected,phase2
2025,10,>=90,3.636363636363636,HRV,minimal_corrected,phase2
2025,11,<1,37.03703703703704,HRV,minimal_corrected,phase2
2025,11,1-3,50.55350553505535,HRV,minimal_corrected,phase2
2025,11,4-12,41.55555555555556,HRV,minimal_corrected,phase2
2025,11,13-17,25.0,HRV,minimal_corrected,phase2
2025,11,18-44,18.89763779527559,HRV,minimal_corrected,phase2
2025,11,45-59,11.377245508982035,HRV,minimal_corrected,phase2
2025,11,60-74,14.754098360655735,HRV,minimal_corrected,phase2
2025,11,75-89,16.535433070866144,HRV,minimal_corrected,phase2
2025,11,>=90,5.88235294117647,HRV,minimal_corrected,phase2
2019,2,<1,,MP,minimal_corrected,phase2
2019,2,1-3,,MP,minimal_corrected,phase2
2019,2,18-44,,MP,minimal_corrected,phase2
2019,2,45-59,,MP,minimal_corrected,phase2
2019,2,60-74,,MP,minimal_corrected,phase2
2019,3,<1,0.0,MP,minimal_corrected,phase2
2019,3,1-3,14.285714285714285,MP,minimal_corrected,phase2
2019,3,4-12,12.0,MP,minimal_corrected,phase2
2019,3,13-17,,MP,minimal_corrected,phase2
2019,3,18-44,,MP,minimal_corrected,phase2
2019,3,45-59,,MP,minimal_corrected,phase2
2019,3,60-74,,MP,minimal_corrected,phase2
2019,3,75-89,,MP,minimal_corrected,phase2
2019,4,<1,0.0,MP,minimal_corrected,phase2
2019,4,1-3,14.754098360655735,MP,minimal_corrected,phase2
2019,4,4-12,25.42372881355932,MP,minimal_corrected,phase2
2019,4,13-17,,MP,minimal_corrected,phase2
2019,4,18-44,,MP,minimal_corrected,phase2
2019,4,45-59,,MP,minimal_corrected,phase2
2019,4,60-74,,MP,minimal_corrected,phase2
2019,4,75-89,0.0,MP,minimal_corrected,phase2
2019,4,>=90,,MP,minimal_corrected,phase2
2019,5,<1,13.636363636363637,MP,minimal_corrected,phase2
2019,5,1-3,18.84057971014493,MP,minimal_corrected,phase2
2019,5,4-12,42.5531914893617,MP,minimal_corrected,phase2
2019,5,13-17,,MP,minimal_corrected,phase2
2019,5,18-44,,MP,minimal_corrected,phase2
2019,5,45-59,,MP,minimal_corrected,phase2
2019,5,60-74,,MP,minimal_corrected,phase2
2019,5,75-89,,MP,minimal_corrected,phase2
2019,5,>=90,,MP,minimal_corrected,phase2
2019,6,<1,4.838709677419355,MP,minimal_corrected,phase2
2019,6,1-3,25.555555555555557,MP,minimal_corrected,phase2
2019,6,4-12,39.49579831932773,MP,minimal_corrected,phase2
2019,6,13-17,,MP,minimal_corrected,phase2
2019,6,18-44,,MP,minimal_corrected,phase2
2019,6,45-59,,MP,minimal_corrected,phase2
2019,6,60-74,,MP,minimal_corrected,phase2
2019,6,75-89,0.0,MP,minimal_corrected,phase2
2019,6,>=90,,MP,minimal_corrected,phase2
2019,7,<1,3.5294117647058822,MP,minimal_corrected,phase2
2019,7,1-3,34.166666666666664,MP,minimal_corrected,phase2
2019,7,4-12,38.92617449664429,MP,minimal_corrected,phase2
2019,7,13-17,,MP,minimal_corrected,phase2
2019,7,18-44,,MP,minimal_corrected,phase2
2019,7,45-59,,MP,minimal_corrected,phase2
2019,7,60-74,,MP,minimal_corrected,phase2
2019,7,75-89,0.0,MP,minimal_corrected,phase2
2019,7,>=90,,MP,minimal_corrected,phase2
2019,8,<1,10.714285714285714,MP,minimal_corrected,phase2
2019,8,1-3,41.90476190476191,MP,minimal_corrected,phase2
2019,8,4-12,41.75824175824176,MP,minimal_corrected,phase2
2019,8,13-17,,MP,minimal_corrected,phase2
2019,8,18-44,,MP,minimal_corrected,phase2
2019,8,45-59,,MP,minimal_corrected,phase2
2019,8,60-74,0.0,MP,minimal_corrected,phase2
2019,8,75-89,,MP,minimal_corrected,phase2
2019,8,>=90,,MP,minimal_corrected,phase2
2019,9,<1,25.0,MP,minimal_corrected,phase2
2019,9,1-3,37.35632183908046,MP,minimal_corrected,phase2
2019,9,4-12,25.0,MP,minimal_corrected,phase2
2019,9,13-17,,MP,minimal_corrected,phase2
2019,9,18-44,,MP,minimal_corrected,phase2
2019,9,45-59,,MP,minimal_corrected,phase2
2019,9,60-74,,MP,minimal_corrected,phase2
2019,9,75-89,0.0,MP,minimal_corrected,phase2
2019,9,>=90,,MP,minimal_corrected,phase2
2019,10,<1,10.44776119402985,MP,minimal_corrected,phase2
2019,10,1-3,17.307692307692307,MP,minimal_corrected,phase2
2019,10,4-12,26.436781609195403,MP,minimal_corrected,phase2
2019,10,13-17,,MP,minimal_corrected,phase2
2019,10,18-44,,MP,minimal_corrected,phase2
2019,10,45-59,,MP,minimal_corrected,phase2
2019,10,60-74,,MP,minimal_corrected,phase2
2019,10,75-89,,MP,minimal_corrected,phase2
2019,10,>=90,,MP,minimal_corrected,phase2
2019,11,<1,10.666666666666668,MP,minimal_corrected,phase2
2019,11,1-3,6.5420560747663545,MP,minimal_corrected,phase2
2019,11,4-12,21.686746987951807,MP,minimal_corrected,phase2
2019,11,13-17,,MP,minimal_corrected,phase2
2019,11,18-44,,MP,minimal_corrected,phase2
2019,11,45-59,0.0,MP,minimal_corrected,phase2
2019,11,60-74,0.0,MP,minimal_corrected,phase2
2019,11,75-89,0.0,MP,minimal_corrected,phase2
2019,11,>=90,,MP,minimal_corrected,phase2
2019,12,<1,3.418803418803419,MP,minimal_corrected,phase2
2019,12,1-3,5.970149253731343,MP,minimal_corrected,phase2
2019,12,4-12,10.76923076923077,MP,minimal_corrected,phase2
2019,12,13-17,,MP,minimal_corrected,phase2
2019,12,18-44,,MP,minimal_corrected,phase2
2019,12,45-59,,MP,minimal_corrected,phase2
2019,12,60-74,0.0,MP,minimal_corrected,phase2
2019,12,75-89,0.0,MP,minimal_corrected,phase2
2019,12,>=90,,MP,minimal_corrected,phase2
2020,1,<1,1.9230769230769231,MP,minimal_corrected,phase2
2020,1,1-3,2.717391304347826,MP,minimal_corrected,phase2
2020,1,4-12,5.673758865248227,MP,minimal_corrected,phase2
2020,1,13-17,,MP,minimal_corrected,phase2
2020,1,18-44,2.380952380952381,MP,minimal_corrected,phase2
2020,1,45-59,0.0,MP,minimal_corrected,phase2
2020,1,60-74,0.0,MP,minimal_corrected,phase2
2020,1,75-89,0.0,MP,minimal_corrected,phase2
2020,1,>=90,0.0,MP,minimal_corrected,phase2
2020,2,<1,2.564102564102564,MP,minimal_corrected,phase2
2020,2,1-3,7.352941176470589,MP,minimal_corrected,phase2
2020,2,4-12,9.836065573770492,MP,minimal_corrected,phase2
2020,2,13-17,,MP,minimal_corrected,phase2
2020,2,18-44,1.818181818181818,MP,minimal_corrected,phase2
2020,2,45-59,1.550387596899225,MP,minimal_corrected,phase2
2020,2,60-74,0.5780346820809248,MP,minimal_corrected,phase2
2020,2,75-89,0.0,MP,minimal_corrected,phase2
2020,2,>=90,0.0,MP,minimal_corrected,phase2
2020,3,<1,0.0,MP,minimal_corrected,phase2
2020,3,1-3,6.521739130434782,MP,minimal_corrected,phase2
2020,3,4-12,3.7735849056603774,MP,minimal_corrected,phase2
2020,3,13-17,,MP,minimal_corrected,phase2
2020,3,18-44,0.0,MP,minimal_corrected,phase2
2020,3,45-59,0.0,MP,minimal_corrected,phase2
2020,3,60-74,0.0,MP,minimal_corrected,phase2
2020,3,75-89,0.0,MP,minimal_corrected,phase2
2020,3,>=90,0.0,MP,minimal_corrected,phase2
2020,4,<1,4.545454545454546,MP,minimal_corrected,phase2
2020,4,1-3,0.0,MP,minimal_corrected,phase2
2020,4,4-12,0.0,MP,minimal_corrected,phase2
2020,4,13-17,,MP,minimal_corrected,phase2
2020,4,18-44,0.0,MP,minimal_corrected,phase2
2020,4,45-59,0.0,MP,minimal_corrected,phase2
2020,4,60-74,0.0,MP,minimal_corrected,phase2
2020,4,75-89,0.0,MP,minimal_corrected,phase2
2020,4,>=90,0.0,MP,minimal_corrected,phase2
2020,5,<1,,MP,minimal_corrected,phase2
2020,5,1-3,0.0,MP,minimal_corrected,phase2
2020,5,4-12,3.571428571428571,MP,minimal_corrected,phase2
2020,5,13-17,,MP,minimal_corrected,phase2
2020,5,18-44,,MP,minimal_corrected,phase2
2020,5,45-59,0.0,MP,minimal_corrected,phase2
2020,5,60-74,,MP,minimal_corrected,phase2
2020,5,75-89,0.0,MP,minimal_corrected,phase2
2020,5,>=90,0.0,MP,minimal_corrected,phase2
2020,6,<1,0.0,MP,minimal_corrected,phase2
2020,6,1-3,0.0,MP,minimal_corrected,phase2
2020,6,4-12,8.333333333333332,MP,minimal_corrected,phase2
2020,6,13-17,,MP,minimal_corrected,phase2
2020,6,18-44,,MP,minimal_corrected,phase2
2020,6,45-59,,MP,minimal_corrected,phase2
2020,6,60-74,0.0,MP,minimal_corrected,phase2
2020,6,75-89,0.0,MP,minimal_corrected,phase2
2020,6,>=90,0.0,MP,minimal_corrected,phase2
2020,7,<1,0.0,MP,minimal_corrected,phase2
2020,7,1-3,0.0,MP,minimal_corrected,phase2
2020,7,4-12,,MP,minimal_corrected,phase2
2020,7,13-17,,MP,minimal_corrected,phase2
2020,7,18-44,,MP,minimal_corrected,phase2
2020,7,45-59,,MP,minimal_corrected,phase2
2020,7,60-74,,MP,minimal_corrected,phase2
2020,7,75-89,0.0,MP,minimal_corrected,phase2
2020,7,>=90,0.0,MP,minimal_corrected,phase2
2020,8,<1,,MP,minimal_corrected,phase2
2020,8,1-3,0.0,MP,minimal_corrected,phase2
2020,8,4-12,4.545454545454546,MP,minimal_corrected,phase2
2020,8,13-17,,MP,minimal_corrected,phase2
2020,8,18-44,,MP,minimal_corrected,phase2
2020,8,45-59,,MP,minimal_corrected,phase2
2020,8,60-74,,MP,minimal_corrected,phase2
2020,8,75-89,0.0,MP,minimal_corrected,phase2
2020,8,>=90,0.0,MP,minimal_corrected,phase2
2020,9,<1,0.0,MP,minimal_corrected,phase2
2020,9,1-3,0.0,MP,minimal_corrected,phase2
2020,9,4-12,0.0,MP,minimal_corrected,phase2
2020,9,13-17,,MP,minimal_corrected,phase2
2020,9,18-44,,MP,minimal_corrected,phase2
2020,9,45-59,,MP,minimal_corrected,phase2
2020,9,60-74,0.0,MP,minimal_corrected,phase2
2020,9,75-89,0.0,MP,minimal_corrected,phase2
2020,9,>=90,0.0,MP,minimal_corrected,phase2
2020,10,<1,3.225806451612903,MP,minimal_corrected,phase2
2020,10,1-3,0.0,MP,minimal_corrected,phase2
2020,10,4-12,,MP,minimal_corrected,phase2
2020,10,13-17,,MP,minimal_corrected,phase2
2020,10,18-44,,MP,minimal_corrected,phase2
2020,10,45-59,,MP,minimal_corrected,phase2
2020,10,60-74,,MP,minimal_corrected,phase2
2020,10,75-89,0.0,MP,minimal_corrected,phase2
2020,10,>=90,0.0,MP,minimal_corrected,phase2
2020,11,<1,0.0,MP,minimal_corrected,phase2
2020,11,1-3,5.263157894736842,MP,minimal_corrected,phase2
2020,11,4-12,,MP,minimal_corrected,phase2
2020,11,13-17,,MP,minimal_corrected,phase2
2020,11,18-44,,MP,minimal_corrected,phase2
2020,11,45-59,,MP,minimal_corrected,phase2
2020,11,60-74,,MP,minimal_corrected,phase2
2020,11,75-89,0.0,MP,minimal_corrected,phase2
2020,11,>=90,0.0,MP,minimal_corrected,phase2
2020,12,<1,0.0,MP,minimal_corrected,phase2
2020,12,1-3,0.0,MP,minimal_corrected,phase2
2020,12,4-12,,MP,minimal_corrected,phase2
2020,12,13-17,,MP,minimal_corrected,phase2
2020,12,18-44,,MP,minimal_corrected,phase2
2020,12,45-59,,MP,minimal_corrected,phase2
2020,12,60-74,,MP,minimal_corrected,phase2
2020,12,75-89,0.0,MP,minimal_corrected,phase2
2020,12,>=90,0.0,MP,minimal_corrected,phase2
2021,1,<1,0.0,MP,minimal_corrected,phase2
2021,1,1-3,0.0,MP,minimal_corrected,phase2
2021,1,4-12,,MP,minimal_corrected,phase2
2021,1,13-17,,MP,minimal_corrected,phase2
2021,1,18-44,,MP,minimal_corrected,phase2
2021,1,45-59,,MP,minimal_corrected,phase2
2021,1,60-74,0.0,MP,minimal_corrected,phase2
2021,1,75-89,0.0,MP,minimal_corrected,phase2
2021,1,>=90,0.0,MP,minimal_corrected,phase2
2021,2,<1,,MP,minimal_corrected,phase2
2021,2,1-3,,MP,minimal_corrected,phase2
2021,2,4-12,,MP,minimal_corrected,phase2
2021,2,13-17,,MP,minimal_corrected,phase2
2021,2,18-44,,MP,minimal_corrected,phase2
2021,2,45-59,,MP,minimal_corrected,phase2
2021,2,60-74,,MP,minimal_corrected,phase2
2021,2,75-89,0.0,MP,minimal_corrected,phase2
2021,2,>=90,0.0,MP,minimal_corrected,phase2
2021,3,<1,,MP,minimal_corrected,phase2
2021,3,1-3,,MP,minimal_corrected,phase2
2021,3,4-12,,MP,minimal_corrected,phase2
2021,3,13-17,,MP,minimal_corrected,phase2
2021,3,18-44,,MP,minimal_corrected,phase2
2021,3,45-59,,MP,minimal_corrected,phase2
2021,3,60-74,0.0,MP,minimal_corrected,phase2
2021,3,75-89,0.0,MP,minimal_corrected,phase2
2021,3,>=90,0.0,MP,minimal_corrected,phase2
2021,4,<1,,MP,minimal_corrected,phase2
2021,4,1-3,,MP,minimal_corrected,phase2
2021,4,4-12,,MP,minimal_corrected,phase2
2021,4,13-17,,MP,minimal_corrected,phase2
2021,4,18-44,,MP,minimal_corrected,phase2
2021,4,45-59,0.0,MP,minimal_corrected,phase2
2021,4,60-74,0.0,MP,minimal_corrected,phase2
2021,4,75-89,0.0,MP,minimal_corrected,phase2
2021,4,>=90,0.0,MP,minimal_corrected,phase2
2021,5,<1,0.0,MP,minimal_corrected,phase2
2021,5,1-3,0.0,MP,minimal_corrected,phase2
2021,5,4-12,,MP,minimal_corrected,phase2
2021,5,13-17,,MP,minimal_corrected,phase2
2021,5,18-44,,MP,minimal_corrected,phase2
2021,5,45-59,,MP,minimal_corrected,phase2
2021,5,60-74,,MP,minimal_corrected,phase2
2021,5,75-89,0.0,MP,minimal_corrected,phase2
2021,5,>=90,0.0,MP,minimal_corrected,phase2
2021,6,<1,0.0,MP,minimal_corrected,phase2
2021,6,1-3,5.454545454545454,MP,minimal_corrected,phase2
2021,6,4-12,0.0,MP,minimal_corrected,phase2
2021,6,18-44,3.7037037037037033,MP,minimal_corrected,phase2
2021,6,45-59,,MP,minimal_corrected,phase2
2021,6,60-74,0.0,MP,minimal_corrected,phase2
2021,6,75-89,0.0,MP,minimal_corrected,phase2
2021,6,>=90,0.0,MP,minimal_corrected,phase2
2021,7,<1,1.1764705882352942,MP,minimal_corrected,phase2
2021,7,1-3,1.3333333333333337,MP,minimal_corrected,phase2
2021,7,4-12,7.4074074074074066,MP,minimal_corrected,phase2
2021,7,13-17,,MP,minimal_corrected,phase2
2021,7,18-44,,MP,minimal_corrected,phase2
2021,7,45-59,,MP,minimal_corrected,phase2
2021,7,60-74,,MP,minimal_corrected,phase2
2021,7,75-89,0.0,MP,minimal_corrected,phase2
2021,7,>=90,0.0,MP,minimal_corrected,phase2
2021,8,<1,0.0,MP,minimal_corrected,phase2
2021,8,1-3,2.0408163265306123,MP,minimal_corrected,phase2
2021,8,4-12,,MP,minimal_corrected,phase2
2021,8,13-17,,MP,minimal_corrected,phase2
2021,8,18-44,,MP,minimal_corrected,phase2
2021,8,45-59,,MP,minimal_corrected,phase2
2021,8,60-74,,MP,minimal_corrected,phase2
2021,8,75-89,0.0,MP,minimal_corrected,phase2
2021,8,>=90,0.0,MP,minimal_corrected,phase2
2021,9,<1,0.0,MP,minimal_corrected,phase2
2021,9,1-3,,MP,minimal_corrected,phase2
2021,9,4-12,,MP,minimal_corrected,phase2
2021,9,18-44,,MP,minimal_corrected,phase2
2021,9,45-59,,MP,minimal_corrected,phase2
2021,9,60-74,,MP,minimal_corrected,phase2
2021,9,75-89,0.0,MP,minimal_corrected,phase2
2021,9,>=90,0.0,MP,minimal_corrected,phase2
2021,10,<1,,MP,minimal_corrected,phase2
2021,10,1-3,,MP,minimal_corrected,phase2
2021,10,4-12,,MP,minimal_corrected,phase2
2021,10,13-17,,MP,minimal_corrected,phase2
2021,10,18-44,,MP,minimal_corrected,phase2
2021,10,45-59,,MP,minimal_corrected,phase2
2021,10,60-74,,MP,minimal_corrected,phase2
2021,10,75-89,0.0,MP,minimal_corrected,phase2
2021,10,>=90,0.0,MP,minimal_corrected,phase2
2021,11,<1,0.0,MP,minimal_corrected,phase2
2021,11,1-3,0.0,MP,minimal_corrected,phase2
2021,11,4-12,0.0,MP,minimal_corrected,phase2
2021,11,13-17,,MP,minimal_corrected,phase2
2021,11,18-44,,MP,minimal_corrected,phase2
2021,11,45-59,,MP,minimal_corrected,phase2
2021,11,60-74,,MP,minimal_corrected,phase2
2021,11,75-89,0.0,MP,minimal_corrected,phase2
2021,11,>=90,0.0,MP,minimal_corrected,phase2
2021,12,<1,0.0,MP,minimal_corrected,phase2
2021,12,1-3,0.0,MP,minimal_corrected,phase2
2021,12,4-12,0.0,MP,minimal_corrected,phase2
2021,12,13-17,,MP,minimal_corrected,phase2
2021,12,18-44,,MP,minimal_corrected,phase2
2021,12,45-59,,MP,minimal_corrected,phase2
2021,12,60-74,0.0,MP,minimal_corrected,phase2
2021,12,75-89,0.0,MP,minimal_corrected,phase2
2021,12,>=90,0.0,MP,minimal_corrected,phase2
2022,1,<1,0.0,MP,minimal_corrected,phase2
2022,1,1-3,0.0,MP,minimal_corrected,phase2
2022,1,4-12,1.639344262295082,MP,minimal_corrected,phase2
2022,1,13-17,,MP,minimal_corrected,phase2
2022,1,18-44,,MP,minimal_corrected,phase2
2022,1,45-59,,MP,minimal_corrected,phase2
2022,1,60-74,0.0,MP,minimal_corrected,phase2
2022,1,75-89,0.0,MP,minimal_corrected,phase2
2022,1,>=90,0.0,MP,minimal_corrected,phase2
2022,2,<1,0.0,MP,minimal_corrected,phase2
2022,2,1-3,0.0,MP,minimal_corrected,phase2
2022,2,4-12,,MP,minimal_corrected,phase2
2022,2,13-17,,MP,minimal_corrected,phase2
2022,2,18-44,,MP,minimal_corrected,phase2
2022,2,45-59,,MP,minimal_corrected,phase2
2022,2,60-74,0.0,MP,minimal_corrected,phase2
2022,2,75-89,0.0,MP,minimal_corrected,phase2
2022,2,>=90,0.0,MP,minimal_corrected,phase2
2022,3,<1,0.0,MP,minimal_corrected,phase2
2022,3,1-3,3.1746031746031744,MP,minimal_corrected,phase2
2022,3,4-12,4.444444444444445,MP,minimal_corrected,phase2
2022,3,13-17,,MP,minimal_corrected,phase2
2022,3,18-44,0.0,MP,minimal_corrected,phase2
2022,3,45-59,0.0,MP,minimal_corrected,phase2
2022,3,60-74,0.0,MP,minimal_corrected,phase2
2022,3,75-89,0.0,MP,minimal_corrected,phase2
2022,3,>=90,0.0,MP,minimal_corrected,phase2
2022,4,<1,4.545454545454546,MP,minimal_corrected,phase2
2022,4,1-3,0.0,MP,minimal_corrected,phase2
2022,4,4-12,7.5,MP,minimal_corrected,phase2
2022,4,13-17,,MP,minimal_corrected,phase2
2022,4,18-44,0.0,MP,minimal_corrected,phase2
2022,4,45-59,0.0,MP,minimal_corrected,phase2
2022,4,60-74,0.0,MP,minimal_corrected,phase2
2022,4,75-89,0.0,MP,minimal_corrected,phase2
2022,4,>=90,0.0,MP,minimal_corrected,phase2
2022,5,<1,0.0,MP,minimal_corrected,phase2
2022,5,1-3,0.0,MP,minimal_corrected,phase2
2022,5,4-12,14.705882352941178,MP,minimal_corrected,phase2
2022,5,13-17,,MP,minimal_corrected,phase2
2022,5,18-44,0.0,MP,minimal_corrected,phase2
2022,5,45-59,0.0,MP,minimal_corrected,phase2
2022,5,60-74,0.0,MP,minimal_corrected,phase2
2022,5,75-89,1.2195121951219512,MP,minimal_corrected,phase2
2022,5,>=90,0.0,MP,minimal_corrected,phase2
2022,6,<1,1.9230769230769231,MP,minimal_corrected,phase2
2022,6,1-3,2.272727272727273,MP,minimal_corrected,phase2
2022,6,4-12,3.7037037037037033,MP,minimal_corrected,phase2
2022,6,13-17,,MP,minimal_corrected,phase2
2022,6,18-44,0.0,MP,minimal_corrected,phase2
2022,6,45-59,0.0,MP,minimal_corrected,phase2
2022,6,60-74,0.0,MP,minimal_corrected,phase2
2022,6,75-89,0.0,MP,minimal_corrected,phase2
2022,6,>=90,0.0,MP,minimal_corrected,phase2
2022,7,<1,0.0,MP,minimal_corrected,phase2
2022,7,1-3,3.947368421052632,MP,minimal_corrected,phase2
2022,7,4-12,16.666666666666664,MP,minimal_corrected,phase2
2022,7,13-17,,MP,minimal_corrected,phase2
2022,7,18-44,1.851851851851852,MP,minimal_corrected,phase2
2022,7,45-59,0.0,MP,minimal_corrected,phase2
2022,7,60-74,0.0,MP,minimal_corrected,phase2
2022,7,75-89,0.0,MP,minimal_corrected,phase2
2022,7,>=90,0.0,MP,minimal_corrected,phase2
2022,8,<1,6.122448979591836,MP,minimal_corrected,phase2
2022,8,1-3,8.235294117647058,MP,minimal_corrected,phase2
2022,8,4-12,32.608695652173914,MP,minimal_corrected,phase2
2022,8,13-17,,MP,minimal_corrected,phase2
2022,8,18-44,2.380952380952381,MP,minimal_corrected,phase2
2022,8,45-59,0.0,MP,minimal_corrected,phase2
2022,8,60-74,0.0,MP,minimal_corrected,phase2
2022,8,75-89,0.0,MP,minimal_corrected,phase2
2022,8,>=90,0.0,MP,minimal_corrected,phase2
2022,9,<1,0.0,MP,minimal_corrected,phase2
2022,9,1-3,5.357142857142857,MP,minimal_corrected,phase2
2022,9,4-12,17.77777777777778,MP,minimal_corrected,phase2
2022,9,13-17,,MP,minimal_corrected,phase2
2022,9,18-44,0.0,MP,minimal_corrected,phase2
2022,9,45-59,0.0,MP,minimal_corrected,phase2
2022,9,60-74,0.0,MP,minimal_corrected,phase2
2022,9,75-89,0.0,MP,minimal_corrected,phase2
2022,9,>=90,0.78125,MP,minimal_corrected,phase2
2022,10,<1,3.125,MP,minimal_corrected,phase2
2022,10,1-3,5.633802816901409,MP,minimal_corrected,phase2
2022,10,4-12,22.388059701492537,MP,minimal_corrected,phase2
2022,10,13-17,,MP,minimal_corrected,phase2
2022,10,18-44,0.0,MP,minimal_corrected,phase2
2022,10,45-59,0.0,MP,minimal_corrected,phase2
2022,10,60-74,0.0,MP,minimal_corrected,phase2
2022,10,75-89,0.0,MP,minimal_corrected,phase2
2022,10,>=90,0.0,MP,minimal_corrected,phase2
2022,11,<1,0.0,MP,minimal_corrected,phase2
2022,11,1-3,1.851851851851852,MP,minimal_corrected,phase2
2022,11,4-12,8.75,MP,minimal_corrected,phase2
2022,11,13-17,,MP,minimal_corrected,phase2
2022,11,18-44,0.0,MP,minimal_corrected,phase2
2022,11,45-59,0.0,MP,minimal_corrected,phase2
2022,11,60-74,0.0,MP,minimal_corrected,phase2
2022,11,75-89,0.0,MP,minimal_corrected,phase2
2022,11,>=90,0.5586592178770949,MP,minimal_corrected,phase2
2022,12,<1,1.639344262295082,MP,minimal_corrected,phase2
2022,12,1-3,1.282051282051282,MP,minimal_corrected,phase2
2022,12,4-12,16.176470588235293,MP,minimal_corrected,phase2
2022,12,13-17,,MP,minimal_corrected,phase2
2022,12,18-44,2.7777777777777777,MP,minimal_corrected,phase2
2022,12,45-59,0.0,MP,minimal_corrected,phase2
2022,12,60-74,1.4492753623188406,MP,minimal_corrected,phase2
2022,12,75-89,0.0,MP,minimal_corrected,phase2
2022,12,>=90,0.0,MP,minimal_corrected,phase2
2023,1,<1,1.2658227848101269,MP,minimal_corrected,phase2
2023,1,1-3,3.125,MP,minimal_corrected,phase2
2023,1,4-12,27.08333333333333,MP,minimal_corrected,phase2
2023,1,13-17,,MP,minimal_corrected,phase2
2023,1,18-44,0.0,MP,minimal_corrected,phase2
2023,1,45-59,0.0,MP,minimal_corrected,phase2
2023,1,60-74,0.0,MP,minimal_corrected,phase2
2023,1,75-89,0.0,MP,minimal_corrected,phase2
2023,1,>=90,0.0,MP,minimal_corrected,phase2
2023,2,<1,0.0,MP,minimal_corrected,phase2
2023,2,1-3,0.0,MP,minimal_corrected,phase2
2023,2,4-12,10.0,MP,minimal_corrected,phase2
2023,2,13-17,,MP,minimal_corrected,phase2
2023,2,18-44,0.0,MP,minimal_corrected,phase2
2023,2,45-59,0.0,MP,minimal_corrected,phase2
2023,2,60-74,0.0,MP,minimal_corrected,phase2
2023,2,75-89,0.0,MP,minimal_corrected,phase2
2023,2,>=90,0.0,MP,minimal_corrected,phase2
2023,3,<1,1.639344262295082,MP,minimal_corrected,phase2
2023,3,1-3,3.260869565217391,MP,minimal_corrected,phase2
2023,3,4-12,7.4074074074074066,MP,minimal_corrected,phase2
2023,3,13-17,3.8461538461538463,MP,minimal_corrected,phase2
2023,3,18-44,0.0,MP,minimal_corrected,phase2
2023,3,45-59,0.0,MP,minimal_corrected,phase2
2023,3,60-74,0.0,MP,minimal_corrected,phase2
2023,3,75-89,0.0,MP,minimal_corrected,phase2
2023,3,>=90,0.0,MP,minimal_corrected,phase2
2023,4,<1,1.282051282051282,MP,minimal_corrected,phase2
2023,4,1-3,5.511811023622047,MP,minimal_corrected,phase2
2023,4,4-12,10.6951871657754,MP,minimal_corrected,phase2
2023,4,13-17,10.714285714285714,MP,minimal_corrected,phase2
2023,4,18-44,0.0,MP,minimal_corrected,phase2
2023,4,45-59,0.0,MP,minimal_corrected,phase2
2023,4,60-74,0.0,MP,minimal_corrected,phase2
2023,4,75-89,0.0,MP,minimal_corrected,phase2
2023,4,>=90,0.0,MP,minimal_corrected,phase2
2023,5,<1,0.9009009009009008,MP,minimal_corrected,phase2
2023,5,1-3,5.319148936170213,MP,minimal_corrected,phase2
2023,5,4-12,22.058823529411764,MP,minimal_corrected,phase2
2023,5,13-17,12.5,MP,minimal_corrected,phase2
2023,5,18-44,1.0,MP,minimal_corrected,phase2
2023,5,45-59,1.7391304347826086,MP,minimal_corrected,phase2
2023,5,60-74,0.0,MP,minimal_corrected,phase2
2023,5,75-89,0.5076142131979695,MP,minimal_corrected,phase2
2023,5,>=90,0.0,MP,minimal_corrected,phase2
2023,6,<1,3.597122302158273,MP,minimal_corrected,phase2
2023,6,1-3,5.490196078431373,MP,minimal_corrected,phase2
2023,6,4-12,25.899280575539567,MP,minimal_corrected,phase2
2023,6,13-17,,MP,minimal_corrected,phase2
2023,6,18-44,2.564102564102564,MP,minimal_corrected,phase2
2023,6,45-59,0.0,MP,minimal_corrected,phase2
2023,6,60-74,0.9345794392523364,MP,minimal_corrected,phase2
2023,6,75-89,0.0,MP,minimal_corrected,phase2
2023,6,>=90,0.0,MP,minimal_corrected,phase2
2023,7,<1,6.306306306306306,MP,minimal_corrected,phase2
2023,7,1-3,12.162162162162163,MP,minimal_corrected,phase2
2023,7,4-12,53.61930294906166,MP,minimal_corrected,phase2
2023,7,13-17,,MP,minimal_corrected,phase2
2023,7,18-44,7.5,MP,minimal_corrected,phase2
2023,7,45-59,2.898550724637681,MP,minimal_corrected,phase2
2023,7,60-74,1.0752688172043012,MP,minimal_corrected,phase2
2023,7,75-89,0.0,MP,minimal_corrected,phase2
2023,7,>=90,0.0,MP,minimal_corrected,phase2
2023,8,<1,7.777777777777778,MP,minimal_corrected,phase2
2023,8,1-3,25.60553633217993,MP,minimal_corrected,phase2
2023,8,4-12,48.97959183673469,MP,minimal_corrected,phase2
2023,8,13-17,40.909090909090914,MP,minimal_corrected,phase2
2023,8,18-44,14.814814814814811,MP,minimal_corrected,phase2
2023,8,45-59,3.4482758620689653,MP,minimal_corrected,phase2
2023,8,60-74,2.727272727272727,MP,minimal_corrected,phase2
2023,8,75-89,0.8064516129032258,MP,minimal_corrected,phase2
2023,8,>=90,1.2195121951219512,MP,minimal_corrected,phase2
2023,9,<1,5.1020408163265305,MP,minimal_corrected,phase2
2023,9,1-3,28.097345132743364,MP,minimal_corrected,phase2
2023,9,4-12,48.9769820971867,MP,minimal_corrected,phase2
2023,9,13-17,25.0,MP,minimal_corrected,phase2
2023,9,18-44,21.666666666666668,MP,minimal_corrected,phase2
2023,9,45-59,5.333333333333334,MP,minimal_corrected,phase2
2023,9,60-74,1.8867924528301887,MP,minimal_corrected,phase2
2023,9,75-89,3.738317757009345,MP,minimal_corrected,phase2
2023,9,>=90,4.672897196261682,MP,minimal_corrected,phase2
2023,10,<1,12.5,MP,minimal_corrected,phase2
2023,10,1-3,29.00262467191601,MP,minimal_corrected,phase2
2023,10,4-12,55.99369085173501,MP,minimal_corrected,phase2
2023,10,13-17,33.82352941176471,MP,minimal_corrected,phase2
2023,10,18-44,15.789473684210526,MP,minimal_corrected,phase2
2023,10,45-59,11.956521739130435,MP,minimal_corrected,phase2
2023,10,60-74,5.05050505050505,MP,minimal_corrected,phase2
2023,10,75-89,4.950495049504951,MP,minimal_corrected,phase2
2023,10,>=90,1.2195121951219512,MP,minimal_corrected,phase2
2023,11,<1,20.0,MP,minimal_corrected,phase2
2023,11,1-3,25.638179800221977,MP,minimal_corrected,phase2
2023,11,4-12,48.10901001112347,MP,minimal_corrected,phase2
2023,11,13-17,13.934426229508196,MP,minimal_corrected,phase2
2023,11,18-44,17.12707182320442,MP,minimal_corrected,phase2
2023,11,45-59,9.433962264150944,MP,minimal_corrected,phase2
2023,11,60-74,6.5420560747663545,MP,minimal_corrected,phase2
2023,11,75-89,1.4285714285714286,MP,minimal_corrected,phase2
2023,11,>=90,4.166666666666666,MP,minimal_corrected,phase2
2023,12,<1,15.384615384615383,MP,minimal_corrected,phase2
2023,12,1-3,26.91176470588235,MP,minimal_corrected,phase2
2023,12,4-12,40.26863313141954,MP,minimal_corrected,phase2
2023,12,13-17,12.32876712328767,MP,minimal_corrected,phase2
2023,12,18-44,15.53398058252427,MP,minimal_corrected,phase2
2023,12,45-59,6.306306306306306,MP,minimal_corrected,phase2
2023,12,60-74,3.825136612021858,MP,minimal_corrected,phase2
2023,12,75-89,4.21455938697318,MP,minimal_corrected,phase2
2023,12,>=90,3.3707865168539324,MP,minimal_corrected,phase2
2024,1,<1,,MP,minimal_corrected,phase2
2024,1,1-3,,MP,minimal_corrected,phase2
2024,1,4-12,,MP,minimal_corrected,phase2
2024,1,13-17,,MP,minimal_corrected,phase2
2024,1,18-44,3.8461538461538463,MP,minimal_corrected,phase2
2024,1,45-59,0.9615384615384616,MP,minimal_corrected,phase2
2024,1,60-74,0.5154639175257731,MP,minimal_corrected,phase2
2024,1,75-89,0.0,MP,minimal_corrected,phase2
2024,1,>=90,0.0,MP,minimal_corrected,phase2
2024,2,<1,,MP,minimal_corrected,phase2
2024,2,4-12,,MP,minimal_corrected,phase2
2024,2,13-17,,MP,minimal_corrected,phase2
2024,2,18-44,5.88235294117647,MP,minimal_corrected,phase2
2024,2,45-59,2.083333333333333,MP,minimal_corrected,phase2
2024,2,60-74,0.0,MP,minimal_corrected,phase2
2024,2,75-89,0.9259259259259258,MP,minimal_corrected,phase2
2024,2,>=90,0.0,MP,minimal_corrected,phase2
2024,3,<1,2.564102564102564,MP,minimal_corrected,phase2
2024,3,4-12,,MP,minimal_corrected,phase2
2024,3,13-17,,MP,minimal_corrected,phase2
2024,3,18-44,2.941176470588235,MP,minimal_corrected,phase2
2024,3,45-59,0.0,MP,minimal_corrected,phase2
2024,3,60-74,1.1363636363636365,MP,minimal_corrected,phase2
2024,3,75-89,0.0,MP,minimal_corrected,phase2
2024,3,>=90,0.0,MP,minimal_corrected,phase2
2024,4,<1,,MP,minimal_corrected,phase2
2024,4,1-3,,MP,minimal_corrected,phase2
2024,4,4-12,,MP,minimal_corrected,phase2
2024,4,13-17,,MP,minimal_corrected,phase2
2024,4,18-44,4.6875,MP,minimal_corrected,phase2
2024,4,45-59,0.0,MP,minimal_corrected,phase2
2024,4,60-74,0.5780346820809248,MP,minimal_corrected,phase2
2024,4,75-89,0.0,MP,minimal_corrected,phase2
2024,4,>=90,0.0,MP,minimal_corrected,phase2
2024,5,<1,,MP,minimal_corrected,phase2
2024,5,4-12,,MP,minimal_corrected,phase2
2024,5,13-17,,MP,minimal_corrected,phase2
2024,5,18-44,2.2222222222222223,MP,minimal_corrected,phase2
2024,5,45-59,0.0,MP,minimal_corrected,phase2
2024,5,60-74,1.342281879194631,MP,minimal_corrected,phase2
2024,5,75-89,0.0,MP,minimal_corrected,phase2
2024,5,>=90,0.0,MP,minimal_corrected,phase2
2024,6,<1,0.0,MP,minimal_corrected,phase2
2024,6,1-3,,MP,minimal_corrected,phase2
2024,6,4-12,,MP,minimal_corrected,phase2
2024,6,13-17,,MP,minimal_corrected,phase2
2024,6,18-44,7.84313725490196,MP,minimal_corrected,phase2
2024,6,45-59,1.2048192771084338,MP,minimal_corrected,phase2
2024,6,60-74,1.0309278350515465,MP,minimal_corrected,phase2
2024,6,75-89,0.0,MP,minimal_corrected,phase2
2024,6,>=90,0.0,MP,minimal_corrected,phase2
2024,7,<1,,MP,minimal_corrected,phase2
2024,7,1-3,,MP,minimal_corrected,phase2
2024,7,4-12,,MP,minimal_corrected,phase2
2024,7,13-17,,MP,minimal_corrected,phase2
2024,7,18-44,8.571428571428571,MP,minimal_corrected,phase2
2024,7,45-59,2.380952380952381,MP,minimal_corrected,phase2
2024,7,60-74,0.8620689655172413,MP,minimal_corrected,phase2
2024,7,75-89,0.0,MP,minimal_corrected,phase2
2024,7,>=90,0.0,MP,minimal_corrected,phase2
2024,8,<1,,MP,minimal_corrected,phase2
2024,8,1-3,,MP,minimal_corrected,phase2
2024,8,4-12,,MP,minimal_corrected,phase2
2024,8,18-44,9.67741935483871,MP,minimal_corrected,phase2
2024,8,45-59,1.7543859649122806,MP,minimal_corrected,phase2
2024,8,60-74,0.0,MP,minimal_corrected,phase2
2024,8,75-89,2.380952380952381,MP,minimal_corrected,phase2
2024,8,>=90,0.0,MP,minimal_corrected,phase2
2024,9,<1,,MP,minimal_corrected,phase2
2024,9,4-12,,MP,minimal_corrected,phase2
2024,9,13-17,,MP,minimal_corrected,phase2
2024,9,18-44,0.0,MP,minimal_corrected,phase2
2024,9,45-59,0.0,MP,minimal_corrected,phase2
2024,9,60-74,0.0,MP,minimal_corrected,phase2
2024,9,75-89,0.0,MP,minimal_corrected,phase2
2024,9,>=90,0.0,MP,minimal_corrected,phase2
2024,10,<1,,MP,minimal_corrected,phase2
2024,10,1-3,,MP,minimal_corrected,phase2
2024,10,4-12,,MP,minimal_corrected,phase2
2024,10,13-17,,MP,minimal_corrected,phase2
2024,10,18-44,4.3478260869565215,MP,minimal_corrected,phase2
2024,10,45-59,,MP,minimal_corrected,phase2
2024,10,60-74,0.0,MP,minimal_corrected,phase2
2024,10,75-89,0.0,MP,minimal_corrected,phase2
2024,10,>=90,0.0,MP,minimal_corrected,phase2
2024,11,<1,,MP,minimal_corrected,phase2
2024,11,1-3,,MP,minimal_corrected,phase2
2024,11,4-12,,MP,minimal_corrected,phase2
2024,11,13-17,,MP,minimal_corrected,phase2
2024,11,18-44,,MP,minimal_corrected,phase2
2024,11,45-59,0.0,MP,minimal_corrected,phase2
2024,11,60-74,0.0,MP,minimal_corrected,phase2
2024,11,75-89,0.0,MP,minimal_corrected,phase2
2024,11,>=90,0.0,MP,minimal_corrected,phase2
2024,12,<1,,MP,minimal_corrected,phase2
2024,12,1-3,,MP,minimal_corrected,phase2
2024,12,4-12,,MP,minimal_corrected,phase2
2024,12,13-17,,MP,minimal_corrected,phase2
2024,12,18-44,5.0,MP,minimal_corrected,phase2
2024,12,45-59,,MP,minimal_corrected,phase2
2024,12,60-74,0.0,MP,minimal_corrected,phase2
2024,12,75-89,0.0,MP,minimal_corrected,phase2
2024,12,>=90,0.0,MP,minimal_corrected,phase2
2025,1,<1,1.0869565217391304,MP,minimal_corrected,phase2
2025,1,1-3,3.821656050955414,MP,minimal_corrected,phase2
2025,1,4-12,7.663551401869159,MP,minimal_corrected,phase2
2025,1,13-17,2.0408163265306123,MP,minimal_corrected,phase2
2025,1,18-44,1.6666666666666667,MP,minimal_corrected,phase2
2025,1,45-59,0.0,MP,minimal_corrected,phase2
2025,1,60-74,1.020408163265306,MP,minimal_corrected,phase2
2025,1,75-89,2.6595744680851063,MP,minimal_corrected,phase2
2025,1,>=90,0.0,MP,minimal_corrected,phase2
2025,2,<1,1.098901098901099,MP,minimal_corrected,phase2
2025,2,1-3,2.34375,MP,minimal_corrected,phase2
2025,2,4-12,6.5625,MP,minimal_corrected,phase2
2025,2,13-17,2.941176470588235,MP,minimal_corrected,phase2
2025,2,18-44,1.7543859649122806,MP,minimal_corrected,phase2
2025,2,45-59,0.4273504273504274,MP,minimal_corrected,phase2
2025,2,60-74,0.3021148036253776,MP,minimal_corrected,phase2
2025,2,75-89,0.4901960784313725,MP,minimal_corrected,phase2
2025,2,>=90,0.0,MP,minimal_corrected,phase2
2025,3,<1,0.0,MP,minimal_corrected,phase2
2025,3,1-3,1.3550135501355014,MP,minimal_corrected,phase2
2025,3,4-12,2.604166666666667,MP,minimal_corrected,phase2
2025,3,13-17,0.0,MP,minimal_corrected,phase2
2025,3,18-44,2.3255813953488373,MP,minimal_corrected,phase2
2025,3,45-59,1.4218009478672986,MP,minimal_corrected,phase2
2025,3,60-74,0.628930817610063,MP,minimal_corrected,phase2
2025,3,75-89,0.0,MP,minimal_corrected,phase2
2025,3,>=90,0.0,MP,minimal_corrected,phase2
2025,4,<1,0.0,MP,minimal_corrected,phase2
2025,4,1-3,0.2331002331002331,MP,minimal_corrected,phase2
2025,4,4-12,2.736842105263158,MP,minimal_corrected,phase2
2025,4,13-17,2.272727272727273,MP,minimal_corrected,phase2
2025,4,18-44,0.5988023952095809,MP,minimal_corrected,phase2
2025,4,45-59,0.4784688995215311,MP,minimal_corrected,phase2
2025,4,60-74,0.0,MP,minimal_corrected,phase2
2025,4,75-89,0.0,MP,minimal_corrected,phase2
2025,4,>=90,0.0,MP,minimal_corrected,phase2
2025,5,<1,0.628930817610063,MP,minimal_corrected,phase2
2025,5,1-3,0.5141388174807198,MP,minimal_corrected,phase2
2025,5,4-12,2.25,MP,minimal_corrected,phase2
2025,5,13-17,0.0,MP,minimal_corrected,phase2
2025,5,18-44,0.5780346820809248,MP,minimal_corrected,phase2
2025,5,45-59,0.0,MP,minimal_corrected,phase2
2025,5,60-74,0.8595988538681949,MP,minimal_corrected,phase2
2025,5,75-89,0.4784688995215311,MP,minimal_corrected,phase2
2025,5,>=90,0.0,MP,minimal_corrected,phase2
2025,6,<1,0.5813953488372093,MP,minimal_corrected,phase2
2025,6,1-3,0.5,MP,minimal_corrected,phase2
2025,6,4-12,1.1111111111111112,MP,minimal_corrected,phase2
2025,6,13-17,4.545454545454546,MP,minimal_corrected,phase2
2025,6,18-44,0.6578947368421052,MP,minimal_corrected,phase2
2025,6,45-59,0.4524886877828055,MP,minimal_corrected,phase2
2025,6,60-74,0.0,MP,minimal_corrected,phase2
2025,6,75-89,0.5882352941176471,MP,minimal_corrected,phase2
2025,6,>=90,0.0,MP,minimal_corrected,phase2
2025,7,<1,1.3986013986013983,MP,minimal_corrected,phase2
2025,7,1-3,0.2652519893899204,MP,minimal_corrected,phase2
2025,7,4-12,0.6825938566552902,MP,minimal_corrected,phase2
2025,7,13-17,0.0,MP,minimal_corrected,phase2
2025,7,18-44,0.0,MP,minimal_corrected,phase2
2025,7,45-59,1.1764705882352942,MP,minimal_corrected,phase2
2025,7,60-74,0.0,MP,minimal_corrected,phase2
2025,7,75-89,0.0,MP,minimal_corrected,phase2
2025,7,>=90,0.0,MP,minimal_corrected,phase2
2025,8,<1,1.4925373134328357,MP,minimal_corrected,phase2
2025,8,1-3,0.3597122302158274,MP,minimal_corrected,phase2
2025,8,4-12,1.2448132780082988,MP,minimal_corrected,phase2
2025,8,13-17,,MP,minimal_corrected,phase2
2025,8,18-44,1.9047619047619049,MP,minimal_corrected,phase2
2025,8,45-59,0.0,MP,minimal_corrected,phase2
2025,8,60-74,0.0,MP,minimal_corrected,phase2
2025,8,75-89,0.0,MP,minimal_corrected,phase2
2025,8,>=90,0.0,MP,minimal_corrected,phase2
2025,9,<1,2.0408163265306123,MP,minimal_corrected,phase2
2025,9,1-3,0.3174603174603174,MP,minimal_corrected,phase2
2025,9,4-12,2.2304832713754648,MP,minimal_corrected,phase2
2025,9,13-17,,MP,minimal_corrected,phase2
2025,9,18-44,0.0,MP,minimal_corrected,phase2
2025,9,45-59,0.0,MP,minimal_corrected,phase2
2025,9,60-74,0.5076142131979695,MP,minimal_corrected,phase2
2025,9,75-89,0.8333333333333334,MP,minimal_corrected,phase2
2025,9,>=90,0.0,MP,minimal_corrected,phase2
2025,10,<1,0.0,MP,minimal_corrected,phase2
2025,10,1-3,1.1869436201780417,MP,minimal_corrected,phase2
2025,10,4-12,1.5432098765432098,MP,minimal_corrected,phase2
2025,10,13-17,0.0,MP,minimal_corrected,phase2
2025,10,18-44,1.5625,MP,minimal_corrected,phase2
2025,10,45-59,0.8928571428571428,MP,minimal_corrected,phase2
2025,10,60-74,0.0,MP,minimal_corrected,phase2
2025,10,75-89,0.9433962264150944,MP,minimal_corrected,phase2
2025,10,>=90,1.818181818181818,MP,minimal_corrected,phase2
2025,11,<1,4.938271604938271,MP,minimal_corrected,phase2
2025,11,1-3,0.0,MP,minimal_corrected,phase2
2025,11,4-12,2.0,MP,minimal_corrected,phase2
2025,11,13-17,0.0,MP,minimal_corrected,phase2
2025,11,18-44,0.0,MP,minimal_corrected,phase2
2025,11,45-59,0.5988023952095809,MP,minimal_corrected,phase2
2025,11,60-74,0.4098360655737705,MP,minimal_corrected,phase2
2025,11,75-89,0.0,MP,minimal_corrected,phase2
2025,11,>=90,0.0,MP,minimal_corrected,phase2
2019,2,<1,,HMPV,minimal_corrected,phase2
2019,2,1-3,,HMPV,minimal_corrected,phase2
2019,2,18-44,,HMPV,minimal_corrected,phase2
2019,2,45-59,,HMPV,minimal_corrected,phase2
2019,2,60-74,,HMPV,minimal_corrected,phase2
2019,3,<1,13.043478260869565,HMPV,minimal_corrected,phase2
2019,3,1-3,32.142857142857146,HMPV,minimal_corrected,phase2
2019,3,4-12,12.0,HMPV,minimal_corrected,phase2
2019,3,13-17,,HMPV,minimal_corrected,phase2
2019,3,18-44,,HMPV,minimal_corrected,phase2
2019,3,45-59,,HMPV,minimal_corrected,phase2
2019,3,60-74,,HMPV,minimal_corrected,phase2
2019,3,75-89,,HMPV,minimal_corrected,phase2
2019,4,<1,13.725490196078432,HMPV,minimal_corrected,phase2
2019,4,1-3,13.114754098360656,HMPV,minimal_corrected,phase2
2019,4,4-12,5.084745762711865,HMPV,minimal_corrected,phase2
2019,4,13-17,,HMPV,minimal_corrected,phase2
2019,4,18-44,,HMPV,minimal_corrected,phase2
2019,4,45-59,,HMPV,minimal_corrected,phase2
2019,4,60-74,,HMPV,minimal_corrected,phase2
2019,4,75-89,14.285714285714285,HMPV,minimal_corrected,phase2
2019,4,>=90,,HMPV,minimal_corrected,phase2
2019,5,<1,0.0,HMPV,minimal_corrected,phase2
2019,5,1-3,7.246376811594203,HMPV,minimal_corrected,phase2
2019,5,4-12,0.0,HMPV,minimal_corrected,phase2
2019,5,13-17,,HMPV,minimal_corrected,phase2
2019,5,18-44,,HMPV,minimal_corrected,phase2
2019,5,45-59,,HMPV,minimal_corrected,phase2
2019,5,60-74,,HMPV,minimal_corrected,phase2
2019,5,75-89,,HMPV,minimal_corrected,phase2
2019,5,>=90,,HMPV,minimal_corrected,phase2
2019,6,<1,1.6129032258064515,HMPV,minimal_corrected,phase2
2019,6,1-3,0.0,HMPV,minimal_corrected,phase2
2019,6,4-12,0.8403361344537815,HMPV,minimal_corrected,phase2
2019,6,13-17,,HMPV,minimal_corrected,phase2
2019,6,18-44,,HMPV,minimal_corrected,phase2
2019,6,45-59,,HMPV,minimal_corrected,phase2
2019,6,60-74,,HMPV,minimal_corrected,phase2
2019,6,75-89,9.67741935483871,HMPV,minimal_corrected,phase2
2019,6,>=90,,HMPV,minimal_corrected,phase2
2019,7,<1,0.0,HMPV,minimal_corrected,phase2
2019,7,1-3,2.5,HMPV,minimal_corrected,phase2
2019,7,4-12,0.0,HMPV,minimal_corrected,phase2
2019,7,13-17,,HMPV,minimal_corrected,phase2
2019,7,18-44,,HMPV,minimal_corrected,phase2
2019,7,45-59,,HMPV,minimal_corrected,phase2
2019,7,60-74,,HMPV,minimal_corrected,phase2
2019,7,75-89,0.0,HMPV,minimal_corrected,phase2
2019,7,>=90,,HMPV,minimal_corrected,phase2
2019,8,<1,1.1904761904761905,HMPV,minimal_corrected,phase2
2019,8,1-3,0.4761904761904762,HMPV,minimal_corrected,phase2
2019,8,4-12,0.0,HMPV,minimal_corrected,phase2
2019,8,13-17,,HMPV,minimal_corrected,phase2
2019,8,18-44,,HMPV,minimal_corrected,phase2
2019,8,45-59,,HMPV,minimal_corrected,phase2
2019,8,60-74,0.0,HMPV,minimal_corrected,phase2
2019,8,75-89,,HMPV,minimal_corrected,phase2
2019,8,>=90,,HMPV,minimal_corrected,phase2
2019,9,<1,0.0,HMPV,minimal_corrected,phase2
2019,9,1-3,0.5747126436781609,HMPV,minimal_corrected,phase2
2019,9,4-12,1.6129032258064515,HMPV,minimal_corrected,phase2
2019,9,13-17,,HMPV,minimal_corrected,phase2
2019,9,18-44,,HMPV,minimal_corrected,phase2
2019,9,45-59,,HMPV,minimal_corrected,phase2
2019,9,60-74,,HMPV,minimal_corrected,phase2
2019,9,75-89,0.0,HMPV,minimal_corrected,phase2
2019,9,>=90,,HMPV,minimal_corrected,phase2
2019,10,<1,0.0,HMPV,minimal_corrected,phase2
2019,10,1-3,0.0,HMPV,minimal_corrected,phase2
2019,10,4-12,1.1494252873563218,HMPV,minimal_corrected,phase2
2019,10,13-17,,HMPV,minimal_corrected,phase2
2019,10,18-44,,HMPV,minimal_corrected,phase2
2019,10,45-59,,HMPV,minimal_corrected,phase2
2019,10,60-74,,HMPV,minimal_corrected,phase2
2019,10,75-89,,HMPV,minimal_corrected,phase2
2019,10,>=90,,HMPV,minimal_corrected,phase2
2019,11,<1,0.0,HMPV,minimal_corrected,phase2
2019,11,1-3,0.0,HMPV,minimal_corrected,phase2
2019,11,4-12,0.0,HMPV,minimal_corrected,phase2
2019,11,13-17,,HMPV,minimal_corrected,phase2
2019,11,18-44,,HMPV,minimal_corrected,phase2
2019,11,45-59,0.0,HMPV,minimal_corrected,phase2
2019,11,60-74,0.0,HMPV,minimal_corrected,phase2
2019,11,75-89,0.0,HMPV,minimal_corrected,phase2
2019,11,>=90,,HMPV,minimal_corrected,phase2
2019,12,<1,0.0,HMPV,minimal_corrected,phase2
2019,12,1-3,0.7462686567164178,HMPV,minimal_corrected,phase2
2019,12,4-12,0.0,HMPV,minimal_corrected,phase2
2019,12,13-17,,HMPV,minimal_corrected,phase2
2019,12,18-44,,HMPV,minimal_corrected,phase2
2019,12,45-59,,HMPV,minimal_corrected,phase2
2019,12,60-74,0.0,HMPV,minimal_corrected,phase2
2019,12,75-89,0.0,HMPV,minimal_corrected,phase2
2019,12,>=90,,HMPV,minimal_corrected,phase2
2020,1,<1,0.9615384615384616,HMPV,minimal_corrected,phase2
2020,1,1-3,1.6304347826086956,HMPV,minimal_corrected,phase2
2020,1,4-12,2.127659574468085,HMPV,minimal_corrected,phase2
2020,1,13-17,,HMPV,minimal_corrected,phase2
2020,1,18-44,1.1904761904761905,HMPV,minimal_corrected,phase2
2020,1,45-59,0.0,HMPV,minimal_corrected,phase2
2020,1,60-74,0.0,HMPV,minimal_corrected,phase2
2020,1,75-89,0.0,HMPV,minimal_corrected,phase2
2020,1,>=90,0.0,HMPV,minimal_corrected,phase2
2020,2,<1,0.0,HMPV,minimal_corrected,phase2
2020,2,1-3,1.4705882352941175,HMPV,minimal_corrected,phase2
2020,2,4-12,0.0,HMPV,minimal_corrected,phase2
2020,2,13-17,,HMPV,minimal_corrected,phase2
2020,2,18-44,0.3636363636363636,HMPV,minimal_corrected,phase2
2020,2,45-59,0.0,HMPV,minimal_corrected,phase2
2020,2,60-74,0.0,HMPV,minimal_corrected,phase2
2020,2,75-89,0.6944444444444444,HMPV,minimal_corrected,phase2
2020,2,>=90,0.0,HMPV,minimal_corrected,phase2
2020,3,<1,0.0,HMPV,minimal_corrected,phase2
2020,3,1-3,0.0,HMPV,minimal_corrected,phase2
2020,3,4-12,1.8867924528301887,HMPV,minimal_corrected,phase2
2020,3,13-17,,HMPV,minimal_corrected,phase2
2020,3,18-44,0.0,HMPV,minimal_corrected,phase2
2020,3,45-59,0.0,HMPV,minimal_corrected,phase2
2020,3,60-74,0.0,HMPV,minimal_corrected,phase2
2020,3,75-89,0.0,HMPV,minimal_corrected,phase2
2020,3,>=90,0.0,HMPV,minimal_corrected,phase2
2020,4,<1,0.0,HMPV,minimal_corrected,phase2
2020,4,1-3,0.0,HMPV,minimal_corrected,phase2
2020,4,4-12,0.0,HMPV,minimal_corrected,phase2
2020,4,13-17,,HMPV,minimal_corrected,phase2
2020,4,18-44,0.0,HMPV,minimal_corrected,phase2
2020,4,45-59,0.0,HMPV,minimal_corrected,phase2
2020,4,60-74,0.0,HMPV,minimal_corrected,phase2
2020,4,75-89,0.0,HMPV,minimal_corrected,phase2
2020,4,>=90,0.0,HMPV,minimal_corrected,phase2
2020,5,<1,,HMPV,minimal_corrected,phase2
2020,5,1-3,0.0,HMPV,minimal_corrected,phase2
2020,5,4-12,0.0,HMPV,minimal_corrected,phase2
2020,5,13-17,,HMPV,minimal_corrected,phase2
2020,5,18-44,,HMPV,minimal_corrected,phase2
2020,5,45-59,0.0,HMPV,minimal_corrected,phase2
2020,5,60-74,,HMPV,minimal_corrected,phase2
2020,5,75-89,0.0,HMPV,minimal_corrected,phase2
2020,5,>=90,0.0,HMPV,minimal_corrected,phase2
2020,6,<1,0.0,HMPV,minimal_corrected,phase2
2020,6,1-3,0.0,HMPV,minimal_corrected,phase2
2020,6,4-12,0.0,HMPV,minimal_corrected,phase2
2020,6,13-17,,HMPV,minimal_corrected,phase2
2020,6,18-44,,HMPV,minimal_corrected,phase2
2020,6,45-59,,HMPV,minimal_corrected,phase2
2020,6,60-74,0.0,HMPV,minimal_corrected,phase2
2020,6,75-89,0.0,HMPV,minimal_corrected,phase2
2020,6,>=90,0.0,HMPV,minimal_corrected,phase2
2020,7,<1,0.0,HMPV,minimal_corrected,phase2
2020,7,1-3,0.0,HMPV,minimal_corrected,phase2
2020,7,4-12,,HMPV,minimal_corrected,phase2
2020,7,13-17,,HMPV,minimal_corrected,phase2
2020,7,18-44,,HMPV,minimal_corrected,phase2
2020,7,45-59,,HMPV,minimal_corrected,phase2
2020,7,60-74,,HMPV,minimal_corrected,phase2
2020,7,75-89,0.0,HMPV,minimal_corrected,phase2
2020,7,>=90,0.0,HMPV,minimal_corrected,phase2
2020,8,<1,,HMPV,minimal_corrected,phase2
2020,8,1-3,0.0,HMPV,minimal_corrected,phase2
2020,8,4-12,0.0,HMPV,minimal_corrected,phase2
2020,8,13-17,,HMPV,minimal_corrected,phase2
2020,8,18-44,,HMPV,minimal_corrected,phase2
2020,8,45-59,,HMPV,minimal_corrected,phase2
2020,8,60-74,,HMPV,minimal_corrected,phase2
2020,8,75-89,0.0,HMPV,minimal_corrected,phase2
2020,8,>=90,0.0,HMPV,minimal_corrected,phase2
2020,9,<1,2.631578947368421,HMPV,minimal_corrected,phase2
2020,9,1-3,0.0,HMPV,minimal_corrected,phase2
2020,9,4-12,4.0,HMPV,minimal_corrected,phase2
2020,9,13-17,,HMPV,minimal_corrected,phase2
2020,9,18-44,,HMPV,minimal_corrected,phase2
2020,9,45-59,,HMPV,minimal_corrected,phase2
2020,9,60-74,0.0,HMPV,minimal_corrected,phase2
2020,9,75-89,0.0,HMPV,minimal_corrected,phase2
2020,9,>=90,0.0,HMPV,minimal_corrected,phase2
2020,10,<1,3.225806451612903,HMPV,minimal_corrected,phase2
2020,10,1-3,0.0,HMPV,minimal_corrected,phase2
2020,10,4-12,,HMPV,minimal_corrected,phase2
2020,10,13-17,,HMPV,minimal_corrected,phase2
2020,10,18-44,,HMPV,minimal_corrected,phase2
2020,10,45-59,,HMPV,minimal_corrected,phase2
2020,10,60-74,,HMPV,minimal_corrected,phase2
2020,10,75-89,0.0,HMPV,minimal_corrected,phase2
2020,10,>=90,0.0,HMPV,minimal_corrected,phase2
2020,11,<1,0.0,HMPV,minimal_corrected,phase2
2020,11,1-3,2.631578947368421,HMPV,minimal_corrected,phase2
2020,11,4-12,,HMPV,minimal_corrected,phase2
2020,11,13-17,,HMPV,minimal_corrected,phase2
2020,11,18-44,,HMPV,minimal_corrected,phase2
2020,11,45-59,,HMPV,minimal_corrected,phase2
2020,11,60-74,,HMPV,minimal_corrected,phase2
2020,11,75-89,0.0,HMPV,minimal_corrected,phase2
2020,11,>=90,0.0,HMPV,minimal_corrected,phase2
2020,12,<1,7.894736842105263,HMPV,minimal_corrected,phase2
2020,12,1-3,23.07692307692308,HMPV,minimal_corrected,phase2
2020,12,4-12,,HMPV,minimal_corrected,phase2
2020,12,13-17,,HMPV,minimal_corrected,phase2
2020,12,18-44,,HMPV,minimal_corrected,phase2
2020,12,45-59,,HMPV,minimal_corrected,phase2
2020,12,60-74,,HMPV,minimal_corrected,phase2
2020,12,75-89,0.0,HMPV,minimal_corrected,phase2
2020,12,>=90,0.0,HMPV,minimal_corrected,phase2
2021,1,<1,16.0,HMPV,minimal_corrected,phase2
2021,1,1-3,30.0,HMPV,minimal_corrected,phase2
2021,1,4-12,,HMPV,minimal_corrected,phase2
2021,1,13-17,,HMPV,minimal_corrected,phase2
2021,1,18-44,,HMPV,minimal_corrected,phase2
2021,1,45-59,,HMPV,minimal_corrected,phase2
2021,1,60-74,8.571428571428571,HMPV,minimal_corrected,phase2
2021,1,75-89,1.5625,HMPV,minimal_corrected,phase2
2021,1,>=90,1.5384615384615383,HMPV,minimal_corrected,phase2
2021,2,<1,,HMPV,minimal_corrected,phase2
2021,2,1-3,,HMPV,minimal_corrected,phase2
2021,2,4-12,,HMPV,minimal_corrected,phase2
2021,2,13-17,,HMPV,minimal_corrected,phase2
2021,2,18-44,,HMPV,minimal_corrected,phase2
2021,2,45-59,,HMPV,minimal_corrected,phase2
2021,2,60-74,,HMPV,minimal_corrected,phase2
2021,2,75-89,0.0,HMPV,minimal_corrected,phase2
2021,2,>=90,0.0,HMPV,minimal_corrected,phase2
2021,3,<1,,HMPV,minimal_corrected,phase2
2021,3,1-3,,HMPV,minimal_corrected,phase2
2021,3,4-12,,HMPV,minimal_corrected,phase2
2021,3,13-17,,HMPV,minimal_corrected,phase2
2021,3,18-44,,HMPV,minimal_corrected,phase2
2021,3,45-59,,HMPV,minimal_corrected,phase2
2021,3,60-74,0.0,HMPV,minimal_corrected,phase2
2021,3,75-89,0.0,HMPV,minimal_corrected,phase2
2021,3,>=90,0.0,HMPV,minimal_corrected,phase2
2021,4,<1,,HMPV,minimal_corrected,phase2
2021,4,1-3,,HMPV,minimal_corrected,phase2
2021,4,4-12,,HMPV,minimal_corrected,phase2
2021,4,13-17,,HMPV,minimal_corrected,phase2
2021,4,18-44,,HMPV,minimal_corrected,phase2
2021,4,45-59,0.0,HMPV,minimal_corrected,phase2
2021,4,60-74,0.0,HMPV,minimal_corrected,phase2
2021,4,75-89,0.0,HMPV,minimal_corrected,phase2
2021,4,>=90,0.0,HMPV,minimal_corrected,phase2
2021,5,<1,0.0,HMPV,minimal_corrected,phase2
2021,5,1-3,0.0,HMPV,minimal_corrected,phase2
2021,5,4-12,,HMPV,minimal_corrected,phase2
2021,5,13-17,,HMPV,minimal_corrected,phase2
2021,5,18-44,,HMPV,minimal_corrected,phase2
2021,5,45-59,,HMPV,minimal_corrected,phase2
2021,5,60-74,,HMPV,minimal_corrected,phase2
2021,5,75-89,0.0,HMPV,minimal_corrected,phase2
2021,5,>=90,0.0,HMPV,minimal_corrected,phase2
2021,6,<1,0.0,HMPV,minimal_corrected,phase2
2021,6,1-3,0.0,HMPV,minimal_corrected,phase2
2021,6,4-12,0.0,HMPV,minimal_corrected,phase2
2021,6,18-44,0.0,HMPV,minimal_corrected,phase2
2021,6,45-59,,HMPV,minimal_corrected,phase2
2021,6,60-74,4.3478260869565215,HMPV,minimal_corrected,phase2
2021,6,75-89,0.0,HMPV,minimal_corrected,phase2
2021,6,>=90,0.0,HMPV,minimal_corrected,phase2
2021,7,<1,0.0,HMPV,minimal_corrected,phase2
2021,7,1-3,0.0,HMPV,minimal_corrected,phase2
2021,7,4-12,0.0,HMPV,minimal_corrected,phase2
2021,7,13-17,,HMPV,minimal_corrected,phase2
2021,7,18-44,,HMPV,minimal_corrected,phase2
2021,7,45-59,,HMPV,minimal_corrected,phase2
2021,7,60-74,,HMPV,minimal_corrected,phase2
2021,7,75-89,0.0,HMPV,minimal_corrected,phase2
2021,7,>=90,0.0,HMPV,minimal_corrected,phase2
2021,8,<1,0.0,HMPV,minimal_corrected,phase2
2021,8,1-3,0.0,HMPV,minimal_corrected,phase2
2021,8,4-12,,HMPV,minimal_corrected,phase2
2021,8,13-17,,HMPV,minimal_corrected,phase2
2021,8,18-44,,HMPV,minimal_corrected,phase2
2021,8,45-59,,HMPV,minimal_corrected,phase2
2021,8,60-74,,HMPV,minimal_corrected,phase2
2021,8,75-89,0.0,HMPV,minimal_corrected,phase2
2021,8,>=90,0.0,HMPV,minimal_corrected,phase2
2021,9,<1,0.0,HMPV,minimal_corrected,phase2
2021,9,1-3,,HMPV,minimal_corrected,phase2
2021,9,4-12,,HMPV,minimal_corrected,phase2
2021,9,18-44,,HMPV,minimal_corrected,phase2
2021,9,45-59,,HMPV,minimal_corrected,phase2
2021,9,60-74,,HMPV,minimal_corrected,phase2
2021,9,75-89,0.0,HMPV,minimal_corrected,phase2
2021,9,>=90,0.0,HMPV,minimal_corrected,phase2
2021,10,<1,,HMPV,minimal_corrected,phase2
2021,10,1-3,,HMPV,minimal_corrected,phase2
2021,10,4-12,,HMPV,minimal_corrected,phase2
2021,10,13-17,,HMPV,minimal_corrected,phase2
2021,10,18-44,,HMPV,minimal_corrected,phase2
2021,10,45-59,,HMPV,minimal_corrected,phase2
2021,10,60-74,,HMPV,minimal_corrected,phase2
2021,10,75-89,0.0,HMPV,minimal_corrected,phase2
2021,10,>=90,0.0,HMPV,minimal_corrected,phase2
2021,11,<1,0.0,HMPV,minimal_corrected,phase2
2021,11,1-3,0.0,HMPV,minimal_corrected,phase2
2021,11,4-12,0.0,HMPV,minimal_corrected,phase2
2021,11,13-17,,HMPV,minimal_corrected,phase2
2021,11,18-44,,HMPV,minimal_corrected,phase2
2021,11,45-59,,HMPV,minimal_corrected,phase2
2021,11,60-74,,HMPV,minimal_corrected,phase2
2021,11,75-89,0.0,HMPV,minimal_corrected,phase2
2021,11,>=90,0.0,HMPV,minimal_corrected,phase2
2021,12,<1,0.0,HMPV,minimal_corrected,phase2
2021,12,1-3,3.125,HMPV,minimal_corrected,phase2
2021,12,4-12,0.0,HMPV,minimal_corrected,phase2
2021,12,13-17,,HMPV,minimal_corrected,phase2
2021,12,18-44,,HMPV,minimal_corrected,phase2
2021,12,45-59,,HMPV,minimal_corrected,phase2
2021,12,60-74,0.0,HMPV,minimal_corrected,phase2
2021,12,75-89,0.0,HMPV,minimal_corrected,phase2
2021,12,>=90,0.0,HMPV,minimal_corrected,phase2
2022,1,<1,0.0,HMPV,minimal_corrected,phase2
2022,1,1-3,4.651162790697675,HMPV,minimal_corrected,phase2
2022,1,4-12,0.0,HMPV,minimal_corrected,phase2
2022,1,13-17,,HMPV,minimal_corrected,phase2
2022,1,18-44,,HMPV,minimal_corrected,phase2
2022,1,45-59,,HMPV,minimal_corrected,phase2
2022,1,60-74,0.0,HMPV,minimal_corrected,phase2
2022,1,75-89,0.0,HMPV,minimal_corrected,phase2
2022,1,>=90,0.0,HMPV,minimal_corrected,phase2
2022,2,<1,0.0,HMPV,minimal_corrected,phase2
2022,2,1-3,9.67741935483871,HMPV,minimal_corrected,phase2
2022,2,4-12,,HMPV,minimal_corrected,phase2
2022,2,13-17,,HMPV,minimal_corrected,phase2
2022,2,18-44,,HMPV,minimal_corrected,phase2
2022,2,45-59,,HMPV,minimal_corrected,phase2
2022,2,60-74,0.0,HMPV,minimal_corrected,phase2
2022,2,75-89,0.0,HMPV,minimal_corrected,phase2
2022,2,>=90,0.0,HMPV,minimal_corrected,phase2
2022,3,<1,5.555555555555555,HMPV,minimal_corrected,phase2
2022,3,1-3,22.22222222222222,HMPV,minimal_corrected,phase2
2022,3,4-12,22.22222222222222,HMPV,minimal_corrected,phase2
2022,3,13-17,,HMPV,minimal_corrected,phase2
2022,3,18-44,5.88235294117647,HMPV,minimal_corrected,phase2
2022,3,45-59,5.88235294117647,HMPV,minimal_corrected,phase2
2022,3,60-74,0.0,HMPV,minimal_corrected,phase2
2022,3,75-89,4.166666666666666,HMPV,minimal_corrected,phase2
2022,3,>=90,0.0,HMPV,minimal_corrected,phase2
2022,4,<1,13.636363636363637,HMPV,minimal_corrected,phase2
2022,4,1-3,25.58139534883721,HMPV,minimal_corrected,phase2
2022,4,4-12,25.0,HMPV,minimal_corrected,phase2
2022,4,13-17,,HMPV,minimal_corrected,phase2
2022,4,18-44,0.7633587786259541,HMPV,minimal_corrected,phase2
2022,4,45-59,1.5151515151515151,HMPV,minimal_corrected,phase2
2022,4,60-74,2.272727272727273,HMPV,minimal_corrected,phase2
2022,4,75-89,1.4084507042253522,HMPV,minimal_corrected,phase2
2022,4,>=90,0.0,HMPV,minimal_corrected,phase2
2022,5,<1,21.21212121212121,HMPV,minimal_corrected,phase2
2022,5,1-3,35.0,HMPV,minimal_corrected,phase2
2022,5,4-12,17.647058823529413,HMPV,minimal_corrected,phase2
2022,5,13-17,,HMPV,minimal_corrected,phase2
2022,5,18-44,0.0,HMPV,minimal_corrected,phase2
2022,5,45-59,0.0,HMPV,minimal_corrected,phase2
2022,5,60-74,0.0,HMPV,minimal_corrected,phase2
2022,5,75-89,0.0,HMPV,minimal_corrected,phase2
2022,5,>=90,0.0,HMPV,minimal_corrected,phase2
2022,6,<1,25.0,HMPV,minimal_corrected,phase2
2022,6,1-3,25.0,HMPV,minimal_corrected,phase2
2022,6,4-12,14.814814814814811,HMPV,minimal_corrected,phase2
2022,6,13-17,,HMPV,minimal_corrected,phase2
2022,6,18-44,4.081632653061225,HMPV,minimal_corrected,phase2
2022,6,45-59,0.0,HMPV,minimal_corrected,phase2
2022,6,60-74,0.9090909090909092,HMPV,minimal_corrected,phase2
2022,6,75-89,0.7936507936507936,HMPV,minimal_corrected,phase2
2022,6,>=90,0.7751937984496124,HMPV,minimal_corrected,phase2
2022,7,<1,6.451612903225806,HMPV,minimal_corrected,phase2
2022,7,1-3,17.105263157894736,HMPV,minimal_corrected,phase2
2022,7,4-12,5.0,HMPV,minimal_corrected,phase2
2022,7,13-17,,HMPV,minimal_corrected,phase2
2022,7,18-44,1.851851851851852,HMPV,minimal_corrected,phase2
2022,7,45-59,0.0,HMPV,minimal_corrected,phase2
2022,7,60-74,0.0,HMPV,minimal_corrected,phase2
2022,7,75-89,0.0,HMPV,minimal_corrected,phase2
2022,7,>=90,0.0,HMPV,minimal_corrected,phase2
2022,8,<1,2.0408163265306123,HMPV,minimal_corrected,phase2
2022,8,1-3,5.88235294117647,HMPV,minimal_corrected,phase2
2022,8,4-12,2.1739130434782608,HMPV,minimal_corrected,phase2
2022,8,13-17,,HMPV,minimal_corrected,phase2
2022,8,18-44,0.0,HMPV,minimal_corrected,phase2
2022,8,45-59,0.0,HMPV,minimal_corrected,phase2
2022,8,60-74,0.0,HMPV,minimal_corrected,phase2
2022,8,75-89,0.0,HMPV,minimal_corrected,phase2
2022,8,>=90,0.0,HMPV,minimal_corrected,phase2
2022,9,<1,5.714285714285714,HMPV,minimal_corrected,phase2
2022,9,1-3,5.357142857142857,HMPV,minimal_corrected,phase2
2022,9,4-12,0.0,HMPV,minimal_corrected,phase2
2022,9,13-17,,HMPV,minimal_corrected,phase2
2022,9,18-44,0.0,HMPV,minimal_corrected,phase2
2022,9,45-59,0.0,HMPV,minimal_corrected,phase2
2022,9,60-74,0.0,HMPV,minimal_corrected,phase2
2022,9,75-89,0.0,HMPV,minimal_corrected,phase2
2022,9,>=90,0.0,HMPV,minimal_corrected,phase2
2022,10,<1,0.0,HMPV,minimal_corrected,phase2
2022,10,1-3,1.4084507042253522,HMPV,minimal_corrected,phase2
2022,10,4-12,0.0,HMPV,minimal_corrected,phase2
2022,10,13-17,,HMPV,minimal_corrected,phase2
2022,10,18-44,0.0,HMPV,minimal_corrected,phase2
2022,10,45-59,0.0,HMPV,minimal_corrected,phase2
2022,10,60-74,0.0,HMPV,minimal_corrected,phase2
2022,10,75-89,0.0,HMPV,minimal_corrected,phase2
2022,10,>=90,0.0,HMPV,minimal_corrected,phase2
2022,11,<1,0.0,HMPV,minimal_corrected,phase2
2022,11,1-3,0.0,HMPV,minimal_corrected,phase2
2022,11,4-12,1.25,HMPV,minimal_corrected,phase2
2022,11,13-17,,HMPV,minimal_corrected,phase2
2022,11,18-44,0.0,HMPV,minimal_corrected,phase2
2022,11,45-59,2.5,HMPV,minimal_corrected,phase2
2022,11,60-74,0.0,HMPV,minimal_corrected,phase2
2022,11,75-89,0.0,HMPV,minimal_corrected,phase2
2022,11,>=90,0.0,HMPV,minimal_corrected,phase2
2022,12,<1,0.0,HMPV,minimal_corrected,phase2
2022,12,1-3,1.2987012987012987,HMPV,minimal_corrected,phase2
2022,12,4-12,1.4925373134328357,HMPV,minimal_corrected,phase2
2022,12,13-17,,HMPV,minimal_corrected,phase2
2022,12,18-44,0.0,HMPV,minimal_corrected,phase2
2022,12,45-59,0.0,HMPV,minimal_corrected,phase2
2022,12,60-74,0.0,HMPV,minimal_corrected,phase2
2022,12,75-89,0.0,HMPV,minimal_corrected,phase2
2022,12,>=90,0.6622516556291391,HMPV,minimal_corrected,phase2
2023,1,<1,0.0,HMPV,minimal_corrected,phase2
2023,1,1-3,0.0,HMPV,minimal_corrected,phase2
2023,1,4-12,0.0,HMPV,minimal_corrected,phase2
2023,1,13-17,,HMPV,minimal_corrected,phase2
2023,1,18-44,0.0,HMPV,minimal_corrected,phase2
2023,1,45-59,0.0,HMPV,minimal_corrected,phase2
2023,1,60-74,0.0,HMPV,minimal_corrected,phase2
2023,1,75-89,0.0,HMPV,minimal_corrected,phase2
2023,1,>=90,0.0,HMPV,minimal_corrected,phase2
2023,2,<1,0.0,HMPV,minimal_corrected,phase2
2023,2,1-3,0.0,HMPV,minimal_corrected,phase2
2023,2,4-12,0.0,HMPV,minimal_corrected,phase2
2023,2,13-17,,HMPV,minimal_corrected,phase2
2023,2,18-44,0.0,HMPV,minimal_corrected,phase2
2023,2,45-59,0.0,HMPV,minimal_corrected,phase2
2023,2,60-74,0.0,HMPV,minimal_corrected,phase2
2023,2,75-89,0.0,HMPV,minimal_corrected,phase2
2023,2,>=90,0.0,HMPV,minimal_corrected,phase2
2023,3,<1,0.0,HMPV,minimal_corrected,phase2
2023,3,1-3,0.0,HMPV,minimal_corrected,phase2
2023,3,4-12,0.0,HMPV,minimal_corrected,phase2
2023,3,13-17,,HMPV,minimal_corrected,phase2
2023,3,18-44,0.0,HMPV,minimal_corrected,phase2
2023,3,45-59,0.0,HMPV,minimal_corrected,phase2
2023,3,60-74,0.0,HMPV,minimal_corrected,phase2
2023,3,75-89,0.0,HMPV,minimal_corrected,phase2
2023,3,>=90,0.0,HMPV,minimal_corrected,phase2
2023,4,<1,2.272727272727273,HMPV,minimal_corrected,phase2
2023,4,1-3,0.0,HMPV,minimal_corrected,phase2
2023,4,4-12,0.0,HMPV,minimal_corrected,phase2
2023,4,13-17,,HMPV,minimal_corrected,phase2
2023,4,18-44,1.9230769230769231,HMPV,minimal_corrected,phase2
2023,4,45-59,0.0,HMPV,minimal_corrected,phase2
2023,4,60-74,0.0,HMPV,minimal_corrected,phase2
2023,4,75-89,0.0,HMPV,minimal_corrected,phase2
2023,4,>=90,0.0,HMPV,minimal_corrected,phase2
2023,5,<1,0.0,HMPV,minimal_corrected,phase2
2023,5,1-3,3.278688524590164,HMPV,minimal_corrected,phase2
2023,5,4-12,4.918032786885246,HMPV,minimal_corrected,phase2
2023,5,13-17,,HMPV,minimal_corrected,phase2
2023,5,18-44,1.4285714285714286,HMPV,minimal_corrected,phase2
2023,5,45-59,0.0,HMPV,minimal_corrected,phase2
2023,5,60-74,0.7194244604316548,HMPV,minimal_corrected,phase2
2023,5,75-89,0.0,HMPV,minimal_corrected,phase2
2023,5,>=90,0.0,HMPV,minimal_corrected,phase2
2023,6,<1,3.4482758620689653,HMPV,minimal_corrected,phase2
2023,6,1-3,9.615384615384617,HMPV,minimal_corrected,phase2
2023,6,4-12,7.317073170731707,HMPV,minimal_corrected,phase2
2023,6,13-17,,HMPV,minimal_corrected,phase2
2023,6,18-44,0.0,HMPV,minimal_corrected,phase2
2023,6,45-59,0.0,HMPV,minimal_corrected,phase2
2023,6,60-74,0.0,HMPV,minimal_corrected,phase2
2023,6,75-89,0.0,HMPV,minimal_corrected,phase2
2023,6,>=90,0.0,HMPV,minimal_corrected,phase2
2023,7,<1,0.0,HMPV,minimal_corrected,phase2
2023,7,1-3,,HMPV,minimal_corrected,phase2
2023,7,4-12,,HMPV,minimal_corrected,phase2
2023,7,13-17,,HMPV,minimal_corrected,phase2
2023,7,18-44,4.3478260869565215,HMPV,minimal_corrected,phase2
2023,7,45-59,0.0,HMPV,minimal_corrected,phase2
2023,7,60-74,0.0,HMPV,minimal_corrected,phase2
2023,7,75-89,3.125,HMPV,minimal_corrected,phase2
2023,7,>=90,0.9345794392523364,HMPV,minimal_corrected,phase2
2023,8,<1,0.0,HMPV,minimal_corrected,phase2
2023,8,1-3,,HMPV,minimal_corrected,phase2
2023,8,4-12,,HMPV,minimal_corrected,phase2
2023,8,13-17,,HMPV,minimal_corrected,phase2
2023,8,18-44,2.941176470588235,HMPV,minimal_corrected,phase2
2023,8,45-59,0.0,HMPV,minimal_corrected,phase2
2023,8,60-74,2.666666666666667,HMPV,minimal_corrected,phase2
2023,8,75-89,0.0,HMPV,minimal_corrected,phase2
2023,8,>=90,0.0,HMPV,minimal_corrected,phase2
2023,9,<1,,HMPV,minimal_corrected,phase2
2023,9,1-3,,HMPV,minimal_corrected,phase2
2023,9,4-12,,HMPV,minimal_corrected,phase2
2023,9,13-17,,HMPV,minimal_corrected,phase2
2023,9,18-44,2.702702702702702,HMPV,minimal_corrected,phase2
2023,9,45-59,2.631578947368421,HMPV,minimal_corrected,phase2
2023,9,60-74,1.5384615384615383,HMPV,minimal_corrected,phase2
2023,9,75-89,0.0,HMPV,minimal_corrected,phase2
2023,9,>=90,1.4492753623188406,HMPV,minimal_corrected,phase2
2023,10,<1,0.0,HMPV,minimal_corrected,phase2
2023,10,1-3,,HMPV,minimal_corrected,phase2
2023,10,4-12,,HMPV,minimal_corrected,phase2
2023,10,13-17,,HMPV,minimal_corrected,phase2
2023,10,18-44,3.7037037037037033,HMPV,minimal_corrected,phase2
2023,10,45-59,0.0,HMPV,minimal_corrected,phase2
2023,10,60-74,2.4390243902439024,HMPV,minimal_corrected,phase2
2023,10,75-89,2.3255813953488373,HMPV,minimal_corrected,phase2
2023,10,>=90,0.0,HMPV,minimal_corrected,phase2
2023,11,<1,,HMPV,minimal_corrected,phase2
2023,11,1-3,,HMPV,minimal_corrected,phase2
2023,11,4-12,,HMPV,minimal_corrected,phase2
2023,11,13-17,,HMPV,minimal_corrected,phase2
2023,11,18-44,0.0,HMPV,minimal_corrected,phase2
2023,11,45-59,0.0,HMPV,minimal_corrected,phase2
2023,11,60-74,3.5294117647058822,HMPV,minimal_corrected,phase2
2023,11,75-89,0.0,HMPV,minimal_corrected,phase2
2023,11,>=90,2.941176470588235,HMPV,minimal_corrected,phase2
2023,12,<1,,HMPV,minimal_corrected,phase2
2023,12,1-3,,HMPV,minimal_corrected,phase2
2023,12,4-12,,HMPV,minimal_corrected,phase2
2023,12,13-17,,HMPV,minimal_corrected,phase2
2023,12,18-44,0.0,HMPV,minimal_corrected,phase2
2023,12,45-59,3.125,HMPV,minimal_corrected,phase2
2023,12,60-74,1.574803149606299,HMPV,minimal_corrected,phase2
2023,12,75-89,0.9523809523809524,HMPV,minimal_corrected,phase2
2023,12,>=90,0.0,HMPV,minimal_corrected,phase2
2024,1,<1,,HMPV,minimal_corrected,phase2
2024,1,1-3,,HMPV,minimal_corrected,phase2
2024,1,4-12,,HMPV,minimal_corrected,phase2
2024,1,13-17,,HMPV,minimal_corrected,phase2
2024,1,18-44,1.282051282051282,HMPV,minimal_corrected,phase2
2024,1,45-59,5.769230769230769,HMPV,minimal_corrected,phase2
2024,1,60-74,5.154639175257731,HMPV,minimal_corrected,phase2
2024,1,75-89,1.875,HMPV,minimal_corrected,phase2
2024,1,>=90,3.061224489795918,HMPV,minimal_corrected,phase2
2024,2,<1,,HMPV,minimal_corrected,phase2
2024,2,4-12,,HMPV,minimal_corrected,phase2
2024,2,13-17,,HMPV,minimal_corrected,phase2
2024,2,18-44,8.823529411764707,HMPV,minimal_corrected,phase2
2024,2,45-59,10.20408163265306,HMPV,minimal_corrected,phase2
2024,2,60-74,5.88235294117647,HMPV,minimal_corrected,phase2
2024,2,75-89,6.481481481481481,HMPV,minimal_corrected,phase2
2024,2,>=90,2.197802197802198,HMPV,minimal_corrected,phase2
2024,3,<1,5.128205128205128,HMPV,minimal_corrected,phase2
2024,3,4-12,,HMPV,minimal_corrected,phase2
2024,3,13-17,,HMPV,minimal_corrected,phase2
2024,3,18-44,4.411764705882353,HMPV,minimal_corrected,phase2
2024,3,45-59,3.361344537815126,HMPV,minimal_corrected,phase2
2024,3,60-74,4.545454545454546,HMPV,minimal_corrected,phase2
2024,3,75-89,3.7735849056603774,HMPV,minimal_corrected,phase2
2024,3,>=90,1.7391304347826086,HMPV,minimal_corrected,phase2
2024,4,<1,,HMPV,minimal_corrected,phase2
2024,4,1-3,,HMPV,minimal_corrected,phase2
2024,4,4-12,,HMPV,minimal_corrected,phase2
2024,4,13-17,,HMPV,minimal_corrected,phase2
2024,4,18-44,0.0,HMPV,minimal_corrected,phase2
2024,4,45-59,2.1505376344086025,HMPV,minimal_corrected,phase2
2024,4,60-74,1.1764705882352942,HMPV,minimal_corrected,phase2
2024,4,75-89,0.9803921568627452,HMPV,minimal_corrected,phase2
2024,4,>=90,0.0,HMPV,minimal_corrected,phase2
2024,5,<1,,HMPV,minimal_corrected,phase2
2024,5,4-12,,HMPV,minimal_corrected,phase2
2024,5,13-17,,HMPV,minimal_corrected,phase2
2024,5,18-44,0.0,HMPV,minimal_corrected,phase2
2024,5,45-59,0.0,HMPV,minimal_corrected,phase2
2024,5,60-74,0.7407407407407408,HMPV,minimal_corrected,phase2
2024,5,75-89,2.1739130434782608,HMPV,minimal_corrected,phase2
2024,5,>=90,2.3255813953488373,HMPV,minimal_corrected,phase2
2024,6,<1,4.761904761904762,HMPV,minimal_corrected,phase2
2024,6,1-3,,HMPV,minimal_corrected,phase2
2024,6,4-12,,HMPV,minimal_corrected,phase2
2024,6,13-17,,HMPV,minimal_corrected,phase2
2024,6,18-44,0.0,HMPV,minimal_corrected,phase2
2024,6,45-59,1.3157894736842104,HMPV,minimal_corrected,phase2
2024,6,60-74,0.0,HMPV,minimal_corrected,phase2
2024,6,75-89,0.0,HMPV,minimal_corrected,phase2
2024,6,>=90,0.0,HMPV,minimal_corrected,phase2
2024,7,<1,,HMPV,minimal_corrected,phase2
2024,7,1-3,,HMPV,minimal_corrected,phase2
2024,7,4-12,,HMPV,minimal_corrected,phase2
2024,7,13-17,,HMPV,minimal_corrected,phase2
2024,7,18-44,0.0,HMPV,minimal_corrected,phase2
2024,7,45-59,1.36986301369863,HMPV,minimal_corrected,phase2
2024,7,60-74,0.0,HMPV,minimal_corrected,phase2
2024,7,75-89,0.0,HMPV,minimal_corrected,phase2
2024,7,>=90,0.0,HMPV,minimal_corrected,phase2
2024,8,<1,,HMPV,minimal_corrected,phase2
2024,8,1-3,,HMPV,minimal_corrected,phase2
2024,8,4-12,,HMPV,minimal_corrected,phase2
2024,8,18-44,3.333333333333333,HMPV,minimal_corrected,phase2
2024,8,45-59,0.0,HMPV,minimal_corrected,phase2
2024,8,60-74,0.0,HMPV,minimal_corrected,phase2
2024,8,75-89,0.0,HMPV,minimal_corrected,phase2
2024,8,>=90,0.0,HMPV,minimal_corrected,phase2
2024,9,<1,,HMPV,minimal_corrected,phase2
2024,9,4-12,,HMPV,minimal_corrected,phase2
2024,9,13-17,,HMPV,minimal_corrected,phase2
2024,9,18-44,,HMPV,minimal_corrected,phase2
2024,9,45-59,0.0,HMPV,minimal_corrected,phase2
2024,9,60-74,0.0,HMPV,minimal_corrected,phase2
2024,9,75-89,0.0,HMPV,minimal_corrected,phase2
2024,9,>=90,0.0,HMPV,minimal_corrected,phase2
2024,10,<1,,HMPV,minimal_corrected,phase2
2024,10,1-3,,HMPV,minimal_corrected,phase2
2024,10,4-12,,HMPV,minimal_corrected,phase2
2024,10,13-17,,HMPV,minimal_corrected,phase2
2024,10,18-44,,HMPV,minimal_corrected,phase2
2024,10,45-59,,HMPV,minimal_corrected,phase2
2024,10,60-74,0.0,HMPV,minimal_corrected,phase2
2024,10,75-89,2.941176470588235,HMPV,minimal_corrected,phase2
2024,10,>=90,0.0,HMPV,minimal_corrected,phase2
2024,11,<1,,HMPV,minimal_corrected,phase2
2024,11,1-3,,HMPV,minimal_corrected,phase2
2024,11,4-12,,HMPV,minimal_corrected,phase2
2024,11,13-17,,HMPV,minimal_corrected,phase2
2024,11,18-44,,HMPV,minimal_corrected,phase2
2024,11,45-59,0.0,HMPV,minimal_corrected,phase2
2024,11,60-74,0.0,HMPV,minimal_corrected,phase2
2024,11,75-89,0.0,HMPV,minimal_corrected,phase2
2024,11,>=90,0.0,HMPV,minimal_corrected,phase2
2024,12,<1,,HMPV,minimal_corrected,phase2
2024,12,1-3,,HMPV,minimal_corrected,phase2
2024,12,4-12,,HMPV,minimal_corrected,phase2
2024,12,13-17,,HMPV,minimal_corrected,phase2
2024,12,18-44,,HMPV,minimal_corrected,phase2
2024,12,45-59,,HMPV,minimal_corrected,phase2
2024,12,60-74,4.081632653061225,HMPV,minimal_corrected,phase2
2024,12,75-89,0.0,HMPV,minimal_corrected,phase2
2024,12,>=90,0.0,HMPV,minimal_corrected,phase2
2025,1,<1,,HMPV,minimal_corrected,phase2
2025,1,1-3,,HMPV,minimal_corrected,phase2
2025,1,4-12,,HMPV,minimal_corrected,phase2
2025,1,13-17,,HMPV,minimal_corrected,phase2
2025,1,18-44,0.0,HMPV,minimal_corrected,phase2
2025,1,45-59,0.0,HMPV,minimal_corrected,phase2
2025,1,60-74,1.4925373134328357,HMPV,minimal_corrected,phase2
2025,1,75-89,0.0,HMPV,minimal_corrected,phase2
2025,1,>=90,0.0,HMPV,minimal_corrected,phase2
2025,2,<1,,HMPV,minimal_corrected,phase2
2025,2,1-3,,HMPV,minimal_corrected,phase2
2025,2,4-12,,HMPV,minimal_corrected,phase2
2025,2,13-17,,HMPV,minimal_corrected,phase2
2025,2,18-44,,HMPV,minimal_corrected,phase2
2025,2,45-59,0.0,HMPV,minimal_corrected,phase2
2025,2,60-74,0.0,HMPV,minimal_corrected,phase2
2025,2,75-89,0.0,HMPV,minimal_corrected,phase2
2025,2,>=90,,HMPV,minimal_corrected,phase2
2025,3,<1,,HMPV,minimal_corrected,phase2
2025,3,1-3,,HMPV,minimal_corrected,phase2
2025,3,4-12,,HMPV,minimal_corrected,phase2
2025,3,13-17,,HMPV,minimal_corrected,phase2
2025,3,18-44,,HMPV,minimal_corrected,phase2
2025,3,45-59,0.0,HMPV,minimal_corrected,phase2
2025,3,60-74,2.380952380952381,HMPV,minimal_corrected,phase2
2025,3,75-89,4.651162790697675,HMPV,minimal_corrected,phase2
2025,3,>=90,3.571428571428571,HMPV,minimal_corrected,phase2
2025,4,<1,,HMPV,minimal_corrected,phase2
2025,4,1-3,,HMPV,minimal_corrected,phase2
2025,4,4-12,,HMPV,minimal_corrected,phase2
2025,4,13-17,,HMPV,minimal_corrected,phase2
2025,4,18-44,,HMPV,minimal_corrected,phase2
2025,4,45-59,,HMPV,minimal_corrected,phase2
2025,4,60-74,9.090909090909092,HMPV,minimal_corrected,phase2
2025,4,75-89,12.0,HMPV,minimal_corrected,phase2
2025,4,>=90,6.451612903225806,HMPV,minimal_corrected,phase2
2025,5,<1,,HMPV,minimal_corrected,phase2
2025,5,1-3,,HMPV,minimal_corrected,phase2
2025,5,4-12,,HMPV,minimal_corrected,phase2
2025,5,13-17,,HMPV,minimal_corrected,phase2
2025,5,18-44,0.0,HMPV,minimal_corrected,phase2
2025,5,45-59,2.564102564102564,HMPV,minimal_corrected,phase2
2025,5,60-74,0.0,HMPV,minimal_corrected,phase2
2025,5,75-89,0.0,HMPV,minimal_corrected,phase2
2025,5,>=90,0.0,HMPV,minimal_corrected,phase2
2025,6,<1,,HMPV,minimal_corrected,phase2
2025,6,1-3,,HMPV,minimal_corrected,phase2
2025,6,4-12,,HMPV,minimal_corrected,phase2
2025,6,13-17,,HMPV,minimal_corrected,phase2
2025,6,18-44,,HMPV,minimal_corrected,phase2
2025,6,45-59,0.0,HMPV,minimal_corrected,phase2
2025,6,60-74,0.0,HMPV,minimal_corrected,phase2
2025,6,75-89,2.4390243902439024,HMPV,minimal_corrected,phase2
2025,6,>=90,0.0,HMPV,minimal_corrected,phase2
2025,7,<1,,HMPV,minimal_corrected,phase2
2025,7,1-3,,HMPV,minimal_corrected,phase2
2025,7,4-12,,HMPV,minimal_corrected,phase2
2025,7,13-17,,HMPV,minimal_corrected,phase2
2025,7,18-44,,HMPV,minimal_corrected,phase2
2025,7,45-59,0.0,HMPV,minimal_corrected,phase2
2025,7,60-74,0.0,HMPV,minimal_corrected,phase2
2025,7,75-89,0.0,HMPV,minimal_corrected,phase2
2025,7,>=90,0.0,HMPV,minimal_corrected,phase2
2025,8,<1,,HMPV,minimal_corrected,phase2
2025,8,1-3,,HMPV,minimal_corrected,phase2
2025,8,4-12,,HMPV,minimal_corrected,phase2
2025,8,13-17,,HMPV,minimal_corrected,phase2
2025,8,18-44,,HMPV,minimal_corrected,phase2
2025,8,45-59,,HMPV,minimal_corrected,phase2
2025,8,60-74,0.0,HMPV,minimal_corrected,phase2
2025,8,75-89,0.0,HMPV,minimal_corrected,phase2
2025,8,>=90,0.0,HMPV,minimal_corrected,phase2
2025,9,<1,,HMPV,minimal_corrected,phase2
2025,9,1-3,,HMPV,minimal_corrected,phase2
2025,9,4-12,,HMPV,minimal_corrected,phase2
2025,9,13-17,,HMPV,minimal_corrected,phase2
2025,9,18-44,,HMPV,minimal_corrected,phase2
2025,9,45-59,3.333333333333333,HMPV,minimal_corrected,phase2
2025,9,60-74,0.0,HMPV,minimal_corrected,phase2
2025,9,75-89,2.857142857142857,HMPV,minimal_corrected,phase2
2025,9,>=90,0.0,HMPV,minimal_corrected,phase2
2025,10,<1,,HMPV,minimal_corrected,phase2
2025,10,1-3,,HMPV,minimal_corrected,phase2
2025,10,4-12,,HMPV,minimal_corrected,phase2
2025,10,13-17,,HMPV,minimal_corrected,phase2
2025,10,18-44,,HMPV,minimal_corrected,phase2
2025,10,45-59,,HMPV,minimal_corrected,phase2
2025,10,60-74,3.8461538461538463,HMPV,minimal_corrected,phase2
2025,10,75-89,0.0,HMPV,minimal_corrected,phase2
2025,10,>=90,0.0,HMPV,minimal_corrected,phase2
2025,11,<1,,HMPV,minimal_corrected,phase2
2025,11,1-3,,HMPV,minimal_corrected,phase2
2025,11,4-12,,HMPV,minimal_corrected,phase2
2025,11,13-17,,HMPV,minimal_corrected,phase2
2025,11,18-44,,HMPV,minimal_corrected,phase2
2025,11,45-59,,HMPV,minimal_corrected,phase2
2025,11,60-74,0.0,HMPV,minimal_corrected,phase2
2025,11,75-89,0.0,HMPV,minimal_corrected,phase2
2025,11,>=90,2.7777777777777777,HMPV,minimal_corrected,phase2
2019,2,<1,,HBOV,minimal_corrected,phase2
2019,2,1-3,,HBOV,minimal_corrected,phase2
2019,2,18-44,,HBOV,minimal_corrected,phase2
2019,2,45-59,,HBOV,minimal_corrected,phase2
2019,2,60-74,,HBOV,minimal_corrected,phase2
2019,3,<1,0.0,HBOV,minimal_corrected,phase2
2019,3,1-3,0.0,HBOV,minimal_corrected,phase2
2019,3,4-12,0.0,HBOV,minimal_corrected,phase2
2019,3,13-17,,HBOV,minimal_corrected,phase2
2019,3,18-44,,HBOV,minimal_corrected,phase2
2019,3,45-59,,HBOV,minimal_corrected,phase2
2019,3,60-74,,HBOV,minimal_corrected,phase2
2019,3,75-89,,HBOV,minimal_corrected,phase2
2019,4,<1,0.0,HBOV,minimal_corrected,phase2
2019,4,1-3,0.0,HBOV,minimal_corrected,phase2
2019,4,4-12,0.0,HBOV,minimal_corrected,phase2
2019,4,13-17,,HBOV,minimal_corrected,phase2
2019,4,18-44,,HBOV,minimal_corrected,phase2
2019,4,45-59,,HBOV,minimal_corrected,phase2
2019,4,60-74,,HBOV,minimal_corrected,phase2
2019,4,75-89,0.0,HBOV,minimal_corrected,phase2
2019,4,>=90,,HBOV,minimal_corrected,phase2
2019,5,<1,0.0,HBOV,minimal_corrected,phase2
2019,5,1-3,0.0,HBOV,minimal_corrected,phase2
2019,5,4-12,0.0,HBOV,minimal_corrected,phase2
2019,5,13-17,,HBOV,minimal_corrected,phase2
2019,5,18-44,,HBOV,minimal_corrected,phase2
2019,5,45-59,,HBOV,minimal_corrected,phase2
2019,5,60-74,,HBOV,minimal_corrected,phase2
2019,5,75-89,,HBOV,minimal_corrected,phase2
2019,5,>=90,,HBOV,minimal_corrected,phase2
2019,6,<1,0.0,HBOV,minimal_corrected,phase2
2019,6,1-3,1.1111111111111112,HBOV,minimal_corrected,phase2
2019,6,4-12,0.0,HBOV,minimal_corrected,phase2
2019,6,13-17,,HBOV,minimal_corrected,phase2
2019,6,18-44,,HBOV,minimal_corrected,phase2
2019,6,45-59,,HBOV,minimal_corrected,phase2
2019,6,60-74,,HBOV,minimal_corrected,phase2
2019,6,75-89,0.0,HBOV,minimal_corrected,phase2
2019,6,>=90,,HBOV,minimal_corrected,phase2
2019,7,<1,4.705882352941177,HBOV,minimal_corrected,phase2
2019,7,1-3,4.166666666666666,HBOV,minimal_corrected,phase2
2019,7,4-12,0.0,HBOV,minimal_corrected,phase2
2019,7,13-17,,HBOV,minimal_corrected,phase2
2019,7,18-44,,HBOV,minimal_corrected,phase2
2019,7,45-59,,HBOV,minimal_corrected,phase2
2019,7,60-74,,HBOV,minimal_corrected,phase2
2019,7,75-89,0.0,HBOV,minimal_corrected,phase2
2019,7,>=90,,HBOV,minimal_corrected,phase2
2019,8,<1,4.761904761904762,HBOV,minimal_corrected,phase2
2019,8,1-3,4.245283018867925,HBOV,minimal_corrected,phase2
2019,8,4-12,0.5494505494505495,HBOV,minimal_corrected,phase2
2019,8,13-17,,HBOV,minimal_corrected,phase2
2019,8,18-44,,HBOV,minimal_corrected,phase2
2019,8,45-59,,HBOV,minimal_corrected,phase2
2019,8,60-74,0.0,HBOV,minimal_corrected,phase2
2019,8,75-89,,HBOV,minimal_corrected,phase2
2019,8,>=90,,HBOV,minimal_corrected,phase2
2019,9,<1,3.333333333333333,HBOV,minimal_corrected,phase2
2019,9,1-3,6.896551724137931,HBOV,minimal_corrected,phase2
2019,9,4-12,0.8064516129032258,HBOV,minimal_corrected,phase2
2019,9,13-17,,HBOV,minimal_corrected,phase2
2019,9,18-44,,HBOV,minimal_corrected,phase2
2019,9,45-59,,HBOV,minimal_corrected,phase2
2019,9,60-74,,HBOV,minimal_corrected,phase2
2019,9,75-89,0.0,HBOV,minimal_corrected,phase2
2019,9,>=90,,HBOV,minimal_corrected,phase2
2019,10,<1,5.970149253731343,HBOV,minimal_corrected,phase2
2019,10,1-3,7.6923076923076925,HBOV,minimal_corrected,phase2
2019,10,4-12,0.0,HBOV,minimal_corrected,phase2
2019,10,13-17,,HBOV,minimal_corrected,phase2
2019,10,18-44,,HBOV,minimal_corrected,phase2
2019,10,45-59,,HBOV,minimal_corrected,phase2
2019,10,60-74,,HBOV,minimal_corrected,phase2
2019,10,75-89,,HBOV,minimal_corrected,phase2
2019,10,>=90,,HBOV,minimal_corrected,phase2
2019,11,<1,5.333333333333334,HBOV,minimal_corrected,phase2
2019,11,1-3,12.149532710280374,HBOV,minimal_corrected,phase2
2019,11,4-12,0.0,HBOV,minimal_corrected,phase2
2019,11,13-17,,HBOV,minimal_corrected,phase2
2019,11,18-44,,HBOV,minimal_corrected,phase2
2019,11,45-59,0.0,HBOV,minimal_corrected,phase2
2019,11,60-74,0.0,HBOV,minimal_corrected,phase2
2019,11,75-89,0.0,HBOV,minimal_corrected,phase2
2019,11,>=90,,HBOV,minimal_corrected,phase2
2019,12,<1,5.982905982905983,HBOV,minimal_corrected,phase2
2019,12,1-3,6.7164179104477615,HBOV,minimal_corrected,phase2
2019,12,4-12,0.7692307692307693,HBOV,minimal_corrected,phase2
2019,12,13-17,,HBOV,minimal_corrected,phase2
2019,12,18-44,,HBOV,minimal_corrected,phase2
2019,12,45-59,,HBOV,minimal_corrected,phase2
2019,12,60-74,0.0,HBOV,minimal_corrected,phase2
2019,12,75-89,2.083333333333333,HBOV,minimal_corrected,phase2
2019,12,>=90,,HBOV,minimal_corrected,phase2
2020,1,<1,0.0,HBOV,minimal_corrected,phase2
2020,1,1-3,4.891304347826087,HBOV,minimal_corrected,phase2
2020,1,4-12,0.0,HBOV,minimal_corrected,phase2
2020,1,13-17,,HBOV,minimal_corrected,phase2
2020,1,18-44,0.0,HBOV,minimal_corrected,phase2
2020,1,45-59,0.0,HBOV,minimal_corrected,phase2
2020,1,60-74,0.0,HBOV,minimal_corrected,phase2
2020,1,75-89,0.0,HBOV,minimal_corrected,phase2
2020,1,>=90,0.0,HBOV,minimal_corrected,phase2
2020,2,<1,0.0,HBOV,minimal_corrected,phase2
2020,2,1-3,1.4705882352941175,HBOV,minimal_corrected,phase2
2020,2,4-12,0.0,HBOV,minimal_corrected,phase2
2020,2,13-17,,HBOV,minimal_corrected,phase2
2020,2,18-44,0.3636363636363636,HBOV,minimal_corrected,phase2
2020,2,45-59,0.0,HBOV,minimal_corrected,phase2
2020,2,60-74,0.0,HBOV,minimal_corrected,phase2
2020,2,75-89,0.0,HBOV,minimal_corrected,phase2
2020,2,>=90,0.0,HBOV,minimal_corrected,phase2
2020,3,<1,0.0,HBOV,minimal_corrected,phase2
2020,3,1-3,2.1739130434782608,HBOV,minimal_corrected,phase2
2020,3,4-12,0.0,HBOV,minimal_corrected,phase2
2020,3,13-17,,HBOV,minimal_corrected,phase2
2020,3,18-44,0.0,HBOV,minimal_corrected,phase2
2020,3,45-59,0.0,HBOV,minimal_corrected,phase2
2020,3,60-74,0.0,HBOV,minimal_corrected,phase2
2020,3,75-89,0.0,HBOV,minimal_corrected,phase2
2020,3,>=90,0.0,HBOV,minimal_corrected,phase2
2020,4,<1,0.0,HBOV,minimal_corrected,phase2
2020,4,1-3,3.0303030303030303,HBOV,minimal_corrected,phase2
2020,4,4-12,0.0,HBOV,minimal_corrected,phase2
2020,4,13-17,,HBOV,minimal_corrected,phase2
2020,4,18-44,0.0,HBOV,minimal_corrected,phase2
2020,4,45-59,0.0,HBOV,minimal_corrected,phase2
2020,4,60-74,0.0,HBOV,minimal_corrected,phase2
2020,4,75-89,0.0,HBOV,minimal_corrected,phase2
2020,4,>=90,0.0,HBOV,minimal_corrected,phase2
2020,5,<1,,HBOV,minimal_corrected,phase2
2020,5,1-3,0.0,HBOV,minimal_corrected,phase2
2020,5,4-12,0.0,HBOV,minimal_corrected,phase2
2020,5,13-17,,HBOV,minimal_corrected,phase2
2020,5,18-44,,HBOV,minimal_corrected,phase2
2020,5,45-59,0.0,HBOV,minimal_corrected,phase2
2020,5,60-74,,HBOV,minimal_corrected,phase2
2020,5,75-89,0.0,HBOV,minimal_corrected,phase2
2020,5,>=90,0.0,HBOV,minimal_corrected,phase2
2020,6,<1,0.0,HBOV,minimal_corrected,phase2
2020,6,1-3,2.7777777777777777,HBOV,minimal_corrected,phase2
2020,6,4-12,0.0,HBOV,minimal_corrected,phase2
2020,6,13-17,,HBOV,minimal_corrected,phase2
2020,6,18-44,,HBOV,minimal_corrected,phase2
2020,6,45-59,,HBOV,minimal_corrected,phase2
2020,6,60-74,0.0,HBOV,minimal_corrected,phase2
2020,6,75-89,0.0,HBOV,minimal_corrected,phase2
2020,6,>=90,0.0,HBOV,minimal_corrected,phase2
2020,7,<1,0.0,HBOV,minimal_corrected,phase2
2020,7,1-3,0.0,HBOV,minimal_corrected,phase2
2020,7,4-12,,HBOV,minimal_corrected,phase2
2020,7,13-17,,HBOV,minimal_corrected,phase2
2020,7,18-44,,HBOV,minimal_corrected,phase2
2020,7,45-59,,HBOV,minimal_corrected,phase2
2020,7,60-74,,HBOV,minimal_corrected,phase2
2020,7,75-89,0.0,HBOV,minimal_corrected,phase2
2020,7,>=90,0.0,HBOV,minimal_corrected,phase2
2020,8,<1,,HBOV,minimal_corrected,phase2
2020,8,1-3,0.0,HBOV,minimal_corrected,phase2
2020,8,4-12,0.0,HBOV,minimal_corrected,phase2
2020,8,13-17,,HBOV,minimal_corrected,phase2
2020,8,18-44,,HBOV,minimal_corrected,phase2
2020,8,45-59,,HBOV,minimal_corrected,phase2
2020,8,60-74,,HBOV,minimal_corrected,phase2
2020,8,75-89,0.0,HBOV,minimal_corrected,phase2
2020,8,>=90,0.0,HBOV,minimal_corrected,phase2
2020,9,<1,0.0,HBOV,minimal_corrected,phase2
2020,9,1-3,0.0,HBOV,minimal_corrected,phase2
2020,9,4-12,0.0,HBOV,minimal_corrected,phase2
2020,9,13-17,,HBOV,minimal_corrected,phase2
2020,9,18-44,,HBOV,minimal_corrected,phase2
2020,9,45-59,,HBOV,minimal_corrected,phase2
2020,9,60-74,0.0,HBOV,minimal_corrected,phase2
2020,9,75-89,0.0,HBOV,minimal_corrected,phase2
2020,9,>=90,0.0,HBOV,minimal_corrected,phase2
2020,10,<1,0.0,HBOV,minimal_corrected,phase2
2020,10,1-3,7.6923076923076925,HBOV,minimal_corrected,phase2
2020,10,4-12,,HBOV,minimal_corrected,phase2
2020,10,13-17,,HBOV,minimal_corrected,phase2
2020,10,18-44,,HBOV,minimal_corrected,phase2
2020,10,45-59,,HBOV,minimal_corrected,phase2
2020,10,60-74,,HBOV,minimal_corrected,phase2
2020,10,75-89,0.0,HBOV,minimal_corrected,phase2
2020,10,>=90,0.0,HBOV,minimal_corrected,phase2
2020,11,<1,0.0,HBOV,minimal_corrected,phase2
2020,11,1-3,7.894736842105263,HBOV,minimal_corrected,phase2
2020,11,4-12,,HBOV,minimal_corrected,phase2
2020,11,13-17,,HBOV,minimal_corrected,phase2
2020,11,18-44,,HBOV,minimal_corrected,phase2
2020,11,45-59,,HBOV,minimal_corrected,phase2
2020,11,60-74,,HBOV,minimal_corrected,phase2
2020,11,75-89,0.0,HBOV,minimal_corrected,phase2
2020,11,>=90,0.0,HBOV,minimal_corrected,phase2
2020,12,<1,2.631578947368421,HBOV,minimal_corrected,phase2
2020,12,1-3,25.64102564102564,HBOV,minimal_corrected,phase2
2020,12,4-12,,HBOV,minimal_corrected,phase2
2020,12,13-17,,HBOV,minimal_corrected,phase2
2020,12,18-44,,HBOV,minimal_corrected,phase2
2020,12,45-59,,HBOV,minimal_corrected,phase2
2020,12,60-74,,HBOV,minimal_corrected,phase2
2020,12,75-89,0.0,HBOV,minimal_corrected,phase2
2020,12,>=90,0.0,HBOV,minimal_corrected,phase2
2021,1,<1,4.0,HBOV,minimal_corrected,phase2
2021,1,1-3,5.0,HBOV,minimal_corrected,phase2
2021,1,4-12,,HBOV,minimal_corrected,phase2
2021,1,13-17,,HBOV,minimal_corrected,phase2
2021,1,18-44,,HBOV,minimal_corrected,phase2
2021,1,45-59,,HBOV,minimal_corrected,phase2
2021,1,60-74,0.0,HBOV,minimal_corrected,phase2
2021,1,75-89,0.0,HBOV,minimal_corrected,phase2
2021,1,>=90,0.0,HBOV,minimal_corrected,phase2
2021,2,<1,,HBOV,minimal_corrected,phase2
2021,2,1-3,,HBOV,minimal_corrected,phase2
2021,2,4-12,,HBOV,minimal_corrected,phase2
2021,2,13-17,,HBOV,minimal_corrected,phase2
2021,2,18-44,,HBOV,minimal_corrected,phase2
2021,2,45-59,,HBOV,minimal_corrected,phase2
2021,2,60-74,,HBOV,minimal_corrected,phase2
2021,2,75-89,0.0,HBOV,minimal_corrected,phase2
2021,2,>=90,0.0,HBOV,minimal_corrected,phase2
2021,3,<1,,HBOV,minimal_corrected,phase2
2021,3,1-3,,HBOV,minimal_corrected,phase2
2021,3,4-12,,HBOV,minimal_corrected,phase2
2021,3,13-17,,HBOV,minimal_corrected,phase2
2021,3,18-44,,HBOV,minimal_corrected,phase2
2021,3,45-59,,HBOV,minimal_corrected,phase2
2021,3,60-74,0.0,HBOV,minimal_corrected,phase2
2021,3,75-89,0.0,HBOV,minimal_corrected,phase2
2021,3,>=90,0.0,HBOV,minimal_corrected,phase2
2021,4,<1,,HBOV,minimal_corrected,phase2
2021,4,1-3,,HBOV,minimal_corrected,phase2
2021,4,4-12,,HBOV,minimal_corrected,phase2
2021,4,13-17,,HBOV,minimal_corrected,phase2
2021,4,18-44,,HBOV,minimal_corrected,phase2
2021,4,45-59,0.0,HBOV,minimal_corrected,phase2
2021,4,60-74,0.0,HBOV,minimal_corrected,phase2
2021,4,75-89,0.0,HBOV,minimal_corrected,phase2
2021,4,>=90,0.0,HBOV,minimal_corrected,phase2
2021,5,<1,0.0,HBOV,minimal_corrected,phase2
2021,5,1-3,4.545454545454546,HBOV,minimal_corrected,phase2
2021,5,4-12,,HBOV,minimal_corrected,phase2
2021,5,13-17,,HBOV,minimal_corrected,phase2
2021,5,18-44,,HBOV,minimal_corrected,phase2
2021,5,45-59,,HBOV,minimal_corrected,phase2
2021,5,60-74,,HBOV,minimal_corrected,phase2
2021,5,75-89,0.0,HBOV,minimal_corrected,phase2
2021,5,>=90,0.0,HBOV,minimal_corrected,phase2
2021,6,<1,3.278688524590164,HBOV,minimal_corrected,phase2
2021,6,1-3,7.272727272727272,HBOV,minimal_corrected,phase2
2021,6,4-12,0.0,HBOV,minimal_corrected,phase2
2021,6,18-44,0.0,HBOV,minimal_corrected,phase2
2021,6,45-59,,HBOV,minimal_corrected,phase2
2021,6,60-74,0.0,HBOV,minimal_corrected,phase2
2021,6,75-89,0.0,HBOV,minimal_corrected,phase2
2021,6,>=90,0.0,HBOV,minimal_corrected,phase2
2021,7,<1,3.5294117647058822,HBOV,minimal_corrected,phase2
2021,7,1-3,5.333333333333334,HBOV,minimal_corrected,phase2
2021,7,4-12,0.0,HBOV,minimal_corrected,phase2
2021,7,13-17,,HBOV,minimal_corrected,phase2
2021,7,18-44,,HBOV,minimal_corrected,phase2
2021,7,45-59,,HBOV,minimal_corrected,phase2
2021,7,60-74,,HBOV,minimal_corrected,phase2
2021,7,75-89,0.0,HBOV,minimal_corrected,phase2
2021,7,>=90,0.0,HBOV,minimal_corrected,phase2
2021,8,<1,0.0,HBOV,minimal_corrected,phase2
2021,8,1-3,4.081632653061225,HBOV,minimal_corrected,phase2
2021,8,4-12,,HBOV,minimal_corrected,phase2
2021,8,13-17,,HBOV,minimal_corrected,phase2
2021,8,18-44,,HBOV,minimal_corrected,phase2
2021,8,45-59,,HBOV,minimal_corrected,phase2
2021,8,60-74,,HBOV,minimal_corrected,phase2
2021,8,75-89,0.0,HBOV,minimal_corrected,phase2
2021,8,>=90,0.0,HBOV,minimal_corrected,phase2
2021,9,<1,0.0,HBOV,minimal_corrected,phase2
2021,9,1-3,,HBOV,minimal_corrected,phase2
2021,9,4-12,,HBOV,minimal_corrected,phase2
2021,9,18-44,,HBOV,minimal_corrected,phase2
2021,9,45-59,,HBOV,minimal_corrected,phase2
2021,9,60-74,,HBOV,minimal_corrected,phase2
2021,9,75-89,0.0,HBOV,minimal_corrected,phase2
2021,9,>=90,0.0,HBOV,minimal_corrected,phase2
2021,10,<1,,HBOV,minimal_corrected,phase2
2021,10,1-3,,HBOV,minimal_corrected,phase2
2021,10,4-12,,HBOV,minimal_corrected,phase2
2021,10,13-17,,HBOV,minimal_corrected,phase2
2021,10,18-44,,HBOV,minimal_corrected,phase2
2021,10,45-59,,HBOV,minimal_corrected,phase2
2021,10,60-74,,HBOV,minimal_corrected,phase2
2021,10,75-89,0.0,HBOV,minimal_corrected,phase2
2021,10,>=90,0.0,HBOV,minimal_corrected,phase2
2021,11,<1,0.0,HBOV,minimal_corrected,phase2
2021,11,1-3,0.0,HBOV,minimal_corrected,phase2
2021,11,4-12,0.0,HBOV,minimal_corrected,phase2
2021,11,13-17,,HBOV,minimal_corrected,phase2
2021,11,18-44,,HBOV,minimal_corrected,phase2
2021,11,45-59,,HBOV,minimal_corrected,phase2
2021,11,60-74,,HBOV,minimal_corrected,phase2
2021,11,75-89,0.0,HBOV,minimal_corrected,phase2
2021,11,>=90,0.0,HBOV,minimal_corrected,phase2
2021,12,<1,0.0,HBOV,minimal_corrected,phase2
2021,12,1-3,0.0,HBOV,minimal_corrected,phase2
2021,12,4-12,3.0303030303030303,HBOV,minimal_corrected,phase2
2021,12,13-17,,HBOV,minimal_corrected,phase2
2021,12,18-44,,HBOV,minimal_corrected,phase2
2021,12,45-59,,HBOV,minimal_corrected,phase2
2021,12,60-74,0.0,HBOV,minimal_corrected,phase2
2021,12,75-89,0.0,HBOV,minimal_corrected,phase2
2021,12,>=90,0.0,HBOV,minimal_corrected,phase2
2022,1,<1,0.0,HBOV,minimal_corrected,phase2
2022,1,1-3,2.3255813953488373,HBOV,minimal_corrected,phase2
2022,1,4-12,0.0,HBOV,minimal_corrected,phase2
2022,1,13-17,,HBOV,minimal_corrected,phase2
2022,1,18-44,,HBOV,minimal_corrected,phase2
2022,1,45-59,,HBOV,minimal_corrected,phase2
2022,1,60-74,0.0,HBOV,minimal_corrected,phase2
2022,1,75-89,0.0,HBOV,minimal_corrected,phase2
2022,1,>=90,0.0,HBOV,minimal_corrected,phase2
2022,2,<1,0.0,HBOV,minimal_corrected,phase2
2022,2,1-3,3.225806451612903,HBOV,minimal_corrected,phase2
2022,2,4-12,,HBOV,minimal_corrected,phase2
2022,2,13-17,,HBOV,minimal_corrected,phase2
2022,2,18-44,,HBOV,minimal_corrected,phase2
2022,2,45-59,,HBOV,minimal_corrected,phase2
2022,2,60-74,0.0,HBOV,minimal_corrected,phase2
2022,2,75-89,0.0,HBOV,minimal_corrected,phase2
2022,2,>=90,0.0,HBOV,minimal_corrected,phase2
2022,3,<1,0.0,HBOV,minimal_corrected,phase2
2022,3,1-3,3.1746031746031744,HBOV,minimal_corrected,phase2
2022,3,4-12,0.0,HBOV,minimal_corrected,phase2
2022,3,13-17,,HBOV,minimal_corrected,phase2
2022,3,18-44,0.0,HBOV,minimal_corrected,phase2
2022,3,45-59,0.0,HBOV,minimal_corrected,phase2
2022,3,60-74,0.0,HBOV,minimal_corrected,phase2
2022,3,75-89,0.0,HBOV,minimal_corrected,phase2
2022,3,>=90,0.0,HBOV,minimal_corrected,phase2
2022,4,<1,0.0,HBOV,minimal_corrected,phase2
2022,4,1-3,6.976744186046512,HBOV,minimal_corrected,phase2
2022,4,4-12,2.5,HBOV,minimal_corrected,phase2
2022,4,13-17,,HBOV,minimal_corrected,phase2
2022,4,18-44,0.0,HBOV,minimal_corrected,phase2
2022,4,45-59,0.0,HBOV,minimal_corrected,phase2
2022,4,60-74,0.0,HBOV,minimal_corrected,phase2
2022,4,75-89,0.0,HBOV,minimal_corrected,phase2
2022,4,>=90,0.0,HBOV,minimal_corrected,phase2
2022,5,<1,0.0,HBOV,minimal_corrected,phase2
2022,5,1-3,1.6666666666666667,HBOV,minimal_corrected,phase2
2022,5,4-12,0.0,HBOV,minimal_corrected,phase2
2022,5,13-17,,HBOV,minimal_corrected,phase2
2022,5,18-44,0.0,HBOV,minimal_corrected,phase2
2022,5,45-59,0.0,HBOV,minimal_corrected,phase2
2022,5,60-74,0.0,HBOV,minimal_corrected,phase2
2022,5,75-89,0.0,HBOV,minimal_corrected,phase2
2022,5,>=90,0.0,HBOV,minimal_corrected,phase2
2022,6,<1,0.0,HBOV,minimal_corrected,phase2
2022,6,1-3,5.681818181818182,HBOV,minimal_corrected,phase2
2022,6,4-12,1.2345679012345678,HBOV,minimal_corrected,phase2
2022,6,13-17,,HBOV,minimal_corrected,phase2
2022,6,18-44,0.0,HBOV,minimal_corrected,phase2
2022,6,45-59,0.0,HBOV,minimal_corrected,phase2
2022,6,60-74,0.0,HBOV,minimal_corrected,phase2
2022,6,75-89,0.7936507936507936,HBOV,minimal_corrected,phase2
2022,6,>=90,0.0,HBOV,minimal_corrected,phase2
2022,7,<1,8.064516129032258,HBOV,minimal_corrected,phase2
2022,7,1-3,5.263157894736842,HBOV,minimal_corrected,phase2
2022,7,4-12,3.333333333333333,HBOV,minimal_corrected,phase2
2022,7,13-17,,HBOV,minimal_corrected,phase2
2022,7,18-44,0.0,HBOV,minimal_corrected,phase2
2022,7,45-59,0.0,HBOV,minimal_corrected,phase2
2022,7,60-74,0.0,HBOV,minimal_corrected,phase2
2022,7,75-89,0.0,HBOV,minimal_corrected,phase2
2022,7,>=90,0.0,HBOV,minimal_corrected,phase2
2022,8,<1,0.0,HBOV,minimal_corrected,phase2
2022,8,1-3,9.411764705882351,HBOV,minimal_corrected,phase2
2022,8,4-12,0.0,HBOV,minimal_corrected,phase2
2022,8,13-17,,HBOV,minimal_corrected,phase2
2022,8,18-44,0.0,HBOV,minimal_corrected,phase2
2022,8,45-59,0.0,HBOV,minimal_corrected,phase2
2022,8,60-74,0.0,HBOV,minimal_corrected,phase2
2022,8,75-89,0.0,HBOV,minimal_corrected,phase2
2022,8,>=90,0.0,HBOV,minimal_corrected,phase2
2022,9,<1,8.571428571428571,HBOV,minimal_corrected,phase2
2022,9,1-3,12.5,HBOV,minimal_corrected,phase2
2022,9,4-12,2.2222222222222223,HBOV,minimal_corrected,phase2
2022,9,13-17,,HBOV,minimal_corrected,phase2
2022,9,18-44,0.0,HBOV,minimal_corrected,phase2
2022,9,45-59,0.0,HBOV,minimal_corrected,phase2
2022,9,60-74,0.0,HBOV,minimal_corrected,phase2
2022,9,75-89,0.0,HBOV,minimal_corrected,phase2
2022,9,>=90,0.0,HBOV,minimal_corrected,phase2
2022,10,<1,0.0,HBOV,minimal_corrected,phase2
2022,10,1-3,16.901408450704224,HBOV,minimal_corrected,phase2
2022,10,4-12,5.970149253731343,HBOV,minimal_corrected,phase2
2022,10,13-17,,HBOV,minimal_corrected,phase2
2022,10,18-44,0.0,HBOV,minimal_corrected,phase2
2022,10,45-59,0.0,HBOV,minimal_corrected,phase2
2022,10,60-74,0.0,HBOV,minimal_corrected,phase2
2022,10,75-89,0.0,HBOV,minimal_corrected,phase2
2022,10,>=90,0.8771929824561403,HBOV,minimal_corrected,phase2
2022,11,<1,4.081632653061225,HBOV,minimal_corrected,phase2
2022,11,1-3,18.51851851851852,HBOV,minimal_corrected,phase2
2022,11,4-12,0.0,HBOV,minimal_corrected,phase2
2022,11,13-17,,HBOV,minimal_corrected,phase2
2022,11,18-44,0.0,HBOV,minimal_corrected,phase2
2022,11,45-59,0.0,HBOV,minimal_corrected,phase2
2022,11,60-74,0.0,HBOV,minimal_corrected,phase2
2022,11,75-89,0.8130081300813009,HBOV,minimal_corrected,phase2
2022,11,>=90,0.0,HBOV,minimal_corrected,phase2
2022,12,<1,5.172413793103448,HBOV,minimal_corrected,phase2
2022,12,1-3,11.688311688311687,HBOV,minimal_corrected,phase2
2022,12,4-12,5.970149253731343,HBOV,minimal_corrected,phase2
2022,12,13-17,,HBOV,minimal_corrected,phase2
2022,12,18-44,0.0,HBOV,minimal_corrected,phase2
2022,12,45-59,0.0,HBOV,minimal_corrected,phase2
2022,12,60-74,0.0,HBOV,minimal_corrected,phase2
2022,12,75-89,0.0,HBOV,minimal_corrected,phase2
2022,12,>=90,0.0,HBOV,minimal_corrected,phase2
2023,1,<1,1.2658227848101269,HBOV,minimal_corrected,phase2
2023,1,1-3,3.225806451612903,HBOV,minimal_corrected,phase2
2023,1,4-12,2.127659574468085,HBOV,minimal_corrected,phase2
2023,1,13-17,,HBOV,minimal_corrected,phase2
2023,1,18-44,0.0,HBOV,minimal_corrected,phase2
2023,1,45-59,0.0,HBOV,minimal_corrected,phase2
2023,1,60-74,0.0,HBOV,minimal_corrected,phase2
2023,1,75-89,0.0,HBOV,minimal_corrected,phase2
2023,1,>=90,0.0,HBOV,minimal_corrected,phase2
2023,2,<1,0.0,HBOV,minimal_corrected,phase2
2023,2,1-3,0.0,HBOV,minimal_corrected,phase2
2023,2,4-12,0.0,HBOV,minimal_corrected,phase2
2023,2,13-17,,HBOV,minimal_corrected,phase2
2023,2,18-44,0.0,HBOV,minimal_corrected,phase2
2023,2,45-59,0.0,HBOV,minimal_corrected,phase2
2023,2,60-74,0.0,HBOV,minimal_corrected,phase2
2023,2,75-89,0.0,HBOV,minimal_corrected,phase2
2023,2,>=90,0.0,HBOV,minimal_corrected,phase2
2023,3,<1,0.0,HBOV,minimal_corrected,phase2
2023,3,1-3,1.2195121951219512,HBOV,minimal_corrected,phase2
2023,3,4-12,0.0,HBOV,minimal_corrected,phase2
2023,3,13-17,,HBOV,minimal_corrected,phase2
2023,3,18-44,0.0,HBOV,minimal_corrected,phase2
2023,3,45-59,0.0,HBOV,minimal_corrected,phase2
2023,3,60-74,0.0,HBOV,minimal_corrected,phase2
2023,3,75-89,0.0,HBOV,minimal_corrected,phase2
2023,3,>=90,0.0,HBOV,minimal_corrected,phase2
2023,4,<1,0.0,HBOV,minimal_corrected,phase2
2023,4,1-3,0.0,HBOV,minimal_corrected,phase2
2023,4,4-12,0.0,HBOV,minimal_corrected,phase2
2023,4,13-17,,HBOV,minimal_corrected,phase2
2023,4,18-44,0.0,HBOV,minimal_corrected,phase2
2023,4,45-59,0.0,HBOV,minimal_corrected,phase2
2023,4,60-74,0.0,HBOV,minimal_corrected,phase2
2023,4,75-89,0.0,HBOV,minimal_corrected,phase2
2023,4,>=90,1.6528925619834711,HBOV,minimal_corrected,phase2
2023,5,<1,0.0,HBOV,minimal_corrected,phase2
2023,5,1-3,0.0,HBOV,minimal_corrected,phase2
2023,5,4-12,0.0,HBOV,minimal_corrected,phase2
2023,5,13-17,,HBOV,minimal_corrected,phase2
2023,5,18-44,0.0,HBOV,minimal_corrected,phase2
2023,5,45-59,0.0,HBOV,minimal_corrected,phase2
2023,5,60-74,0.0,HBOV,minimal_corrected,phase2
2023,5,75-89,0.0,HBOV,minimal_corrected,phase2
2023,5,>=90,0.0,HBOV,minimal_corrected,phase2
2023,6,<1,1.7241379310344829,HBOV,minimal_corrected,phase2
2023,6,1-3,5.769230769230769,HBOV,minimal_corrected,phase2
2023,6,4-12,0.0,HBOV,minimal_corrected,phase2
2023,6,13-17,,HBOV,minimal_corrected,phase2
2023,6,18-44,0.0,HBOV,minimal_corrected,phase2
2023,6,45-59,0.0,HBOV,minimal_corrected,phase2
2023,6,60-74,0.0,HBOV,minimal_corrected,phase2
2023,6,75-89,1.162790697674419,HBOV,minimal_corrected,phase2
2023,6,>=90,0.0,HBOV,minimal_corrected,phase2
2023,7,<1,0.0,HBOV,minimal_corrected,phase2
2023,7,1-3,,HBOV,minimal_corrected,phase2
2023,7,4-12,,HBOV,minimal_corrected,phase2
2023,7,13-17,,HBOV,minimal_corrected,phase2
2023,7,18-44,0.0,HBOV,minimal_corrected,phase2
2023,7,45-59,0.0,HBOV,minimal_corrected,phase2
2023,7,60-74,0.0,HBOV,minimal_corrected,phase2
2023,7,75-89,0.0,HBOV,minimal_corrected,phase2
2023,7,>=90,0.0,HBOV,minimal_corrected,phase2
2023,8,<1,0.0,HBOV,minimal_corrected,phase2
2023,8,1-3,,HBOV,minimal_corrected,phase2
2023,8,4-12,,HBOV,minimal_corrected,phase2
2023,8,13-17,,HBOV,minimal_corrected,phase2
2023,8,18-44,0.0,HBOV,minimal_corrected,phase2
2023,8,45-59,0.0,HBOV,minimal_corrected,phase2
2023,8,60-74,0.0,HBOV,minimal_corrected,phase2
2023,8,75-89,1.3157894736842104,HBOV,minimal_corrected,phase2
2023,8,>=90,0.0,HBOV,minimal_corrected,phase2
2023,9,<1,,HBOV,minimal_corrected,phase2
2023,9,1-3,,HBOV,minimal_corrected,phase2
2023,9,4-12,,HBOV,minimal_corrected,phase2
2023,9,13-17,,HBOV,minimal_corrected,phase2
2023,9,18-44,0.0,HBOV,minimal_corrected,phase2
2023,9,45-59,0.0,HBOV,minimal_corrected,phase2
2023,9,60-74,0.0,HBOV,minimal_corrected,phase2
2023,9,75-89,0.0,HBOV,minimal_corrected,phase2
2023,9,>=90,0.0,HBOV,minimal_corrected,phase2
2023,10,<1,0.0,HBOV,minimal_corrected,phase2
2023,10,1-3,,HBOV,minimal_corrected,phase2
2023,10,4-12,,HBOV,minimal_corrected,phase2
2023,10,13-17,,HBOV,minimal_corrected,phase2
2023,10,18-44,0.0,HBOV,minimal_corrected,phase2
2023,10,45-59,0.0,HBOV,minimal_corrected,phase2
2023,10,60-74,0.0,HBOV,minimal_corrected,phase2
2023,10,75-89,0.0,HBOV,minimal_corrected,phase2
2023,10,>=90,0.0,HBOV,minimal_corrected,phase2
2023,11,<1,,HBOV,minimal_corrected,phase2
2023,11,1-3,,HBOV,minimal_corrected,phase2
2023,11,4-12,,HBOV,minimal_corrected,phase2
2023,11,13-17,,HBOV,minimal_corrected,phase2
2023,11,18-44,0.0,HBOV,minimal_corrected,phase2
2023,11,45-59,0.0,HBOV,minimal_corrected,phase2
2023,11,60-74,2.3529411764705883,HBOV,minimal_corrected,phase2
2023,11,75-89,0.0,HBOV,minimal_corrected,phase2
2023,11,>=90,0.0,HBOV,minimal_corrected,phase2
2023,12,<1,,HBOV,minimal_corrected,phase2
2023,12,1-3,,HBOV,minimal_corrected,phase2
2023,12,4-12,,HBOV,minimal_corrected,phase2
2023,12,13-17,,HBOV,minimal_corrected,phase2
2023,12,18-44,0.0,HBOV,minimal_corrected,phase2
2023,12,45-59,0.0,HBOV,minimal_corrected,phase2
2023,12,60-74,0.0,HBOV,minimal_corrected,phase2
2023,12,75-89,0.0,HBOV,minimal_corrected,phase2
2023,12,>=90,0.0,HBOV,minimal_corrected,phase2
2024,1,<1,,HBOV,minimal_corrected,phase2
2024,1,1-3,,HBOV,minimal_corrected,phase2
2024,1,4-12,,HBOV,minimal_corrected,phase2
2024,1,13-17,,HBOV,minimal_corrected,phase2
2024,1,18-44,0.0,HBOV,minimal_corrected,phase2
2024,1,45-59,0.0,HBOV,minimal_corrected,phase2
2024,1,60-74,0.0,HBOV,minimal_corrected,phase2
2024,1,75-89,0.0,HBOV,minimal_corrected,phase2
2024,1,>=90,0.0,HBOV,minimal_corrected,phase2
2024,2,<1,,HBOV,minimal_corrected,phase2
2024,2,4-12,,HBOV,minimal_corrected,phase2
2024,2,13-17,,HBOV,minimal_corrected,phase2
2024,2,18-44,0.0,HBOV,minimal_corrected,phase2
2024,2,45-59,0.0,HBOV,minimal_corrected,phase2
2024,2,60-74,0.0,HBOV,minimal_corrected,phase2
2024,2,75-89,0.0,HBOV,minimal_corrected,phase2
2024,2,>=90,1.098901098901099,HBOV,minimal_corrected,phase2
2024,3,<1,0.0,HBOV,minimal_corrected,phase2
2024,3,4-12,,HBOV,minimal_corrected,phase2
2024,3,13-17,,HBOV,minimal_corrected,phase2
2024,3,18-44,0.0,HBOV,minimal_corrected,phase2
2024,3,45-59,0.8403361344537815,HBOV,minimal_corrected,phase2
2024,3,60-74,0.0,HBOV,minimal_corrected,phase2
2024,3,75-89,0.0,HBOV,minimal_corrected,phase2
2024,3,>=90,0.0,HBOV,minimal_corrected,phase2
2024,4,<1,,HBOV,minimal_corrected,phase2
2024,4,1-3,,HBOV,minimal_corrected,phase2
2024,4,4-12,,HBOV,minimal_corrected,phase2
2024,4,13-17,,HBOV,minimal_corrected,phase2
2024,4,18-44,0.0,HBOV,minimal_corrected,phase2
2024,4,45-59,0.0,HBOV,minimal_corrected,phase2
2024,4,60-74,0.0,HBOV,minimal_corrected,phase2
2024,4,75-89,0.0,HBOV,minimal_corrected,phase2
2024,4,>=90,0.0,HBOV,minimal_corrected,phase2
2024,5,<1,,HBOV,minimal_corrected,phase2
2024,5,4-12,,HBOV,minimal_corrected,phase2
2024,5,13-17,,HBOV,minimal_corrected,phase2
2024,5,18-44,0.0,HBOV,minimal_corrected,phase2
2024,5,45-59,0.0,HBOV,minimal_corrected,phase2
2024,5,60-74,0.7407407407407408,HBOV,minimal_corrected,phase2
2024,5,75-89,0.0,HBOV,minimal_corrected,phase2
2024,5,>=90,0.0,HBOV,minimal_corrected,phase2
2024,6,<1,0.0,HBOV,minimal_corrected,phase2
2024,6,1-3,,HBOV,minimal_corrected,phase2
2024,6,4-12,,HBOV,minimal_corrected,phase2
2024,6,13-17,,HBOV,minimal_corrected,phase2
2024,6,18-44,0.0,HBOV,minimal_corrected,phase2
2024,6,45-59,0.0,HBOV,minimal_corrected,phase2
2024,6,60-74,0.0,HBOV,minimal_corrected,phase2
2024,6,75-89,0.0,HBOV,minimal_corrected,phase2
2024,6,>=90,0.0,HBOV,minimal_corrected,phase2
2024,7,<1,,HBOV,minimal_corrected,phase2
2024,7,1-3,,HBOV,minimal_corrected,phase2
2024,7,4-12,,HBOV,minimal_corrected,phase2
2024,7,13-17,,HBOV,minimal_corrected,phase2
2024,7,18-44,0.0,HBOV,minimal_corrected,phase2
2024,7,45-59,0.0,HBOV,minimal_corrected,phase2
2024,7,60-74,0.0,HBOV,minimal_corrected,phase2
2024,7,75-89,0.0,HBOV,minimal_corrected,phase2
2024,7,>=90,0.0,HBOV,minimal_corrected,phase2
2024,8,<1,,HBOV,minimal_corrected,phase2
2024,8,1-3,,HBOV,minimal_corrected,phase2
2024,8,4-12,,HBOV,minimal_corrected,phase2
2024,8,18-44,3.333333333333333,HBOV,minimal_corrected,phase2
2024,8,45-59,0.0,HBOV,minimal_corrected,phase2
2024,8,60-74,1.2345679012345678,HBOV,minimal_corrected,phase2
2024,8,75-89,0.0,HBOV,minimal_corrected,phase2
2024,8,>=90,0.0,HBOV,minimal_corrected,phase2
2024,9,<1,,HBOV,minimal_corrected,phase2
2024,9,4-12,,HBOV,minimal_corrected,phase2
2024,9,13-17,,HBOV,minimal_corrected,phase2
2024,9,18-44,,HBOV,minimal_corrected,phase2
2024,9,45-59,0.0,HBOV,minimal_corrected,phase2
2024,9,60-74,0.0,HBOV,minimal_corrected,phase2
2024,9,75-89,0.0,HBOV,minimal_corrected,phase2
2024,9,>=90,0.0,HBOV,minimal_corrected,phase2
2024,10,<1,,HBOV,minimal_corrected,phase2
2024,10,1-3,,HBOV,minimal_corrected,phase2
2024,10,4-12,,HBOV,minimal_corrected,phase2
2024,10,13-17,,HBOV,minimal_corrected,phase2
2024,10,18-44,,HBOV,minimal_corrected,phase2
2024,10,45-59,,HBOV,minimal_corrected,phase2
2024,10,60-74,0.0,HBOV,minimal_corrected,phase2
2024,10,75-89,0.0,HBOV,minimal_corrected,phase2
2024,10,>=90,0.0,HBOV,minimal_corrected,phase2
2024,11,<1,,HBOV,minimal_corrected,phase2
2024,11,1-3,,HBOV,minimal_corrected,phase2
2024,11,4-12,,HBOV,minimal_corrected,phase2
2024,11,13-17,,HBOV,minimal_corrected,phase2
2024,11,18-44,,HBOV,minimal_corrected,phase2
2024,11,45-59,0.0,HBOV,minimal_corrected,phase2
2024,11,60-74,0.0,HBOV,minimal_corrected,phase2
2024,11,75-89,0.0,HBOV,minimal_corrected,phase2
2024,11,>=90,0.0,HBOV,minimal_corrected,phase2
2024,12,<1,,HBOV,minimal_corrected,phase2
2024,12,1-3,,HBOV,minimal_corrected,phase2
2024,12,4-12,,HBOV,minimal_corrected,phase2
2024,12,13-17,,HBOV,minimal_corrected,phase2
2024,12,18-44,,HBOV,minimal_corrected,phase2
2024,12,45-59,,HBOV,minimal_corrected,phase2
2024,12,60-74,0.0,HBOV,minimal_corrected,phase2
2024,12,75-89,0.0,HBOV,minimal_corrected,phase2
2024,12,>=90,0.0,HBOV,minimal_corrected,phase2
2025,1,<1,,HBOV,minimal_corrected,phase2
2025,1,1-3,,HBOV,minimal_corrected,phase2
2025,1,4-12,,HBOV,minimal_corrected,phase2
2025,1,13-17,,HBOV,minimal_corrected,phase2
2025,1,18-44,0.0,HBOV,minimal_corrected,phase2
2025,1,45-59,0.0,HBOV,minimal_corrected,phase2
2025,1,60-74,0.0,HBOV,minimal_corrected,phase2
2025,1,75-89,0.0,HBOV,minimal_corrected,phase2
2025,1,>=90,0.0,HBOV,minimal_corrected,phase2
2025,2,<1,,HBOV,minimal_corrected,phase2
2025,2,1-3,,HBOV,minimal_corrected,phase2
2025,2,4-12,,HBOV,minimal_corrected,phase2
2025,2,13-17,,HBOV,minimal_corrected,phase2
2025,2,18-44,,HBOV,minimal_corrected,phase2
2025,2,45-59,0.0,HBOV,minimal_corrected,phase2
2025,2,60-74,0.0,HBOV,minimal_corrected,phase2
2025,2,75-89,0.0,HBOV,minimal_corrected,phase2
2025,2,>=90,,HBOV,minimal_corrected,phase2
2025,3,<1,,HBOV,minimal_corrected,phase2
2025,3,1-3,,HBOV,minimal_corrected,phase2
2025,3,4-12,,HBOV,minimal_corrected,phase2
2025,3,13-17,,HBOV,minimal_corrected,phase2
2025,3,18-44,,HBOV,minimal_corrected,phase2
2025,3,45-59,0.0,HBOV,minimal_corrected,phase2
2025,3,60-74,0.0,HBOV,minimal_corrected,phase2
2025,3,75-89,0.0,HBOV,minimal_corrected,phase2
2025,3,>=90,0.0,HBOV,minimal_corrected,phase2
2025,4,<1,,HBOV,minimal_corrected,phase2
2025,4,1-3,,HBOV,minimal_corrected,phase2
2025,4,4-12,,HBOV,minimal_corrected,phase2
2025,4,13-17,,HBOV,minimal_corrected,phase2
2025,4,18-44,,HBOV,minimal_corrected,phase2
2025,4,45-59,,HBOV,minimal_corrected,phase2
2025,4,60-74,0.0,HBOV,minimal_corrected,phase2
2025,4,75-89,0.0,HBOV,minimal_corrected,phase2
2025,4,>=90,0.0,HBOV,minimal_corrected,phase2
2025,5,<1,,HBOV,minimal_corrected,phase2
2025,5,1-3,,HBOV,minimal_corrected,phase2
2025,5,4-12,,HBOV,minimal_corrected,phase2
2025,5,13-17,,HBOV,minimal_corrected,phase2
2025,5,18-44,0.0,HBOV,minimal_corrected,phase2
2025,5,45-59,0.0,HBOV,minimal_corrected,phase2
2025,5,60-74,0.0,HBOV,minimal_corrected,phase2
2025,5,75-89,0.0,HBOV,minimal_corrected,phase2
2025,5,>=90,0.0,HBOV,minimal_corrected,phase2
2025,6,<1,,HBOV,minimal_corrected,phase2
2025,6,1-3,,HBOV,minimal_corrected,phase2
2025,6,4-12,,HBOV,minimal_corrected,phase2
2025,6,13-17,,HBOV,minimal_corrected,phase2
2025,6,18-44,,HBOV,minimal_corrected,phase2
2025,6,45-59,0.0,HBOV,minimal_corrected,phase2
2025,6,60-74,0.0,HBOV,minimal_corrected,phase2
2025,6,75-89,0.0,HBOV,minimal_corrected,phase2
2025,6,>=90,0.0,HBOV,minimal_corrected,phase2
2025,7,<1,,HBOV,minimal_corrected,phase2
2025,7,1-3,,HBOV,minimal_corrected,phase2
2025,7,4-12,,HBOV,minimal_corrected,phase2
2025,7,13-17,,HBOV,minimal_corrected,phase2
2025,7,18-44,,HBOV,minimal_corrected,phase2
2025,7,45-59,0.0,HBOV,minimal_corrected,phase2
2025,7,60-74,0.0,HBOV,minimal_corrected,phase2
2025,7,75-89,0.0,HBOV,minimal_corrected,phase2
2025,7,>=90,0.0,HBOV,minimal_corrected,phase2
2025,8,<1,,HBOV,minimal_corrected,phase2
2025,8,1-3,,HBOV,minimal_corrected,phase2
2025,8,4-12,,HBOV,minimal_corrected,phase2
2025,8,13-17,,HBOV,minimal_corrected,phase2
2025,8,18-44,,HBOV,minimal_corrected,phase2
2025,8,45-59,,HBOV,minimal_corrected,phase2
2025,8,60-74,2.857142857142857,HBOV,minimal_corrected,phase2
2025,8,75-89,0.0,HBOV,minimal_corrected,phase2
2025,8,>=90,0.0,HBOV,minimal_corrected,phase2
2025,9,<1,,HBOV,minimal_corrected,phase2
2025,9,1-3,,HBOV,minimal_corrected,phase2
2025,9,4-12,,HBOV,minimal_corrected,phase2
2025,9,13-17,,HBOV,minimal_corrected,phase2
2025,9,18-44,,HBOV,minimal_corrected,phase2
2025,9,45-59,0.0,HBOV,minimal_corrected,phase2
2025,9,60-74,0.0,HBOV,minimal_corrected,phase2
2025,9,75-89,0.0,HBOV,minimal_corrected,phase2
2025,9,>=90,2.0408163265306123,HBOV,minimal_corrected,phase2
2025,10,<1,,HBOV,minimal_corrected,phase2
2025,10,1-3,,HBOV,minimal_corrected,phase2
2025,10,4-12,,HBOV,minimal_corrected,phase2
2025,10,13-17,,HBOV,minimal_corrected,phase2
2025,10,18-44,,HBOV,minimal_corrected,phase2
2025,10,45-59,,HBOV,minimal_corrected,phase2
2025,10,60-74,0.0,HBOV,minimal_corrected,phase2
2025,10,75-89,0.0,HBOV,minimal_corrected,phase2
2025,10,>=90,0.0,HBOV,minimal_corrected,phase2
2025,11,<1,,HBOV,minimal_corrected,phase2
2025,11,1-3,,HBOV,minimal_corrected,phase2
2025,11,4-12,,HBOV,minimal_corrected,phase2
2025,11,13-17,,HBOV,minimal_corrected,phase2
2025,11,18-44,,HBOV,minimal_corrected,phase2
2025,11,45-59,,HBOV,minimal_corrected,phase2
2025,11,60-74,3.571428571428571,HBOV,minimal_corrected,phase2
2025,11,75-89,0.0,HBOV,minimal_corrected,phase2
2025,11,>=90,0.0,HBOV,minimal_corrected,phase2
