branch,virus,lag,date,actual,predicted,persistence,seasonal_naive,selected_for_plot
minimal_corrected,FluA,0,2025-01-05,18.971061093247588,14.38083573515988,11.76470588235294,14.18918918918919,True
minimal_corrected,FluA,0,2025-01-12,18.629173989455182,17.483156677515073,18.971061093247588,14.02439024390244,True
minimal_corrected,FluA,0,2025-01-19,20.37037037037037,22.353554575263853,18.629173989455182,8.695652173913043,True
minimal_corrected,FluA,0,2025-01-26,21.0,19.94734378186368,20.37037037037037,8.461538461538462,True
minimal_corrected,FluA,0,2025-02-02,17.105263157894736,19.82075861720892,21.0,3.658536585365853,True
minimal_corrected,FluA,0,2025-02-09,18.24324324324324,15.96412714955775,17.105263157894736,4.301075268817205,True
minimal_corrected,FluA,0,2025-02-16,25.769230769230766,17.18272138912261,18.24324324324324,0.0,True
minimal_corrected,FluA,0,2025-02-23,23.92638036809816,21.477588135313,25.769230769230766,1.96078431372549,True
minimal_corrected,FluA,0,2025-03-02,13.583138173302109,28.144092109495727,23.92638036809816,0.9433962264150944,True
minimal_corrected,FluA,0,2025-03-09,11.421911421911425,11.681624267853431,13.583138173302109,2.255639097744361,True
minimal_corrected,FluA,0,2025-03-16,6.852248394004283,12.847893847852417,11.421911421911425,1.4084507042253522,True
minimal_corrected,FluA,0,2025-03-23,6.016597510373444,11.804806685655723,6.852248394004283,4.026845637583892,True
minimal_corrected,FluA,0,2025-03-30,5.410447761194029,10.133424553673995,6.016597510373444,5.58659217877095,True
minimal_corrected,FluA,0,2025-04-06,3.614457831325301,6.766812239589993,5.410447761194029,6.086956521739131,True
minimal_corrected,FluA,0,2025-04-13,3.386454183266932,5.902719136568898,3.614457831325301,12.844036697247708,True
minimal_corrected,FluA,0,2025-04-20,1.195219123505976,5.642705816269849,3.386454183266932,16.428571428571427,True
minimal_corrected,FluA,0,2025-04-27,1.6227180527383367,1.349845681103707,1.195219123505976,12.716763005780344,True
minimal_corrected,FluA,0,2025-05-04,1.7857142857142856,3.275547810321216,1.6227180527383367,12.12121212121212,True
minimal_corrected,FluA,0,2025-05-11,1.45985401459854,2.428928564731428,1.7857142857142856,18.45238095238096,True
minimal_corrected,FluA,0,2025-05-18,0.6521739130434783,2.4285479681162623,1.45985401459854,15.748031496062993,True
minimal_corrected,FluA,0,2025-05-25,0.0,0.9076012203022376,0.6521739130434783,8.333333333333332,True
minimal_corrected,FluA,0,2025-06-01,1.4414414414414414,1.7884599738895437,0.0,8.737864077669903,True
minimal_corrected,FluA,0,2025-06-08,1.8140589569161,2.330047251257214,1.4414414414414414,6.521739130434782,True
minimal_corrected,FluA,0,2025-06-15,1.0638297872340423,2.1044734594254337,1.8140589569161,6.521739130434782,True
minimal_corrected,FluA,0,2025-06-22,2.391304347826087,1.1582716360223788,1.0638297872340423,16.94915254237288,True
minimal_corrected,FluA,0,2025-06-29,2.02247191011236,1.8189769162282363,2.391304347826087,20.0,True
minimal_corrected,FluA,0,2025-07-06,3.155339805825242,1.98555814454114,2.02247191011236,25.51020408163265,True
minimal_corrected,FluA,0,2025-07-13,2.395209580838324,1.8651711994036604,3.155339805825242,19.27710843373494,True
minimal_corrected,FluA,0,2025-07-20,1.5060240963855422,2.2924944811389776,2.395209580838324,14.018691588785046,True
minimal_corrected,FluA,0,2025-07-27,0.8241758241758242,1.5763118268389642,1.5060240963855422,5.747126436781609,True
minimal_corrected,FluA,0,2025-08-03,0.6329113924050633,1.285993794630746,0.8241758241758242,1.2048192771084338,True
minimal_corrected,FluA,0,2025-08-10,1.5974440894568689,0.9752516581663088,0.6329113924050633,1.3888888888888888,True
minimal_corrected,FluA,0,2025-08-17,3.09278350515464,1.21297520127829,1.5974440894568689,4.081632653061225,True
minimal_corrected,FluA,0,2025-08-24,3.571428571428571,2.1304574787900314,3.09278350515464,1.7857142857142856,True
minimal_corrected,FluA,0,2025-08-31,4.013377926421405,2.489187350572565,3.571428571428571,0.0,True
minimal_corrected,FluA,0,2025-09-07,5.797101449275362,3.609173820603136,4.013377926421405,3.1746031746031744,True
minimal_corrected,FluA,0,2025-09-14,4.88599348534202,5.362279882456899,5.797101449275362,0.0,True
minimal_corrected,FluA,0,2025-09-21,6.042296072507553,4.778535087701739,4.88599348534202,3.571428571428571,True
minimal_corrected,FluA,0,2025-09-28,6.5015479876161,8.881715741057047,6.042296072507553,0.0,True
minimal_corrected,FluA,0,2025-10-05,9.019607843137257,9.035790470914636,6.5015479876161,,True
minimal_corrected,FluA,0,2025-10-12,5.016722408026756,10.03267957253668,9.019607843137257,0.0,True
minimal_corrected,FluA,0,2025-10-19,10.574018126888216,4.614154952436284,5.016722408026756,0.0,True
minimal_corrected,FluA,1,2025-01-05,18.971061093247588,11.538294015910049,11.76470588235294,14.18918918918919,False
minimal_corrected,FluA,1,2025-01-12,18.629173989455182,18.425089084267835,18.971061093247588,14.02439024390244,False
minimal_corrected,FluA,1,2025-01-19,20.37037037037037,18.42537915631585,18.629173989455182,8.695652173913043,False
minimal_corrected,FluA,1,2025-01-26,21.0,21.86203671011384,20.37037037037037,8.461538461538462,False
minimal_corrected,FluA,1,2025-02-02,17.105263157894736,24.70428011713698,21.0,3.658536585365853,False
minimal_corrected,FluA,1,2025-02-09,18.24324324324324,18.510251139685884,17.105263157894736,4.301075268817205,False
minimal_corrected,FluA,1,2025-02-16,25.769230769230766,20.340892950325497,18.24324324324324,0.0,False
minimal_corrected,FluA,1,2025-02-23,23.92638036809816,26.58118245602901,25.769230769230766,1.96078431372549,False
minimal_corrected,FluA,1,2025-03-02,13.583138173302109,27.06046591314785,23.92638036809816,0.9433962264150944,False
minimal_corrected,FluA,1,2025-03-09,11.421911421911425,12.143380847381133,13.583138173302109,2.255639097744361,False
minimal_corrected,FluA,1,2025-03-16,6.852248394004283,12.441780577481165,11.421911421911425,1.4084507042253522,False
minimal_corrected,FluA,1,2025-03-23,6.016597510373444,9.557638712847783,6.852248394004283,4.026845637583892,False
minimal_corrected,FluA,1,2025-03-30,5.410447761194029,9.496901344491768,6.016597510373444,5.58659217877095,False
minimal_corrected,FluA,1,2025-04-06,3.614457831325301,5.836168906161707,5.410447761194029,6.086956521739131,False
minimal_corrected,FluA,1,2025-04-13,3.386454183266932,2.553206969525961,3.614457831325301,12.844036697247708,False
minimal_corrected,FluA,1,2025-04-20,1.195219123505976,2.7141381769618977,3.386454183266932,16.428571428571427,False
minimal_corrected,FluA,1,2025-04-27,1.6227180527383367,1.919566644021956,1.195219123505976,12.716763005780344,False
minimal_corrected,FluA,1,2025-05-04,1.7857142857142856,0.8640730230525923,1.6227180527383367,12.12121212121212,False
minimal_corrected,FluA,1,2025-05-11,1.45985401459854,1.926272816287063,1.7857142857142856,18.45238095238096,False
minimal_corrected,FluA,1,2025-05-18,0.6521739130434783,1.0658951094519673,1.45985401459854,15.748031496062993,False
minimal_corrected,FluA,1,2025-05-25,0.0,0.8509060622550534,0.6521739130434783,8.333333333333332,False
minimal_corrected,FluA,1,2025-06-01,1.4414414414414414,0.6095844265901446,0.0,8.737864077669903,False
minimal_corrected,FluA,1,2025-06-08,1.8140589569161,1.59564161311066,1.4414414414414414,6.521739130434782,False
minimal_corrected,FluA,1,2025-06-15,1.0638297872340423,1.2208517592348502,1.8140589569161,6.521739130434782,False
minimal_corrected,FluA,1,2025-06-22,2.391304347826087,0.6192621384454776,1.0638297872340423,16.94915254237288,False
minimal_corrected,FluA,1,2025-06-29,2.02247191011236,1.1414239816969325,2.391304347826087,20.0,False
minimal_corrected,FluA,1,2025-07-06,3.155339805825242,1.1469970627078236,2.02247191011236,25.51020408163265,False
minimal_corrected,FluA,1,2025-07-13,2.395209580838324,1.585289537379568,3.155339805825242,19.27710843373494,False
minimal_corrected,FluA,1,2025-07-20,1.5060240963855422,1.0861271561265589,2.395209580838324,14.018691588785046,False
minimal_corrected,FluA,1,2025-07-27,0.8241758241758242,0.9787439264551604,1.5060240963855422,5.747126436781609,False
minimal_corrected,FluA,1,2025-08-03,0.6329113924050633,0.6189678987271835,0.8241758241758242,1.2048192771084338,False
minimal_corrected,FluA,1,2025-08-10,1.5974440894568689,0.6664026336230728,0.6329113924050633,1.3888888888888888,False
minimal_corrected,FluA,1,2025-08-17,3.09278350515464,0.7249198120854838,1.5974440894568689,4.081632653061225,False
minimal_corrected,FluA,1,2025-08-24,3.571428571428571,1.1645318150588415,3.09278350515464,1.7857142857142856,False
minimal_corrected,FluA,1,2025-08-31,4.013377926421405,1.5817734668507264,3.571428571428571,0.0,False
minimal_corrected,FluA,1,2025-09-07,5.797101449275362,3.069295666675626,4.013377926421405,3.1746031746031744,False
minimal_corrected,FluA,1,2025-09-14,4.88599348534202,5.884969140774339,5.797101449275362,0.0,False
minimal_corrected,FluA,1,2025-09-21,6.042296072507553,5.6022682487333615,4.88599348534202,3.571428571428571,False
minimal_corrected,FluA,1,2025-09-28,6.5015479876161,8.885523151451395,6.042296072507553,0.0,False
minimal_corrected,FluA,1,2025-10-05,9.019607843137257,9.109835203164936,6.5015479876161,,False
minimal_corrected,FluA,1,2025-10-12,5.016722408026756,11.264969571723814,9.019607843137257,0.0,False
minimal_corrected,FluA,1,2025-10-19,10.574018126888216,6.322578863514548,5.016722408026756,0.0,False
minimal_corrected,FluA,1,2025-10-26,11.343283582089551,12.731600398988071,10.574018126888216,0.0,False
minimal_corrected,FluA,2,2025-01-05,18.971061093247588,6.872448637897228,11.76470588235294,14.18918918918919,False
minimal_corrected,FluA,2,2025-01-12,18.629173989455182,9.83097691075636,18.971061093247588,14.02439024390244,False
minimal_corrected,FluA,2,2025-01-19,20.37037037037037,13.832851806549645,18.629173989455182,8.695652173913043,False
minimal_corrected,FluA,2,2025-01-26,21.0,14.509850755531325,20.37037037037037,8.461538461538462,False
minimal_corrected,FluA,2,2025-02-02,17.105263157894736,17.334817645141435,21.0,3.658536585365853,False
minimal_corrected,FluA,2,2025-02-09,18.24324324324324,15.663488487499354,17.105263157894736,4.301075268817205,False
minimal_corrected,FluA,2,2025-02-16,25.769230769230766,12.501626386888118,18.24324324324324,0.0,False
minimal_corrected,FluA,2,2025-02-23,23.92638036809816,14.31947747759016,25.769230769230766,1.96078431372549,False
minimal_corrected,FluA,2,2025-03-02,13.583138173302109,19.937408599343343,23.92638036809816,0.9433962264150944,False
minimal_corrected,FluA,2,2025-03-09,11.421911421911425,17.804445687851345,13.583138173302109,2.255639097744361,False
minimal_corrected,FluA,2,2025-03-16,6.852248394004283,12.83079624142948,11.421911421911425,1.4084507042253522,False
minimal_corrected,FluA,2,2025-03-23,6.016597510373444,11.327489181425817,6.852248394004283,4.026845637583892,False
minimal_corrected,FluA,2,2025-03-30,5.410447761194029,10.126857018596542,6.016597510373444,5.58659217877095,False
minimal_corrected,FluA,2,2025-04-06,3.614457831325301,12.575877198002138,5.410447761194029,6.086956521739131,False
minimal_corrected,FluA,2,2025-04-13,3.386454183266932,7.952375658085653,3.614457831325301,12.844036697247708,False
minimal_corrected,FluA,2,2025-04-20,1.195219123505976,6.9879298585494976,3.386454183266932,16.428571428571427,False
minimal_corrected,FluA,2,2025-04-27,1.6227180527383367,7.445043075489597,1.195219123505976,12.716763005780344,False
minimal_corrected,FluA,2,2025-05-04,1.7857142857142856,4.404853384397284,1.6227180527383367,12.12121212121212,False
minimal_corrected,FluA,2,2025-05-11,1.45985401459854,2.0514496463707035,1.7857142857142856,18.45238095238096,False
minimal_corrected,FluA,2,2025-05-18,0.6521739130434783,5.691857478140933,1.45985401459854,15.748031496062993,False
minimal_corrected,FluA,2,2025-05-25,0.0,2.3718405531654825,0.6521739130434783,8.333333333333332,False
minimal_corrected,FluA,2,2025-06-01,1.4414414414414414,1.4275177293092736,0.0,8.737864077669903,False
minimal_corrected,FluA,2,2025-06-08,1.8140589569161,0.4391170767213349,1.4414414414414414,6.521739130434782,False
minimal_corrected,FluA,2,2025-06-15,1.0638297872340423,5.12432309706357,1.8140589569161,6.521739130434782,False
minimal_corrected,FluA,2,2025-06-22,2.391304347826087,3.084322049900385,1.0638297872340423,16.94915254237288,False
minimal_corrected,FluA,2,2025-06-29,2.02247191011236,0.8177122444233575,2.391304347826087,20.0,False
minimal_corrected,FluA,2,2025-07-06,3.155339805825242,2.8317438504990258,2.02247191011236,25.51020408163265,False
minimal_corrected,FluA,2,2025-07-13,2.395209580838324,2.910734649676181,3.155339805825242,19.27710843373494,False
minimal_corrected,FluA,2,2025-07-20,1.5060240963855422,4.41713939823121,2.395209580838324,14.018691588785046,False
minimal_corrected,FluA,2,2025-07-27,0.8241758241758242,3.684742732916317,1.5060240963855422,5.747126436781609,False
minimal_corrected,FluA,2,2025-08-03,0.6329113924050633,2.67859819040205,0.8241758241758242,1.2048192771084338,False
minimal_corrected,FluA,2,2025-08-10,1.5974440894568689,0.5812434217267015,0.6329113924050633,1.3888888888888888,False
minimal_corrected,FluA,2,2025-08-17,3.09278350515464,0.8851250171204568,1.5974440894568689,4.081632653061225,False
minimal_corrected,FluA,2,2025-08-24,3.571428571428571,2.137129872478849,3.09278350515464,1.7857142857142856,False
minimal_corrected,FluA,2,2025-08-31,4.013377926421405,3.750761407460892,3.571428571428571,0.0,False
minimal_corrected,FluA,2,2025-09-07,5.797101449275362,3.179578720161704,4.013377926421405,3.1746031746031744,False
minimal_corrected,FluA,2,2025-09-14,4.88599348534202,4.31153845110167,5.797101449275362,0.0,False
minimal_corrected,FluA,2,2025-09-21,6.042296072507553,8.756560801827497,4.88599348534202,3.571428571428571,False
minimal_corrected,FluA,2,2025-09-28,6.5015479876161,6.711060404451878,6.042296072507553,0.0,False
minimal_corrected,FluA,2,2025-10-05,9.019607843137257,7.971199998911728,6.5015479876161,,False
minimal_corrected,FluA,2,2025-10-12,5.016722408026756,8.312889368296693,9.019607843137257,0.0,False
minimal_corrected,FluA,2,2025-10-19,10.574018126888216,14.812610507136032,5.016722408026756,0.0,False
minimal_corrected,FluA,2,2025-10-26,11.343283582089551,8.780756622625336,10.574018126888216,0.0,False
minimal_corrected,FluA,2,2025-11-02,16.31016042780749,14.205551593984469,11.343283582089551,1.7241379310344829,False
minimal_corrected,FluA,3,2025-01-05,18.971061093247588,0.9172758364392328,11.76470588235294,14.18918918918919,False
minimal_corrected,FluA,3,2025-01-12,18.629173989455182,6.203025472944415,18.971061093247588,14.02439024390244,False
minimal_corrected,FluA,3,2025-01-19,20.37037037037037,9.407023197866073,18.629173989455182,8.695652173913043,False
minimal_corrected,FluA,3,2025-01-26,21.0,15.290285322304005,20.37037037037037,8.461538461538462,False
minimal_corrected,FluA,3,2025-02-02,17.105263157894736,18.06991051345728,21.0,3.658536585365853,False
minimal_corrected,FluA,3,2025-02-09,18.24324324324324,20.54095814445756,17.105263157894736,4.301075268817205,False
minimal_corrected,FluA,3,2025-02-16,25.769230769230766,19.10789899128192,18.24324324324324,0.0,False
minimal_corrected,FluA,3,2025-02-23,23.92638036809816,10.688944867191092,25.769230769230766,1.96078431372549,False
minimal_corrected,FluA,3,2025-03-02,13.583138173302109,12.938407645042249,23.92638036809816,0.9433962264150944,False
minimal_corrected,FluA,3,2025-03-09,11.421911421911425,13.134078620003988,13.583138173302109,2.255639097744361,False
minimal_corrected,FluA,3,2025-03-16,6.852248394004283,12.917970313135257,11.421911421911425,1.4084507042253522,False
minimal_corrected,FluA,3,2025-03-23,6.016597510373444,11.7484821636635,6.852248394004283,4.026845637583892,False
minimal_corrected,FluA,3,2025-03-30,5.410447761194029,11.424896766538104,6.016597510373444,5.58659217877095,False
minimal_corrected,FluA,3,2025-04-06,3.614457831325301,12.4062485012149,5.410447761194029,6.086956521739131,False
minimal_corrected,FluA,3,2025-04-13,3.386454183266932,19.52298064532398,3.614457831325301,12.844036697247708,False
minimal_corrected,FluA,3,2025-04-20,1.195219123505976,12.389655467168556,3.386454183266932,16.428571428571427,False
minimal_corrected,FluA,3,2025-04-27,1.6227180527383367,10.378573301379356,1.195219123505976,12.716763005780344,False
minimal_corrected,FluA,3,2025-05-04,1.7857142857142856,12.481469582239331,1.6227180527383367,12.12121212121212,False
minimal_corrected,FluA,3,2025-05-11,1.45985401459854,7.892202521585383,1.7857142857142856,18.45238095238096,False
minimal_corrected,FluA,3,2025-05-18,0.6521739130434783,1.232745853442408,1.45985401459854,15.748031496062993,False
minimal_corrected,FluA,3,2025-05-25,0.0,8.559596461215332,0.6521739130434783,8.333333333333332,False
minimal_corrected,FluA,3,2025-06-01,1.4414414414414414,2.98613140599052,0.0,8.737864077669903,False
minimal_corrected,FluA,3,2025-06-08,1.8140589569161,2.9706026001486303,1.4414414414414414,6.521739130434782,False
minimal_corrected,FluA,3,2025-06-15,1.0638297872340423,1.213823460344038,1.8140589569161,6.521739130434782,False
minimal_corrected,FluA,3,2025-06-22,2.391304347826087,7.786445559702315,1.0638297872340423,16.94915254237288,False
minimal_corrected,FluA,3,2025-06-29,2.02247191011236,1.2547645235814116,2.391304347826087,20.0,False
minimal_corrected,FluA,3,2025-07-06,3.155339805825242,0.7431934429081819,2.02247191011236,25.51020408163265,False
minimal_corrected,FluA,3,2025-07-13,2.395209580838324,2.2344282928649006,3.155339805825242,19.27710843373494,False
minimal_corrected,FluA,3,2025-07-20,1.5060240963855422,0.9026128127263596,2.395209580838324,14.018691588785046,False
minimal_corrected,FluA,3,2025-07-27,0.8241758241758242,2.2671322642398426,1.5060240963855422,5.747126436781609,False
minimal_corrected,FluA,3,2025-08-03,0.6329113924050633,1.5618870024175735,0.8241758241758242,1.2048192771084338,False
minimal_corrected,FluA,3,2025-08-10,1.5974440894568689,0.8438398084107718,0.6329113924050633,1.3888888888888888,False
minimal_corrected,FluA,3,2025-08-17,3.09278350515464,0.566879214468168,1.5974440894568689,4.081632653061225,False
minimal_corrected,FluA,3,2025-08-24,3.571428571428571,0.7862756292674044,3.09278350515464,1.7857142857142856,False
minimal_corrected,FluA,3,2025-08-31,4.013377926421405,0.7533293225675757,3.571428571428571,0.0,False
minimal_corrected,FluA,3,2025-09-07,5.797101449275362,1.9454161061446569,4.013377926421405,3.1746031746031744,False
minimal_corrected,FluA,3,2025-09-14,4.88599348534202,2.155025278967407,5.797101449275362,0.0,False
minimal_corrected,FluA,3,2025-09-21,6.042296072507553,5.542119500407303,4.88599348534202,3.571428571428571,False
minimal_corrected,FluA,3,2025-09-28,6.5015479876161,10.670958261622827,6.042296072507553,0.0,False
minimal_corrected,FluA,3,2025-10-05,9.019607843137257,7.28480623814983,6.5015479876161,,False
minimal_corrected,FluA,3,2025-10-12,5.016722408026756,7.830738520733052,9.019607843137257,0.0,False
minimal_corrected,FluA,3,2025-10-19,10.574018126888216,11.12656010029523,5.016722408026756,0.0,False
minimal_corrected,FluA,3,2025-10-26,11.343283582089551,20.03990859466248,10.574018126888216,0.0,False
minimal_corrected,FluA,3,2025-11-02,16.31016042780749,14.336789778885516,11.343283582089551,1.7241379310344829,False
minimal_corrected,FluA,3,2025-11-09,17.404129793510325,14.419450071739837,16.31016042780749,0.0,False
minimal_corrected,FluA,4,2025-01-05,18.971061093247588,1.1870623033942678,11.76470588235294,14.18918918918919,False
minimal_corrected,FluA,4,2025-01-12,18.629173989455182,0.8698448412282481,18.971061093247588,14.02439024390244,False
minimal_corrected,FluA,4,2025-01-19,20.37037037037037,15.845496600058246,18.629173989455182,8.695652173913043,False
minimal_corrected,FluA,4,2025-01-26,21.0,5.8258600061356605,20.37037037037037,8.461538461538462,False
minimal_corrected,FluA,4,2025-02-02,17.105263157894736,15.640994535983156,21.0,3.658536585365853,False
minimal_corrected,FluA,4,2025-02-09,18.24324324324324,22.1336663006299,17.105263157894736,4.301075268817205,False
minimal_corrected,FluA,4,2025-02-16,25.769230769230766,22.677440836620004,18.24324324324324,0.0,False
minimal_corrected,FluA,4,2025-02-23,23.92638036809816,17.214080895146985,25.769230769230766,1.96078431372549,False
minimal_corrected,FluA,4,2025-03-02,13.583138173302109,6.5321983746989325,23.92638036809816,0.9433962264150944,False
minimal_corrected,FluA,4,2025-03-09,11.421911421911425,9.09686734893185,13.583138173302109,2.255639097744361,False
minimal_corrected,FluA,4,2025-03-16,6.852248394004283,10.676849387958528,11.421911421911425,1.4084507042253522,False
minimal_corrected,FluA,4,2025-03-23,6.016597510373444,10.227986275644188,6.852248394004283,4.026845637583892,False
minimal_corrected,FluA,4,2025-03-30,5.410447761194029,10.02932411532165,6.016597510373444,5.58659217877095,False
minimal_corrected,FluA,4,2025-04-06,3.614457831325301,8.924582838965634,5.410447761194029,6.086956521739131,False
minimal_corrected,FluA,4,2025-04-13,3.386454183266932,11.810269037174088,3.614457831325301,12.844036697247708,False
minimal_corrected,FluA,4,2025-04-20,1.195219123505976,24.26687814635628,3.386454183266932,16.428571428571427,False
minimal_corrected,FluA,4,2025-04-27,1.6227180527383367,14.235716965142691,1.195219123505976,12.716763005780344,False
minimal_corrected,FluA,4,2025-05-04,1.7857142857142856,13.189783877711449,1.6227180527383367,12.12121212121212,False
minimal_corrected,FluA,4,2025-05-11,1.45985401459854,14.218299944461354,1.7857142857142856,18.45238095238096,False
minimal_corrected,FluA,4,2025-05-18,0.6521739130434783,10.506791110711513,1.45985401459854,15.748031496062993,False
minimal_corrected,FluA,4,2025-05-25,0.0,2.6854673753155014,0.6521739130434783,8.333333333333332,False
minimal_corrected,FluA,4,2025-06-01,1.4414414414414414,8.779568117912046,0.0,8.737864077669903,False
minimal_corrected,FluA,4,2025-06-08,1.8140589569161,4.393643227390658,1.4414414414414414,6.521739130434782,False
minimal_corrected,FluA,4,2025-06-15,1.0638297872340423,5.923895329226172,1.8140589569161,6.521739130434782,False
minimal_corrected,FluA,4,2025-06-22,2.391304347826087,1.3581299632556396,1.0638297872340423,16.94915254237288,False
minimal_corrected,FluA,4,2025-06-29,2.02247191011236,8.323524314086344,2.391304347826087,20.0,False
minimal_corrected,FluA,4,2025-07-06,3.155339805825242,2.9940305372048863,2.02247191011236,25.51020408163265,False
minimal_corrected,FluA,4,2025-07-13,2.395209580838324,1.5067817891914934,3.155339805825242,19.27710843373494,False
minimal_corrected,FluA,4,2025-07-20,1.5060240963855422,2.9359113194892377,2.395209580838324,14.018691588785046,False
minimal_corrected,FluA,4,2025-07-27,0.8241758241758242,2.132335674961978,1.5060240963855422,5.747126436781609,False
minimal_corrected,FluA,4,2025-08-03,0.6329113924050633,3.078359658001029,0.8241758241758242,1.2048192771084338,False
minimal_corrected,FluA,4,2025-08-10,1.5974440894568689,2.6550460085038914,0.6329113924050633,1.3888888888888888,False
minimal_corrected,FluA,4,2025-08-17,3.09278350515464,1.8546430809736705,1.5974440894568689,4.081632653061225,False
minimal_corrected,FluA,4,2025-08-24,3.571428571428571,1.212324453851831,3.09278350515464,1.7857142857142856,False
minimal_corrected,FluA,4,2025-08-31,4.013377926421405,1.321692173194123,3.571428571428571,0.0,False
minimal_corrected,FluA,4,2025-09-07,5.797101449275362,1.841242382127689,4.013377926421405,3.1746031746031744,False
minimal_corrected,FluA,4,2025-09-14,4.88599348534202,2.417194194233754,5.797101449275362,0.0,False
minimal_corrected,FluA,4,2025-09-21,6.042296072507553,2.0965546345039625,4.88599348534202,3.571428571428571,False
minimal_corrected,FluA,4,2025-09-28,6.5015479876161,4.9326775722412,6.042296072507553,0.0,False
minimal_corrected,FluA,4,2025-10-05,9.019607843137257,14.464945487535584,6.5015479876161,,False
minimal_corrected,FluA,4,2025-10-12,5.016722408026756,9.507538908890384,9.019607843137257,0.0,False
minimal_corrected,FluA,4,2025-10-19,10.574018126888216,6.625559406050311,5.016722408026756,0.0,False
minimal_corrected,FluA,4,2025-10-26,11.343283582089551,9.519445061495404,10.574018126888216,0.0,False
minimal_corrected,FluA,4,2025-11-02,16.31016042780749,18.78754433819789,11.343283582089551,1.7241379310344829,False
minimal_corrected,FluA,4,2025-11-09,17.404129793510325,16.127757286585314,16.31016042780749,0.0,False
minimal_corrected,FluA,4,2025-11-16,19.642857142857142,11.2813174546129,17.404129793510325,1.6129032258064515,False
minimal_corrected,FluB,0,2025-01-05,0.3215434083601286,0.2932692307692304,0.0,8.108108108108109,True
minimal_corrected,FluB,0,2025-01-12,0.0,0.2836556591528134,0.3215434083601286,7.926829268292683,True
minimal_corrected,FluB,0,2025-01-19,0.0,0.0691933949442783,0.0,7.246376811594203,True
minimal_corrected,FluB,0,2025-01-26,0.0,0.085132670239841,0.0,5.384615384615385,True
minimal_corrected,FluB,0,2025-02-02,0.4385964912280701,0.0398307126044312,0.0,6.097560975609756,True
minimal_corrected,FluB,0,2025-02-09,0.0,0.2909811637541185,0.4385964912280701,3.225806451612903,True
minimal_corrected,FluB,0,2025-02-16,0.0,0.0584804818080893,0.0,11.76470588235294,True
minimal_corrected,FluB,0,2025-02-23,0.2044989775051125,0.0192307692307692,0.0,6.796116504854369,True
minimal_corrected,FluB,0,2025-03-02,0.234192037470726,0.1485743288050796,0.2044989775051125,8.49056603773585,True
minimal_corrected,FluB,0,2025-03-09,0.2331002331002331,0.0771711413608426,0.234192037470726,3.007518796992481,True
minimal_corrected,FluB,0,2025-03-16,0.0,0.1022450132391572,0.2331002331002331,2.8169014084507045,True
minimal_corrected,FluB,0,2025-03-23,0.6224066390041494,0.066746365925393,0.0,2.684563758389262,True
minimal_corrected,FluB,0,2025-03-30,0.0,0.219147972625551,0.6224066390041494,1.11731843575419,True
minimal_corrected,FluB,0,2025-04-06,0.2409638554216867,0.0675908308417142,0.0,0.8695652173913043,True
minimal_corrected,FluB,0,2025-04-13,0.199203187250996,0.1139080979901842,0.2409638554216867,0.9174311926605504,True
minimal_corrected,FluB,0,2025-04-20,0.199203187250996,0.2281027855381652,0.199203187250996,0.7142857142857143,True
minimal_corrected,FluB,0,2025-04-27,0.6085192697768762,0.3524131765177063,0.199203187250996,0.5813953488372093,True
minimal_corrected,FluB,0,2025-05-04,0.8928571428571428,0.3953393241514634,0.6085192697768762,0.0,True
minimal_corrected,FluB,0,2025-05-11,0.24330900243309,0.766613227976532,0.8928571428571428,1.1976047904191618,True
minimal_corrected,FluB,0,2025-05-18,0.217391304347826,0.2082355031631479,0.24330900243309,0.0,True
minimal_corrected,FluB,0,2025-05-25,0.0,0.1226006407887814,0.217391304347826,0.7575757575757576,True
minimal_corrected,FluB,0,2025-06-01,1.0810810810810811,0.0834964354277561,0.0,0.0,True
minimal_corrected,FluB,0,2025-06-08,1.3605442176870748,0.7818611601383375,1.0810810810810811,0.0,True
minimal_corrected,FluB,0,2025-06-15,0.851063829787234,1.2910595711090027,1.3605442176870748,0.0,True
minimal_corrected,FluB,0,2025-06-22,1.7391304347826086,0.7377438723799705,0.851063829787234,0.0,True
minimal_corrected,FluB,0,2025-06-29,0.449438202247191,2.773302219683897,1.7391304347826086,0.0,True
minimal_corrected,FluB,0,2025-07-06,1.4563106796116505,0.2714664919969784,0.449438202247191,1.020408163265306,True
minimal_corrected,FluB,0,2025-07-13,1.497005988023952,1.2359044687002672,1.4563106796116505,1.2048192771084338,True
minimal_corrected,FluB,0,2025-07-20,0.9036144578313252,1.333841052853841,1.497005988023952,0.0,True
minimal_corrected,FluB,0,2025-07-27,0.2747252747252747,0.7928996952811389,0.9036144578313252,0.0,True
minimal_corrected,FluB,0,2025-08-03,0.3164556962025316,0.1072825391897028,0.2747252747252747,0.0,True
minimal_corrected,FluB,0,2025-08-10,1.5974440894568689,0.1558132324304597,0.3164556962025316,0.0,True
minimal_corrected,FluB,0,2025-08-17,1.3745704467353952,2.342089208273859,1.5974440894568689,0.0,True
minimal_corrected,FluB,0,2025-08-24,2.142857142857143,1.3457797806109366,1.3745704467353952,0.0,True
minimal_corrected,FluB,0,2025-08-31,1.6722408026755853,2.8469292727951507,2.142857142857143,0.0,True
minimal_corrected,FluB,0,2025-09-07,3.985507246376811,3.6440229583885473,1.6722408026755853,0.0,True
minimal_corrected,FluB,0,2025-09-14,2.280130293159609,7.100555173043761,3.985507246376811,0.0,True
minimal_corrected,FluB,0,2025-09-21,3.625377643504532,2.9084972504971334,2.280130293159609,0.0,True
minimal_corrected,FluB,0,2025-09-28,4.024767801857585,7.366276806084613,3.625377643504532,0.0,True
minimal_corrected,FluB,0,2025-10-05,2.7450980392156863,7.531330421689509,4.024767801857585,,True
minimal_corrected,FluB,0,2025-10-12,2.0066889632107023,3.1832645382864206,2.7450980392156863,0.0,True
minimal_corrected,FluB,0,2025-10-19,1.2084592145015105,3.386207481057695,2.0066889632107023,0.0,True
minimal_corrected,FluB,1,2025-01-05,0.3215434083601286,0.2278811290615661,0.0,8.108108108108109,False
minimal_corrected,FluB,1,2025-01-12,0.0,0.1436192763717056,0.3215434083601286,7.926829268292683,False
minimal_corrected,FluB,1,2025-01-19,0.0,0.0856629990804302,0.0,7.246376811594203,False
minimal_corrected,FluB,1,2025-01-26,0.0,0.0543266029184527,0.0,5.384615384615385,False
minimal_corrected,FluB,1,2025-02-02,0.4385964912280701,0.0454761869089177,0.0,6.097560975609756,False
minimal_corrected,FluB,1,2025-02-09,0.0,0.1197610807551256,0.4385964912280701,3.225806451612903,False
minimal_corrected,FluB,1,2025-02-16,0.0,0.0692046176433396,0.0,11.76470588235294,False
minimal_corrected,FluB,1,2025-02-23,0.2044989775051125,0.0317720056268615,0.0,6.796116504854369,False
minimal_corrected,FluB,1,2025-03-02,0.234192037470726,0.1636724624362383,0.2044989775051125,8.49056603773585,False
minimal_corrected,FluB,1,2025-03-09,0.2331002331002331,0.0930906188364092,0.234192037470726,3.007518796992481,False
minimal_corrected,FluB,1,2025-03-16,0.0,0.2701173803888748,0.2331002331002331,2.8169014084507045,False
minimal_corrected,FluB,1,2025-03-23,0.6224066390041494,0.0920186849447262,0.0,2.684563758389262,False
minimal_corrected,FluB,1,2025-03-30,0.0,0.1790997986125098,0.6224066390041494,1.11731843575419,False
minimal_corrected,FluB,1,2025-04-06,0.2409638554216867,0.0230133016830264,0.0,0.8695652173913043,False
minimal_corrected,FluB,1,2025-04-13,0.199203187250996,0.046924087502557,0.2409638554216867,0.9174311926605504,False
minimal_corrected,FluB,1,2025-04-20,0.199203187250996,0.0412163484739304,0.199203187250996,0.7142857142857143,False
minimal_corrected,FluB,1,2025-04-27,0.6085192697768762,0.0647906423970616,0.199203187250996,0.5813953488372093,False
minimal_corrected,FluB,1,2025-05-04,0.8928571428571428,0.4051441162248538,0.6085192697768762,0.0,False
minimal_corrected,FluB,1,2025-05-11,0.24330900243309,0.7287246388253955,0.8928571428571428,1.1976047904191618,False
minimal_corrected,FluB,1,2025-05-18,0.217391304347826,0.13637336126278,0.24330900243309,0.0,False
minimal_corrected,FluB,1,2025-05-25,0.0,0.2197216327460535,0.217391304347826,0.7575757575757576,False
minimal_corrected,FluB,1,2025-06-01,1.0810810810810811,0.1698286666965002,0.0,0.0,False
minimal_corrected,FluB,1,2025-06-08,1.3605442176870748,0.6087959153442719,1.0810810810810811,0.0,False
minimal_corrected,FluB,1,2025-06-15,0.851063829787234,1.6114159996738644,1.3605442176870748,0.0,False
minimal_corrected,FluB,1,2025-06-22,1.7391304347826086,0.8788529086220556,0.851063829787234,0.0,False
minimal_corrected,FluB,1,2025-06-29,0.449438202247191,3.31506192500199,1.7391304347826086,0.0,False
minimal_corrected,FluB,1,2025-07-06,1.4563106796116505,0.1498785650613343,0.449438202247191,1.020408163265306,False
minimal_corrected,FluB,1,2025-07-13,1.497005988023952,1.831860707510016,1.4563106796116505,1.2048192771084338,False
minimal_corrected,FluB,1,2025-07-20,0.9036144578313252,1.813182336014428,1.497005988023952,0.0,False
minimal_corrected,FluB,1,2025-07-27,0.2747252747252747,0.8881107619924035,0.9036144578313252,0.0,False
minimal_corrected,FluB,1,2025-08-03,0.3164556962025316,0.0863612188716061,0.2747252747252747,0.0,False
minimal_corrected,FluB,1,2025-08-10,1.5974440894568689,0.0787580185394068,0.3164556962025316,0.0,False
minimal_corrected,FluB,1,2025-08-17,1.3745704467353952,2.493633216899405,1.5974440894568689,0.0,False
minimal_corrected,FluB,1,2025-08-24,2.142857142857143,1.6699885152981917,1.3745704467353952,0.0,False
minimal_corrected,FluB,1,2025-08-31,1.6722408026755853,3.408220558885564,2.142857142857143,0.0,False
minimal_corrected,FluB,1,2025-09-07,3.985507246376811,3.4802144516330653,1.6722408026755853,0.0,False
minimal_corrected,FluB,1,2025-09-14,2.280130293159609,5.880801552533281,3.985507246376811,0.0,False
minimal_corrected,FluB,1,2025-09-21,3.625377643504532,3.770373116303904,2.280130293159609,0.0,False
minimal_corrected,FluB,1,2025-09-28,4.024767801857585,7.056813318798333,3.625377643504532,0.0,False
minimal_corrected,FluB,1,2025-10-05,2.7450980392156863,6.755269159835228,4.024767801857585,,False
minimal_corrected,FluB,1,2025-10-12,2.0066889632107023,3.824427378079124,2.7450980392156863,0.0,False
minimal_corrected,FluB,1,2025-10-19,1.2084592145015105,4.066752600824091,2.0066889632107023,0.0,False
minimal_corrected,FluB,1,2025-10-26,1.4925373134328357,0.6264963316789491,1.2084592145015105,0.0,False
minimal_corrected,FluB,2,2025-01-05,0.3215434083601286,0.0,0.0,8.108108108108109,False
minimal_corrected,FluB,2,2025-01-12,0.0,0.0,0.3215434083601286,7.926829268292683,False
minimal_corrected,FluB,2,2025-01-19,0.0,0.2699968816152565,0.0,7.246376811594203,False
minimal_corrected,FluB,2,2025-01-26,0.0,0.1194424841213831,0.0,5.384615384615385,False
minimal_corrected,FluB,2,2025-02-02,0.4385964912280701,0.0534580098800282,0.0,6.097560975609756,False
minimal_corrected,FluB,2,2025-02-09,0.0,0.0566631380851564,0.4385964912280701,3.225806451612903,False
minimal_corrected,FluB,2,2025-02-16,0.0,0.3187784619439437,0.0,11.76470588235294,False
minimal_corrected,FluB,2,2025-02-23,0.2044989775051125,0.0410804508356004,0.0,6.796116504854369,False
minimal_corrected,FluB,2,2025-03-02,0.234192037470726,0.0,0.2044989775051125,8.49056603773585,False
minimal_corrected,FluB,2,2025-03-09,0.2331002331002331,0.0537651573575874,0.234192037470726,3.007518796992481,False
minimal_corrected,FluB,2,2025-03-16,0.0,0.0879137996153158,0.2331002331002331,2.8169014084507045,False
minimal_corrected,FluB,2,2025-03-23,0.6224066390041494,0.069413417781312,0.0,2.684563758389262,False
minimal_corrected,FluB,2,2025-03-30,0.0,0.0,0.6224066390041494,1.11731843575419,False
minimal_corrected,FluB,2,2025-04-06,0.2409638554216867,0.4943221878565103,0.0,0.8695652173913043,False
minimal_corrected,FluB,2,2025-04-13,0.199203187250996,0.1160903316866619,0.2409638554216867,0.9174311926605504,False
minimal_corrected,FluB,2,2025-04-20,0.199203187250996,0.1506010417430293,0.199203187250996,0.7142857142857143,False
minimal_corrected,FluB,2,2025-04-27,0.6085192697768762,0.1393215769938206,0.199203187250996,0.5813953488372093,False
minimal_corrected,FluB,2,2025-05-04,0.8928571428571428,0.2136936278001777,0.6085192697768762,0.0,False
minimal_corrected,FluB,2,2025-05-11,0.24330900243309,0.6408654583995116,0.8928571428571428,1.1976047904191618,False
minimal_corrected,FluB,2,2025-05-18,0.217391304347826,0.7603290307159878,0.24330900243309,0.0,False
minimal_corrected,FluB,2,2025-05-25,0.0,0.1942757733906215,0.217391304347826,0.7575757575757576,False
minimal_corrected,FluB,2,2025-06-01,1.0810810810810811,0.1740054207376152,0.0,0.0,False
minimal_corrected,FluB,2,2025-06-08,1.3605442176870748,0.0,1.0810810810810811,0.0,False
minimal_corrected,FluB,2,2025-06-15,0.851063829787234,0.8286062790491385,1.3605442176870748,0.0,False
minimal_corrected,FluB,2,2025-06-22,1.7391304347826086,3.204014313655466,0.851063829787234,0.0,False
minimal_corrected,FluB,2,2025-06-29,0.449438202247191,0.7152938428962119,1.7391304347826086,0.0,False
minimal_corrected,FluB,2,2025-07-06,1.4563106796116505,3.768471931268508,0.449438202247191,1.020408163265306,False
minimal_corrected,FluB,2,2025-07-13,1.497005988023952,0.2462221117267548,1.4563106796116505,1.2048192771084338,False
minimal_corrected,FluB,2,2025-07-20,0.9036144578313252,3.6036830368942505,1.497005988023952,0.0,False
minimal_corrected,FluB,2,2025-07-27,0.2747252747252747,3.5813887318341893,0.9036144578313252,0.0,False
minimal_corrected,FluB,2,2025-08-03,0.3164556962025316,0.8640894977164811,0.2747252747252747,0.0,False
minimal_corrected,FluB,2,2025-08-10,1.5974440894568689,0.0831540812565994,0.3164556962025316,0.0,False
minimal_corrected,FluB,2,2025-08-17,1.3745704467353952,0.1787212292716434,1.5974440894568689,0.0,False
minimal_corrected,FluB,2,2025-08-24,2.142857142857143,3.932658834937096,1.3745704467353952,0.0,False
minimal_corrected,FluB,2,2025-08-31,1.6722408026755853,3.95087431590394,2.142857142857143,0.0,False
minimal_corrected,FluB,2,2025-09-07,3.985507246376811,3.821039626752676,1.6722408026755853,0.0,False
minimal_corrected,FluB,2,2025-09-14,2.280130293159609,3.765663310382852,3.985507246376811,0.0,False
minimal_corrected,FluB,2,2025-09-21,3.625377643504532,7.118931303857088,2.280130293159609,0.0,False
minimal_corrected,FluB,2,2025-09-28,4.024767801857585,3.7817502281850346,3.625377643504532,0.0,False
minimal_corrected,FluB,2,2025-10-05,2.7450980392156863,6.567468231461339,4.024767801857585,,False
minimal_corrected,FluB,2,2025-10-12,2.0066889632107023,5.048425055653814,2.7450980392156863,0.0,False
minimal_corrected,FluB,2,2025-10-19,1.2084592145015105,4.223097875544083,2.0066889632107023,0.0,False
minimal_corrected,FluB,2,2025-10-26,1.4925373134328357,4.125637716175544,1.2084592145015105,0.0,False
minimal_corrected,FluB,2,2025-11-02,2.406417112299465,1.68032369632687,1.4925373134328357,0.0,False
minimal_corrected,FluB,3,2025-01-05,0.3215434083601286,0.0,0.0,8.108108108108109,False
minimal_corrected,FluB,3,2025-01-12,0.0,0.0174908424908424,0.3215434083601286,7.926829268292683,False
minimal_corrected,FluB,3,2025-01-19,0.0,0.0,0.0,7.246376811594203,False
minimal_corrected,FluB,3,2025-01-26,0.0,0.0752065083119952,0.0,5.384615384615385,False
minimal_corrected,FluB,3,2025-02-02,0.4385964912280701,0.0032051282051282,0.0,6.097560975609756,False
minimal_corrected,FluB,3,2025-02-09,0.0,0.032051282051282,0.4385964912280701,3.225806451612903,False
minimal_corrected,FluB,3,2025-02-16,0.0,0.0,0.0,11.76470588235294,False
minimal_corrected,FluB,3,2025-02-23,0.2044989775051125,0.2159744075635145,0.0,6.796116504854369,False
minimal_corrected,FluB,3,2025-03-02,0.234192037470726,0.0160857908847185,0.2044989775051125,8.49056603773585,False
minimal_corrected,FluB,3,2025-03-09,0.2331002331002331,0.0032051282051282,0.234192037470726,3.007518796992481,False
minimal_corrected,FluB,3,2025-03-16,0.0,0.0446036249568183,0.2331002331002331,2.8169014084507045,False
minimal_corrected,FluB,3,2025-03-23,0.6224066390041494,0.0909752675013648,0.0,2.684563758389262,False
minimal_corrected,FluB,3,2025-03-30,0.0,0.0446036249568183,0.6224066390041494,1.11731843575419,False
minimal_corrected,FluB,3,2025-04-06,0.2409638554216867,0.071395610646807,0.0,0.8695652173913043,False
minimal_corrected,FluB,3,2025-04-13,0.199203187250996,0.3251291172505928,0.2409638554216867,0.9174311926605504,False
minimal_corrected,FluB,3,2025-04-20,0.199203187250996,0.0,0.199203187250996,0.7142857142857143,False
minimal_corrected,FluB,3,2025-04-27,0.6085192697768762,0.0431994537771829,0.199203187250996,0.5813953488372093,False
minimal_corrected,FluB,3,2025-05-04,0.8928571428571428,0.0370253111015235,0.6085192697768762,0.0,False
minimal_corrected,FluB,3,2025-05-11,0.24330900243309,0.041858501862858,0.8928571428571428,1.1976047904191618,False
minimal_corrected,FluB,3,2025-05-18,0.217391304347826,0.4369864964603347,0.24330900243309,0.0,False
minimal_corrected,FluB,3,2025-05-25,0.0,0.5721777241929411,0.217391304347826,0.7575757575757576,False
minimal_corrected,FluB,3,2025-06-01,1.0810810810810811,0.2369709765536458,0.0,0.0,False
minimal_corrected,FluB,3,2025-06-08,1.3605442176870748,0.0415704387990762,1.0810810810810811,0.0,False
minimal_corrected,FluB,3,2025-06-15,0.851063829787234,0.1248075386434004,1.3605442176870748,0.0,False
minimal_corrected,FluB,3,2025-06-22,1.7391304347826086,0.8707123597930798,0.851063829787234,0.0,False
minimal_corrected,FluB,3,2025-06-29,0.449438202247191,2.074179687133692,1.7391304347826086,0.0,False
minimal_corrected,FluB,3,2025-07-06,1.4563106796116505,0.6562791303019858,0.449438202247191,1.020408163265306,False
minimal_corrected,FluB,3,2025-07-13,1.497005988023952,2.4745326546543835,1.4563106796116505,1.2048192771084338,False
minimal_corrected,FluB,3,2025-07-20,0.9036144578313252,0.237554506139334,1.497005988023952,0.0,False
minimal_corrected,FluB,3,2025-07-27,0.2747252747252747,2.6372382406680246,0.9036144578313252,0.0,False
minimal_corrected,FluB,3,2025-08-03,0.3164556962025316,1.5490149295135835,0.2747252747252747,0.0,False
minimal_corrected,FluB,3,2025-08-10,1.5974440894568689,0.6866798183469603,0.3164556962025316,0.0,False
minimal_corrected,FluB,3,2025-08-17,1.3745704467353952,0.1798997810178617,1.5974440894568689,0.0,False
minimal_corrected,FluB,3,2025-08-24,2.142857142857143,0.4491374026649328,1.3745704467353952,0.0,False
minimal_corrected,FluB,3,2025-08-31,1.6722408026755853,2.56549201256093,2.142857142857143,0.0,False
minimal_corrected,FluB,3,2025-09-07,3.985507246376811,3.1304271841601623,1.6722408026755853,0.0,False
minimal_corrected,FluB,3,2025-09-14,2.280130293159609,2.236206719902769,3.985507246376811,0.0,False
minimal_corrected,FluB,3,2025-09-21,3.625377643504532,2.2007793889686487,2.280130293159609,0.0,False
minimal_corrected,FluB,3,2025-09-28,4.024767801857585,7.000250482593909,3.625377643504532,0.0,False
minimal_corrected,FluB,3,2025-10-05,2.7450980392156863,2.0178131736456013,4.024767801857585,,False
minimal_corrected,FluB,3,2025-10-12,2.0066889632107023,7.3959153383405,2.7450980392156863,0.0,False
minimal_corrected,FluB,3,2025-10-19,1.2084592145015105,7.987735344022274,2.0066889632107023,0.0,False
minimal_corrected,FluB,3,2025-10-26,1.4925373134328357,2.809681624082254,1.2084592145015105,0.0,False
minimal_corrected,FluB,3,2025-11-02,2.406417112299465,3.261393521001432,1.4925373134328357,0.0,False
minimal_corrected,FluB,3,2025-11-09,0.8849557522123894,2.0797697643351767,2.406417112299465,0.0,False
minimal_corrected,FluB,4,2025-01-05,0.3215434083601286,0.0117537561494482,0.0,8.108108108108109,False
minimal_corrected,FluB,4,2025-01-12,0.0,0.0132621856081882,0.3215434083601286,7.926829268292683,False
minimal_corrected,FluB,4,2025-01-19,0.0,0.0247588802634674,0.0,7.246376811594203,False
minimal_corrected,FluB,4,2025-01-26,0.0,0.0241331962811819,0.0,5.384615384615385,False
minimal_corrected,FluB,4,2025-02-02,0.4385964912280701,0.1828591234357289,0.0,6.097560975609756,False
minimal_corrected,FluB,4,2025-02-09,0.0,0.1589331921900729,0.4385964912280701,3.225806451612903,False
minimal_corrected,FluB,4,2025-02-16,0.0,0.2595946028914364,0.0,11.76470588235294,False
minimal_corrected,FluB,4,2025-02-23,0.2044989775051125,0.2957037536794864,0.0,6.796116504854369,False
minimal_corrected,FluB,4,2025-03-02,0.234192037470726,0.1614386802587191,0.2044989775051125,8.49056603773585,False
minimal_corrected,FluB,4,2025-03-09,0.2331002331002331,0.0030581039755351,0.234192037470726,3.007518796992481,False
minimal_corrected,FluB,4,2025-03-16,0.0,0.0720736961706979,0.2331002331002331,2.8169014084507045,False
minimal_corrected,FluB,4,2025-03-23,0.6224066390041494,0.0833486007427217,0.0,2.684563758389262,False
minimal_corrected,FluB,4,2025-03-30,0.0,0.1991090800790201,0.6224066390041494,1.11731843575419,False
minimal_corrected,FluB,4,2025-04-06,0.2409638554216867,0.0888184464650219,0.0,0.8695652173913043,False
minimal_corrected,FluB,4,2025-04-13,0.199203187250996,0.0495040212806968,0.2409638554216867,0.9174311926605504,False
minimal_corrected,FluB,4,2025-04-20,0.199203187250996,0.670990045681259,0.199203187250996,0.7142857142857143,False
minimal_corrected,FluB,4,2025-04-27,0.6085192697768762,0.063762698790435,0.199203187250996,0.5813953488372093,False
minimal_corrected,FluB,4,2025-05-04,0.8928571428571428,0.3609796570612357,0.6085192697768762,0.0,False
minimal_corrected,FluB,4,2025-05-11,0.24330900243309,0.370587149318145,0.8928571428571428,1.1976047904191618,False
minimal_corrected,FluB,4,2025-05-18,0.217391304347826,0.1302233156574778,0.24330900243309,0.0,False
minimal_corrected,FluB,4,2025-05-25,0.0,0.3288101333591636,0.217391304347826,0.7575757575757576,False
minimal_corrected,FluB,4,2025-06-01,1.0810810810810811,1.010462754666183,0.0,0.0,False
minimal_corrected,FluB,4,2025-06-08,1.3605442176870748,0.1473005467242182,1.0810810810810811,0.0,False
minimal_corrected,FluB,4,2025-06-15,0.851063829787234,0.1354069596670173,1.3605442176870748,0.0,False
minimal_corrected,FluB,4,2025-06-22,1.7391304347826086,0.1036943822917034,0.851063829787234,0.0,False
minimal_corrected,FluB,4,2025-06-29,0.449438202247191,1.129462636065898,1.7391304347826086,0.0,False
minimal_corrected,FluB,4,2025-07-06,1.4563106796116505,2.2894604662499414,0.449438202247191,1.020408163265306,False
minimal_corrected,FluB,4,2025-07-13,1.497005988023952,0.5930455519549576,1.4563106796116505,1.2048192771084338,False
minimal_corrected,FluB,4,2025-07-20,0.9036144578313252,2.576365661924303,1.497005988023952,0.0,False
minimal_corrected,FluB,4,2025-07-27,0.2747252747252747,0.2632292640298844,0.9036144578313252,0.0,False
minimal_corrected,FluB,4,2025-08-03,0.3164556962025316,2.679870230657152,0.2747252747252747,0.0,False
minimal_corrected,FluB,4,2025-08-10,1.5974440894568689,2.529273203121161,0.3164556962025316,0.0,False
minimal_corrected,FluB,4,2025-08-17,1.3745704467353952,0.962361237792431,1.5974440894568689,0.0,False
minimal_corrected,FluB,4,2025-08-24,2.142857142857143,0.0990285794358522,1.3745704467353952,0.0,False
minimal_corrected,FluB,4,2025-08-31,1.6722408026755853,0.3221995646377169,2.142857142857143,0.0,False
minimal_corrected,FluB,4,2025-09-07,3.985507246376811,3.0660404272975126,1.6722408026755853,0.0,False
minimal_corrected,FluB,4,2025-09-14,2.280130293159609,3.3722707675206243,3.985507246376811,0.0,False
minimal_corrected,FluB,4,2025-09-21,3.625377643504532,3.929040418301401,2.280130293159609,0.0,False
minimal_corrected,FluB,4,2025-09-28,4.024767801857585,4.016175264646103,3.625377643504532,0.0,False
minimal_corrected,FluB,4,2025-10-05,2.7450980392156863,8.001488544231716,4.024767801857585,,False
minimal_corrected,FluB,4,2025-10-12,2.0066889632107023,3.937823587794219,2.7450980392156863,0.0,False
minimal_corrected,FluB,4,2025-10-19,1.2084592145015105,5.551441402005721,2.0066889632107023,0.0,False
minimal_corrected,FluB,4,2025-10-26,1.4925373134328357,7.733018076711403,1.2084592145015105,0.0,False
minimal_corrected,FluB,4,2025-11-02,2.406417112299465,4.91169213780043,1.4925373134328357,0.0,False
minimal_corrected,FluB,4,2025-11-09,0.8849557522123894,5.26180347945325,2.406417112299465,0.0,False
minimal_corrected,FluB,4,2025-11-16,0.8928571428571428,3.976073450888468,0.8849557522123894,0.0,False
minimal_corrected,RSV,0,2025-01-05,2.5806451612903225,0.4693805648511812,0.0,0.0,False
minimal_corrected,RSV,0,2025-01-12,1.2345679012345678,1.684458142505478,2.5806451612903225,0.0,False
minimal_corrected,RSV,0,2025-01-19,1.015228426395939,0.3620255630822994,1.2345679012345678,0.0,False
minimal_corrected,RSV,0,2025-01-26,0.8347245409015025,0.9528671887446504,1.015228426395939,0.0,False
minimal_corrected,RSV,0,2025-02-02,0.4385964912280701,1.054227203754518,0.8347245409015025,1.2195121951219512,False
minimal_corrected,RSV,0,2025-02-09,1.351351351351351,1.1000485578735788,0.4385964912280701,0.0,False
minimal_corrected,RSV,0,2025-02-16,1.7341040462427744,1.421309890454722,1.351351351351351,1.96078431372549,False
minimal_corrected,RSV,0,2025-02-23,0.4140786749482402,0.839387370575338,1.7341040462427744,0.0,False
minimal_corrected,RSV,0,2025-03-02,2.3529411764705883,1.3475837194154603,0.4140786749482402,2.830188679245284,False
minimal_corrected,RSV,0,2025-03-09,1.873536299765808,1.3589672197696712,2.3529411764705883,1.5037593984962403,False
minimal_corrected,RSV,0,2025-03-16,6.021505376344086,1.6595986660323891,1.873536299765808,4.929577464788732,False
minimal_corrected,RSV,0,2025-03-23,3.7422037422037424,2.846067821760676,6.021505376344086,1.342281879194631,False
minimal_corrected,RSV,0,2025-03-30,2.990654205607477,2.475720897954248,3.7422037422037424,1.675977653631285,False
minimal_corrected,RSV,0,2025-04-06,2.6506024096385543,1.709403105002014,2.990654205607477,1.7391304347826086,False
minimal_corrected,RSV,0,2025-04-13,3.386454183266932,2.197751699304185,2.6506024096385543,0.9174311926605504,False
minimal_corrected,RSV,0,2025-04-20,3.992015968063872,3.2668645822620515,3.386454183266932,0.0,False
minimal_corrected,RSV,0,2025-04-27,4.048582995951417,2.821463065977697,3.992015968063872,2.9585798816568047,False
minimal_corrected,RSV,0,2025-05-04,5.654761904761905,3.010498895184504,4.048582995951417,3.0303030303030303,False
minimal_corrected,RSV,0,2025-05-11,5.35279805352798,3.312356656365669,5.654761904761905,1.2121212121212122,False
minimal_corrected,RSV,0,2025-05-18,4.130434782608695,3.80388702566757,5.35279805352798,1.6129032258064515,False
minimal_corrected,RSV,0,2025-05-25,3.0476190476190474,3.374620962875382,4.130434782608695,3.10077519379845,False
minimal_corrected,RSV,0,2025-06-01,7.789855072463768,1.6323353585310831,3.0476190476190474,0.0,False
minimal_corrected,RSV,0,2025-06-08,4.794520547945205,5.016611930073704,7.789855072463768,0.0,False
minimal_corrected,RSV,0,2025-06-15,7.478632478632479,2.840237609992378,4.794520547945205,0.0,False
minimal_corrected,RSV,0,2025-06-22,9.251101321585905,4.165468944686674,7.478632478632479,2.564102564102564,False
minimal_corrected,RSV,0,2025-06-29,14.864864864864863,12.849290123549258,9.251101321585905,1.6260162601626018,False
minimal_corrected,RSV,0,2025-07-06,19.1747572815534,15.583002574761364,14.864864864864863,3.191489361702128,False
minimal_corrected,RSV,0,2025-07-13,21.856287425149706,18.60826005258897,19.1747572815534,9.75609756097561,False
minimal_corrected,RSV,0,2025-07-20,23.35329341317365,17.04317479370033,21.856287425149706,6.796116504854369,False
minimal_corrected,RSV,0,2025-07-27,18.732782369146005,17.00718132957693,23.35329341317365,5.88235294117647,False
minimal_corrected,RSV,0,2025-08-03,22.15189873417721,15.953394875990885,18.732782369146005,5.0,False
minimal_corrected,RSV,0,2025-08-10,18.53035143769968,15.724075055084556,22.15189873417721,2.8169014084507045,False
minimal_corrected,RSV,0,2025-08-17,21.993127147766323,16.03148091848753,18.53035143769968,0.0,False
minimal_corrected,RSV,0,2025-08-24,19.9288256227758,15.78804585152845,21.993127147766323,3.7735849056603774,False
minimal_corrected,RSV,0,2025-08-31,13.043478260869565,15.582958222078478,19.9288256227758,3.278688524590164,False
minimal_corrected,RSV,0,2025-09-07,18.47826086956521,13.074325892898107,13.043478260869565,4.6875,False
minimal_corrected,RSV,0,2025-09-14,18.24104234527688,15.837074863169075,18.47826086956521,1.4705882352941175,False
minimal_corrected,RSV,0,2025-09-21,22.9607250755287,15.377058497676783,18.24104234527688,0.0,False
minimal_corrected,RSV,0,2025-09-28,22.67080745341615,15.965999381444146,22.9607250755287,4.285714285714286,False
minimal_corrected,RSV,0,2025-10-05,22.35294117647059,15.170056962419252,22.67080745341615,,False
minimal_corrected,RSV,0,2025-10-12,26.755852842809364,14.749357237811225,22.35294117647059,3.4482758620689653,False
minimal_corrected,RSV,0,2025-10-19,19.879518072289155,15.529083683432155,26.755852842809364,4.25531914893617,False
minimal_corrected,RSV,1,2025-01-05,2.5806451612903225,0.855593583701496,0.0,0.0,False
minimal_corrected,RSV,1,2025-01-12,1.2345679012345678,2.1438596482805683,2.5806451612903225,0.0,False
minimal_corrected,RSV,1,2025-01-19,1.015228426395939,0.7821055635006574,1.2345679012345678,0.0,False
minimal_corrected,RSV,1,2025-01-26,0.8347245409015025,0.5332553065185488,1.015228426395939,0.0,False
minimal_corrected,RSV,1,2025-02-02,0.4385964912280701,0.8931686139955137,0.8347245409015025,1.2195121951219512,False
minimal_corrected,RSV,1,2025-02-09,1.351351351351351,0.8335326382483772,0.4385964912280701,0.0,False
minimal_corrected,RSV,1,2025-02-16,1.7341040462427744,1.723602762573357,1.351351351351351,1.96078431372549,False
minimal_corrected,RSV,1,2025-02-23,0.4140786749482402,1.467857578805457,1.7341040462427744,0.0,False
minimal_corrected,RSV,1,2025-03-02,2.3529411764705883,0.9630439909212756,0.4140786749482402,2.830188679245284,False
minimal_corrected,RSV,1,2025-03-09,1.873536299765808,1.9918824316895527,2.3529411764705883,1.5037593984962403,False
minimal_corrected,RSV,1,2025-03-16,6.021505376344086,1.4953963750718295,1.873536299765808,4.929577464788732,False
minimal_corrected,RSV,1,2025-03-23,3.7422037422037424,4.143314317643736,6.021505376344086,1.342281879194631,False
minimal_corrected,RSV,1,2025-03-30,2.990654205607477,3.4824154479453053,3.7422037422037424,1.675977653631285,False
minimal_corrected,RSV,1,2025-04-06,2.6506024096385543,2.184757244843937,2.990654205607477,1.7391304347826086,False
minimal_corrected,RSV,1,2025-04-13,3.386454183266932,2.102403344969894,2.6506024096385543,0.9174311926605504,False
minimal_corrected,RSV,1,2025-04-20,3.992015968063872,3.868311139165198,3.386454183266932,0.0,False
minimal_corrected,RSV,1,2025-04-27,4.048582995951417,4.108970496528812,3.992015968063872,2.9585798816568047,False
minimal_corrected,RSV,1,2025-05-04,5.654761904761905,3.037809917453582,4.048582995951417,3.0303030303030303,False
minimal_corrected,RSV,1,2025-05-11,5.35279805352798,4.284645949558304,5.654761904761905,1.2121212121212122,False
minimal_corrected,RSV,1,2025-05-18,4.130434782608695,4.261092394579694,5.35279805352798,1.6129032258064515,False
minimal_corrected,RSV,1,2025-05-25,3.0476190476190474,3.518713309758289,4.130434782608695,3.10077519379845,False
minimal_corrected,RSV,1,2025-06-01,7.789855072463768,2.3095783926887545,3.0476190476190474,0.0,False
minimal_corrected,RSV,1,2025-06-08,4.794520547945205,5.082068354233315,7.789855072463768,0.0,False
minimal_corrected,RSV,1,2025-06-15,7.478632478632479,3.5422079410044027,4.794520547945205,0.0,False
minimal_corrected,RSV,1,2025-06-22,9.251101321585905,5.4496717086002615,7.478632478632479,2.564102564102564,False
minimal_corrected,RSV,1,2025-06-29,14.864864864864863,14.439217563622062,9.251101321585905,1.6260162601626018,False
minimal_corrected,RSV,1,2025-07-06,19.1747572815534,14.83488748211612,14.864864864864863,3.191489361702128,False
minimal_corrected,RSV,1,2025-07-13,21.856287425149706,17.0228880715035,19.1747572815534,9.75609756097561,False
minimal_corrected,RSV,1,2025-07-20,23.35329341317365,17.24241706170108,21.856287425149706,6.796116504854369,False
minimal_corrected,RSV,1,2025-07-27,18.732782369146005,16.492542291849045,23.35329341317365,5.88235294117647,False
minimal_corrected,RSV,1,2025-08-03,22.15189873417721,15.79428826861476,18.732782369146005,5.0,False
minimal_corrected,RSV,1,2025-08-10,18.53035143769968,15.7778686648126,22.15189873417721,2.8169014084507045,False
minimal_corrected,RSV,1,2025-08-17,21.993127147766323,15.695908604328928,18.53035143769968,0.0,False
minimal_corrected,RSV,1,2025-08-24,19.9288256227758,15.219324751866305,21.993127147766323,3.7735849056603774,False
minimal_corrected,RSV,1,2025-08-31,13.043478260869565,15.374256895090678,19.9288256227758,3.278688524590164,False
minimal_corrected,RSV,1,2025-09-07,18.47826086956521,12.530209159444237,13.043478260869565,4.6875,False
minimal_corrected,RSV,1,2025-09-14,18.24104234527688,15.259035908812198,18.47826086956521,1.4705882352941175,False
minimal_corrected,RSV,1,2025-09-21,22.9607250755287,14.888383277367822,18.24104234527688,0.0,False
minimal_corrected,RSV,1,2025-09-28,22.67080745341615,15.265826493180116,22.9607250755287,4.285714285714286,False
minimal_corrected,RSV,1,2025-10-05,22.35294117647059,15.1110056610342,22.67080745341615,,False
minimal_corrected,RSV,1,2025-10-12,26.755852842809364,14.942205743739663,22.35294117647059,3.4482758620689653,False
minimal_corrected,RSV,1,2025-10-19,19.879518072289155,14.47412305400544,26.755852842809364,4.25531914893617,False
minimal_corrected,RSV,1,2025-10-26,12.238805970149254,15.267774271723033,19.879518072289155,0.0,False
minimal_corrected,RSV,2,2025-01-05,2.5806451612903225,0.1594396465184072,0.0,0.0,True
minimal_corrected,RSV,2,2025-01-12,1.2345679012345678,0.1507045079414932,2.5806451612903225,0.0,True
minimal_corrected,RSV,2,2025-01-19,1.015228426395939,4.164656675311475,1.2345679012345678,0.0,True
minimal_corrected,RSV,2,2025-01-26,0.8347245409015025,0.8591451937131953,1.015228426395939,0.0,True
minimal_corrected,RSV,2,2025-02-02,0.4385964912280701,0.7741954012335394,0.8347245409015025,1.2195121951219512,True
minimal_corrected,RSV,2,2025-02-09,1.351351351351351,0.4378740049122874,0.4385964912280701,0.0,True
minimal_corrected,RSV,2,2025-02-16,1.7341040462427744,0.2428656286259008,1.351351351351351,1.96078431372549,True
minimal_corrected,RSV,2,2025-02-23,0.4140786749482402,0.6804897515214929,1.7341040462427744,0.0,True
minimal_corrected,RSV,2,2025-03-02,2.3529411764705883,2.3835348075312304,0.4140786749482402,2.830188679245284,True
minimal_corrected,RSV,2,2025-03-09,1.873536299765808,0.1391861814463837,2.3529411764705883,1.5037593984962403,True
minimal_corrected,RSV,2,2025-03-16,6.021505376344086,3.63280539459122,1.873536299765808,4.929577464788732,True
minimal_corrected,RSV,2,2025-03-23,3.7422037422037424,2.482924870417554,6.021505376344086,1.342281879194631,True
minimal_corrected,RSV,2,2025-03-30,2.990654205607477,2.6325384164502155,3.7422037422037424,1.675977653631285,True
minimal_corrected,RSV,2,2025-04-06,2.6506024096385543,3.906814918463239,2.990654205607477,1.7391304347826086,True
minimal_corrected,RSV,2,2025-04-13,3.386454183266932,3.2143394329150694,2.6506024096385543,0.9174311926605504,True
minimal_corrected,RSV,2,2025-04-20,3.992015968063872,3.991386041157954,3.386454183266932,0.0,True
minimal_corrected,RSV,2,2025-04-27,4.048582995951417,4.293591968169651,3.992015968063872,2.9585798816568047,True
minimal_corrected,RSV,2,2025-05-04,5.654761904761905,5.013894182587063,4.048582995951417,3.0303030303030303,True
minimal_corrected,RSV,2,2025-05-11,5.35279805352798,2.9150615878145527,5.654761904761905,1.2121212121212122,True
minimal_corrected,RSV,2,2025-05-18,4.130434782608695,4.932651248253084,5.35279805352798,1.6129032258064515,True
minimal_corrected,RSV,2,2025-05-25,3.0476190476190474,3.250262832502926,4.130434782608695,3.10077519379845,True
minimal_corrected,RSV,2,2025-06-01,7.789855072463768,4.070865899572731,3.0476190476190474,0.0,True
minimal_corrected,RSV,2,2025-06-08,4.794520547945205,3.044878050599166,7.789855072463768,0.0,True
minimal_corrected,RSV,2,2025-06-15,7.478632478632479,4.8391486861527415,4.794520547945205,0.0,True
minimal_corrected,RSV,2,2025-06-22,9.251101321585905,3.245969810865118,7.478632478632479,2.564102564102564,True
minimal_corrected,RSV,2,2025-06-29,14.864864864864863,3.861418778895613,9.251101321585905,1.6260162601626018,True
minimal_corrected,RSV,2,2025-07-06,19.1747572815534,12.318424046683129,14.864864864864863,3.191489361702128,True
minimal_corrected,RSV,2,2025-07-13,21.856287425149706,16.889375454412008,19.1747572815534,9.75609756097561,True
minimal_corrected,RSV,2,2025-07-20,23.35329341317365,17.03195143826635,21.856287425149706,6.796116504854369,True
minimal_corrected,RSV,2,2025-07-27,18.732782369146005,15.467046068256655,23.35329341317365,5.88235294117647,True
minimal_corrected,RSV,2,2025-08-03,22.15189873417721,14.449988724793656,18.732782369146005,5.0,True
minimal_corrected,RSV,2,2025-08-10,18.53035143769968,13.11934404182147,22.15189873417721,2.8169014084507045,True
minimal_corrected,RSV,2,2025-08-17,21.993127147766323,14.042568182722269,18.53035143769968,0.0,True
minimal_corrected,RSV,2,2025-08-24,19.9288256227758,13.490874987440836,21.993127147766323,3.7735849056603774,True
minimal_corrected,RSV,2,2025-08-31,13.043478260869565,12.424637499686048,19.9288256227758,3.278688524590164,True
minimal_corrected,RSV,2,2025-09-07,18.47826086956521,12.726080678770836,13.043478260869565,4.6875,True
minimal_corrected,RSV,2,2025-09-14,18.24104234527688,11.819879695889474,18.47826086956521,1.4705882352941175,True
minimal_corrected,RSV,2,2025-09-21,22.9607250755287,13.868883559269284,18.24104234527688,0.0,True
minimal_corrected,RSV,2,2025-09-28,22.67080745341615,13.229189439922514,22.9607250755287,4.285714285714286,True
minimal_corrected,RSV,2,2025-10-05,22.35294117647059,12.6066623732766,22.67080745341615,,True
minimal_corrected,RSV,2,2025-10-12,26.755852842809364,11.79531778752086,22.35294117647059,3.4482758620689653,True
minimal_corrected,RSV,2,2025-10-19,19.879518072289155,12.580210579360246,26.755852842809364,4.25531914893617,True
minimal_corrected,RSV,2,2025-10-26,12.238805970149254,12.738002032390446,19.879518072289155,0.0,True
minimal_corrected,RSV,2,2025-11-02,10.16042780748663,12.930177560815448,12.238805970149254,3.4482758620689653,True
minimal_corrected,RSV,3,2025-01-05,2.5806451612903225,0.2121787081939447,0.0,0.0,False
minimal_corrected,RSV,3,2025-01-12,1.2345679012345678,0.3359201811532065,2.5806451612903225,0.0,False
minimal_corrected,RSV,3,2025-01-19,1.015228426395939,0.2884062380708602,1.2345679012345678,0.0,False
minimal_corrected,RSV,3,2025-01-26,0.8347245409015025,5.234646945155314,1.015228426395939,0.0,False
minimal_corrected,RSV,3,2025-02-02,0.4385964912280701,0.8450430713191649,0.8347245409015025,1.2195121951219512,False
minimal_corrected,RSV,3,2025-02-09,1.351351351351351,1.0427360729292603,0.4385964912280701,0.0,False
minimal_corrected,RSV,3,2025-02-16,1.7341040462427744,1.2954441323704302,1.351351351351351,1.96078431372549,False
minimal_corrected,RSV,3,2025-02-23,0.4140786749482402,0.5685099020652035,1.7341040462427744,0.0,False
minimal_corrected,RSV,3,2025-03-02,2.3529411764705883,0.9298818479692846,0.4140786749482402,2.830188679245284,False
minimal_corrected,RSV,3,2025-03-09,1.873536299765808,2.064180540685957,2.3529411764705883,1.5037593984962403,False
minimal_corrected,RSV,3,2025-03-16,6.021505376344086,0.4235254792960313,1.873536299765808,4.929577464788732,False
minimal_corrected,RSV,3,2025-03-23,3.7422037422037424,4.39868292842804,6.021505376344086,1.342281879194631,False
minimal_corrected,RSV,3,2025-03-30,2.990654205607477,2.321573094533119,3.7422037422037424,1.675977653631285,False
minimal_corrected,RSV,3,2025-04-06,2.6506024096385543,3.690016060884669,2.990654205607477,1.7391304347826086,False
minimal_corrected,RSV,3,2025-04-13,3.386454183266932,4.443834023817329,2.6506024096385543,0.9174311926605504,False
minimal_corrected,RSV,3,2025-04-20,3.992015968063872,4.340414185542385,3.386454183266932,0.0,False
minimal_corrected,RSV,3,2025-04-27,4.048582995951417,6.126387836119492,3.992015968063872,2.9585798816568047,False
minimal_corrected,RSV,3,2025-05-04,5.654761904761905,5.470330017098802,4.048582995951417,3.0303030303030303,False
minimal_corrected,RSV,3,2025-05-11,5.35279805352798,6.265038111782891,5.654761904761905,1.2121212121212122,False
minimal_corrected,RSV,3,2025-05-18,4.130434782608695,3.762004547927321,5.35279805352798,1.6129032258064515,False
minimal_corrected,RSV,3,2025-05-25,3.0476190476190474,6.384245273531165,4.130434782608695,3.10077519379845,False
minimal_corrected,RSV,3,2025-06-01,7.789855072463768,5.416588531127448,3.0476190476190474,0.0,False
minimal_corrected,RSV,3,2025-06-08,4.794520547945205,6.01463806938262,7.789855072463768,0.0,False
minimal_corrected,RSV,3,2025-06-15,7.478632478632479,3.984549390443715,4.794520547945205,0.0,False
minimal_corrected,RSV,3,2025-06-22,9.251101321585905,5.332253099938957,7.478632478632479,2.564102564102564,False
minimal_corrected,RSV,3,2025-06-29,14.864864864864863,5.281957752439304,9.251101321585905,1.6260162601626018,False
minimal_corrected,RSV,3,2025-07-06,19.1747572815534,4.68483979791485,14.864864864864863,3.191489361702128,False
minimal_corrected,RSV,3,2025-07-13,21.856287425149706,14.18371922769089,19.1747572815534,9.75609756097561,False
minimal_corrected,RSV,3,2025-07-20,23.35329341317365,17.955661720219886,21.856287425149706,6.796116504854369,False
minimal_corrected,RSV,3,2025-07-27,18.732782369146005,16.540382586423593,23.35329341317365,5.88235294117647,False
minimal_corrected,RSV,3,2025-08-03,22.15189873417721,12.999062764120874,18.732782369146005,5.0,False
minimal_corrected,RSV,3,2025-08-10,18.53035143769968,12.7771921121173,22.15189873417721,2.8169014084507045,False
minimal_corrected,RSV,3,2025-08-17,21.993127147766323,11.82432633898052,18.53035143769968,0.0,False
minimal_corrected,RSV,3,2025-08-24,19.9288256227758,13.38049557280039,21.993127147766323,3.7735849056603774,False
minimal_corrected,RSV,3,2025-08-31,13.043478260869565,12.340809993285935,19.9288256227758,3.278688524590164,False
minimal_corrected,RSV,3,2025-09-07,18.47826086956521,11.51170254565413,13.043478260869565,4.6875,False
minimal_corrected,RSV,3,2025-09-14,18.24104234527688,12.146086130490444,18.47826086956521,1.4705882352941175,False
minimal_corrected,RSV,3,2025-09-21,22.9607250755287,11.70987840077848,18.24104234527688,0.0,False
minimal_corrected,RSV,3,2025-09-28,22.67080745341615,11.689881011028744,22.9607250755287,4.285714285714286,False
minimal_corrected,RSV,3,2025-10-05,22.35294117647059,9.845730574306105,22.67080745341615,,False
minimal_corrected,RSV,3,2025-10-12,26.755852842809364,9.801679301905326,22.35294117647059,3.4482758620689653,False
minimal_corrected,RSV,3,2025-10-19,19.879518072289155,9.693376220605622,26.755852842809364,4.25531914893617,False
minimal_corrected,RSV,3,2025-10-26,12.238805970149254,9.65462438036932,19.879518072289155,0.0,False
minimal_corrected,RSV,3,2025-11-02,10.16042780748663,10.17796956791355,12.238805970149254,3.4482758620689653,False
minimal_corrected,RSV,3,2025-11-09,6.489675516224189,9.79598794910533,10.16042780748663,0.0,False
minimal_corrected,RSV,4,2025-01-05,2.5806451612903225,0.3358637031387764,0.0,0.0,False
minimal_corrected,RSV,4,2025-01-12,1.2345679012345678,0.079397488644554,2.5806451612903225,0.0,False
minimal_corrected,RSV,4,2025-01-19,1.015228426395939,0.511010090288383,1.2345679012345678,0.0,False
minimal_corrected,RSV,4,2025-01-26,0.8347245409015025,0.3177098011972184,1.015228426395939,0.0,False
minimal_corrected,RSV,4,2025-02-02,0.4385964912280701,3.615847953767672,0.8347245409015025,1.2195121951219512,False
minimal_corrected,RSV,4,2025-02-09,1.351351351351351,0.8629537858240457,0.4385964912280701,0.0,False
minimal_corrected,RSV,4,2025-02-16,1.7341040462427744,0.8168146621936743,1.351351351351351,1.96078431372549,False
minimal_corrected,RSV,4,2025-02-23,0.4140786749482402,0.5646353184467281,1.7341040462427744,0.0,False
minimal_corrected,RSV,4,2025-03-02,2.3529411764705883,0.3805022554370968,0.4140786749482402,2.830188679245284,False
minimal_corrected,RSV,4,2025-03-09,1.873536299765808,0.374322515637732,2.3529411764705883,1.5037593984962403,False
minimal_corrected,RSV,4,2025-03-16,6.021505376344086,3.667555835820158,1.873536299765808,4.929577464788732,False
minimal_corrected,RSV,4,2025-03-23,3.7422037422037424,0.144757743121446,6.021505376344086,1.342281879194631,False
minimal_corrected,RSV,4,2025-03-30,2.990654205607477,4.2136696334268,3.7422037422037424,1.675977653631285,False
minimal_corrected,RSV,4,2025-04-06,2.6506024096385543,1.862523120727848,2.990654205607477,1.7391304347826086,False
minimal_corrected,RSV,4,2025-04-13,3.386454183266932,5.7884677363373225,2.6506024096385543,0.9174311926605504,False
minimal_corrected,RSV,4,2025-04-20,3.992015968063872,3.9008934065339647,3.386454183266932,0.0,False
minimal_corrected,RSV,4,2025-04-27,4.048582995951417,3.350192695318077,3.992015968063872,2.9585798816568047,False
minimal_corrected,RSV,4,2025-05-04,5.654761904761905,6.160829202320696,4.048582995951417,3.0303030303030303,False
minimal_corrected,RSV,4,2025-05-11,5.35279805352798,5.100051598951489,5.654761904761905,1.2121212121212122,False
minimal_corrected,RSV,4,2025-05-18,4.130434782608695,6.466752740008592,5.35279805352798,1.6129032258064515,False
minimal_corrected,RSV,4,2025-05-25,3.0476190476190474,5.316385660555183,4.130434782608695,3.10077519379845,False
minimal_corrected,RSV,4,2025-06-01,7.789855072463768,8.74061173257436,3.0476190476190474,0.0,False
minimal_corrected,RSV,4,2025-06-08,4.794520547945205,9.180041711149885,7.789855072463768,0.0,False
minimal_corrected,RSV,4,2025-06-15,7.478632478632479,8.702866105185688,4.794520547945205,0.0,False
minimal_corrected,RSV,4,2025-06-22,9.251101321585905,5.751228387938301,7.478632478632479,2.564102564102564,False
minimal_corrected,RSV,4,2025-06-29,14.864864864864863,7.319525984555003,9.251101321585905,1.6260162601626018,False
minimal_corrected,RSV,4,2025-07-06,19.1747572815534,8.162435300084304,14.864864864864863,3.191489361702128,False
minimal_corrected,RSV,4,2025-07-13,21.856287425149706,6.914481043625692,19.1747572815534,9.75609756097561,False
minimal_corrected,RSV,4,2025-07-20,23.35329341317365,11.47007977307359,21.856287425149706,6.796116504854369,False
minimal_corrected,RSV,4,2025-07-27,18.732782369146005,16.836222837548643,23.35329341317365,5.88235294117647,False
minimal_corrected,RSV,4,2025-08-03,22.15189873417721,12.637570274496715,18.732782369146005,5.0,False
minimal_corrected,RSV,4,2025-08-10,18.53035143769968,11.53965765778201,22.15189873417721,2.8169014084507045,False
minimal_corrected,RSV,4,2025-08-17,21.993127147766323,11.810957498099103,18.53035143769968,0.0,False
minimal_corrected,RSV,4,2025-08-24,19.9288256227758,11.98891460151939,21.993127147766323,3.7735849056603774,False
minimal_corrected,RSV,4,2025-08-31,13.043478260869565,11.907151943888302,19.9288256227758,3.278688524590164,False
minimal_corrected,RSV,4,2025-09-07,18.47826086956521,11.890566045104922,13.043478260869565,4.6875,False
minimal_corrected,RSV,4,2025-09-14,18.24104234527688,11.7245773902356,18.47826086956521,1.4705882352941175,False
minimal_corrected,RSV,4,2025-09-21,22.9607250755287,10.95221427953443,18.24104234527688,0.0,False
minimal_corrected,RSV,4,2025-09-28,22.67080745341615,10.33242317056766,22.9607250755287,4.285714285714286,False
minimal_corrected,RSV,4,2025-10-05,22.35294117647059,9.26862788361564,22.67080745341615,,False
minimal_corrected,RSV,4,2025-10-12,26.755852842809364,8.678514692823478,22.35294117647059,3.4482758620689653,False
minimal_corrected,RSV,4,2025-10-19,19.879518072289155,8.820233962651319,26.755852842809364,4.25531914893617,False
minimal_corrected,RSV,4,2025-10-26,12.238805970149254,8.817780089327112,19.879518072289155,0.0,False
minimal_corrected,RSV,4,2025-11-02,10.16042780748663,9.020980137556505,12.238805970149254,3.4482758620689653,False
minimal_corrected,RSV,4,2025-11-09,6.489675516224189,8.700487032250946,10.16042780748663,0.0,False
minimal_corrected,RSV,4,2025-11-16,5.059523809523809,9.007933922231578,6.489675516224189,1.6129032258064515,False
minimal_corrected,ADV,0,2025-01-05,6.990881458966565,1.094575414554601,1.96078431372549,0.0,True
minimal_corrected,ADV,0,2025-01-12,4.93601462522852,5.94710595009725,6.990881458966565,0.0,True
minimal_corrected,ADV,0,2025-01-19,6.956521739130435,2.441532353515435,4.93601462522852,1.4492753623188406,True
minimal_corrected,ADV,0,2025-01-26,3.75,6.529810019119092,6.956521739130435,0.7692307692307693,True
minimal_corrected,ADV,0,2025-02-02,4.433497536945813,2.7806962529756163,3.75,2.4390243902439024,True
minimal_corrected,ADV,0,2025-02-09,3.902439024390244,4.563452254846514,4.433497536945813,1.0752688172043012,True
minimal_corrected,ADV,0,2025-02-16,5.752212389380531,3.6463377315218137,3.902439024390244,0.0,True
minimal_corrected,ADV,0,2025-02-23,5.057471264367816,5.975112532541048,5.752212389380531,1.96078431372549,True
minimal_corrected,ADV,0,2025-03-02,5.343511450381679,3.119243967555692,5.057471264367816,1.8867924528301887,True
minimal_corrected,ADV,0,2025-03-09,2.6506024096385543,4.919612686585392,5.343511450381679,3.007518796992481,True
minimal_corrected,ADV,0,2025-03-16,3.870967741935484,2.2859470543115394,2.6506024096385543,1.4084507042253522,True
minimal_corrected,ADV,0,2025-03-23,3.1578947368421053,2.4739880875060747,3.870967741935484,1.342281879194631,True
minimal_corrected,ADV,0,2025-03-30,3.512014787430684,2.8619246824392297,3.1578947368421053,1.675977653631285,True
minimal_corrected,ADV,0,2025-04-06,3.755868544600939,3.095988479410278,3.512014787430684,0.0,True
minimal_corrected,ADV,0,2025-04-13,4.790419161676647,2.7569613896446072,3.755868544600939,2.752293577981652,True
minimal_corrected,ADV,0,2025-04-20,6.024096385542169,2.728482012830068,4.790419161676647,2.877697841726619,True
minimal_corrected,ADV,0,2025-04-27,3.909465020576132,6.580935045969499,6.024096385542169,2.3529411764705883,True
minimal_corrected,ADV,0,2025-05-04,7.204610951008646,2.869346786151795,3.909465020576132,3.0303030303030303,True
minimal_corrected,ADV,0,2025-05-11,4.622871046228711,7.448996213294504,7.204610951008646,0.5988023952095809,True
minimal_corrected,ADV,0,2025-05-18,2.1929824561403506,3.077652384142821,4.622871046228711,1.5873015873015872,True
minimal_corrected,ADV,0,2025-05-25,3.696498054474709,2.471868365172669,2.1929824561403506,1.5384615384615383,True
minimal_corrected,ADV,0,2025-06-01,3.7037037037037033,3.9626799866186855,3.696498054474709,0.0,True
minimal_corrected,ADV,0,2025-06-08,4.308390022675737,3.469742532022732,3.7037037037037033,3.260869565217391,True
minimal_corrected,ADV,0,2025-06-15,5.858585858585859,3.210587770998262,4.308390022675737,4.3478260869565215,True
minimal_corrected,ADV,0,2025-06-22,4.761904761904762,6.672161874610059,5.858585858585859,2.564102564102564,True
minimal_corrected,ADV,0,2025-06-29,6.373626373626373,4.0191025533668,4.761904761904762,0.8130081300813009,True
minimal_corrected,ADV,0,2025-07-06,2.663438256658596,7.28929076322676,6.373626373626373,1.0526315789473684,True
minimal_corrected,ADV,0,2025-07-13,2.967359050445104,1.828322202196444,2.663438256658596,1.2345679012345678,True
minimal_corrected,ADV,0,2025-07-20,4.2042042042042045,2.4134504920364,2.967359050445104,0.0,True
minimal_corrected,ADV,0,2025-07-27,2.857142857142857,4.2534962227391375,4.2042042042042045,0.0,True
minimal_corrected,ADV,0,2025-08-03,3.154574132492113,2.3092898472936816,2.857142857142857,0.0,True
minimal_corrected,ADV,0,2025-08-10,3.0,3.937986915853666,3.154574132492113,4.225352112676056,True
minimal_corrected,ADV,0,2025-08-17,2.4475524475524475,1.4028293470080766,3.0,2.083333333333333,True
minimal_corrected,ADV,0,2025-08-24,3.1358885017421603,1.501407377960594,2.4475524475524475,0.0,True
minimal_corrected,ADV,0,2025-08-31,4.081632653061225,4.321268631990647,3.1358885017421603,1.639344262295082,True
minimal_corrected,ADV,0,2025-09-07,1.9083969465648856,3.325210307516834,4.081632653061225,0.0,True
minimal_corrected,ADV,0,2025-09-14,3.8194444444444446,1.4209150753384745,1.9083969465648856,1.4492753623188406,True
minimal_corrected,ADV,0,2025-09-21,3.636363636363636,3.751867803176812,3.8194444444444446,0.0,True
minimal_corrected,ADV,0,2025-09-28,4.573170731707317,5.5128651404268885,3.636363636363636,1.4285714285714286,True
minimal_corrected,ADV,0,2025-10-05,3.8314176245210727,4.069777915465272,4.573170731707317,,True
minimal_corrected,ADV,0,2025-10-12,4.605263157894736,4.355474112655379,3.8314176245210727,0.0,True
minimal_corrected,ADV,0,2025-10-19,4.804804804804805,4.052487177033597,4.605263157894736,2.083333333333333,True
minimal_corrected,ADV,1,2025-01-05,6.990881458966565,1.4538509420408403,1.96078431372549,0.0,False
minimal_corrected,ADV,1,2025-01-12,4.93601462522852,6.711056142374291,6.990881458966565,0.0,False
minimal_corrected,ADV,1,2025-01-19,6.956521739130435,2.811306550700504,4.93601462522852,1.4492753623188406,False
minimal_corrected,ADV,1,2025-01-26,3.75,5.80395086301782,6.956521739130435,0.7692307692307693,False
minimal_corrected,ADV,1,2025-02-02,4.433497536945813,3.8416209516330606,3.75,2.4390243902439024,False
minimal_corrected,ADV,1,2025-02-09,3.902439024390244,3.1177919160300864,4.433497536945813,1.0752688172043012,False
minimal_corrected,ADV,1,2025-02-16,5.752212389380531,2.9047945211743293,3.902439024390244,0.0,False
minimal_corrected,ADV,1,2025-02-23,5.057471264367816,6.925479937948289,5.752212389380531,1.96078431372549,False
minimal_corrected,ADV,1,2025-03-02,5.343511450381679,3.774497879317567,5.057471264367816,1.8867924528301887,False
minimal_corrected,ADV,1,2025-03-09,2.6506024096385543,4.394515625612903,5.343511450381679,3.007518796992481,False
minimal_corrected,ADV,1,2025-03-16,3.870967741935484,1.8387625356949653,2.6506024096385543,1.4084507042253522,False
minimal_corrected,ADV,1,2025-03-23,3.1578947368421053,3.2066018890545083,3.870967741935484,1.342281879194631,False
minimal_corrected,ADV,1,2025-03-30,3.512014787430684,3.2866852109190643,3.1578947368421053,1.675977653631285,False
minimal_corrected,ADV,1,2025-04-06,3.755868544600939,3.2603857159579777,3.512014787430684,0.0,False
minimal_corrected,ADV,1,2025-04-13,4.790419161676647,2.9801926303195687,3.755868544600939,2.752293577981652,False
minimal_corrected,ADV,1,2025-04-20,6.024096385542169,2.8463718274186305,4.790419161676647,2.877697841726619,False
minimal_corrected,ADV,1,2025-04-27,3.909465020576132,5.962665572573656,6.024096385542169,2.3529411764705883,False
minimal_corrected,ADV,1,2025-05-04,7.204610951008646,3.974848836685604,3.909465020576132,3.0303030303030303,False
minimal_corrected,ADV,1,2025-05-11,4.622871046228711,7.873777304314967,7.204610951008646,0.5988023952095809,False
minimal_corrected,ADV,1,2025-05-18,2.1929824561403506,3.369310061780674,4.622871046228711,1.5873015873015872,False
minimal_corrected,ADV,1,2025-05-25,3.696498054474709,2.191562230590852,2.1929824561403506,1.5384615384615383,False
minimal_corrected,ADV,1,2025-06-01,3.7037037037037033,3.320616063672178,3.696498054474709,0.0,False
minimal_corrected,ADV,1,2025-06-08,4.308390022675737,3.5101259137285843,3.7037037037037033,3.260869565217391,False
minimal_corrected,ADV,1,2025-06-15,5.858585858585859,3.274461380974925,4.308390022675737,4.3478260869565215,False
minimal_corrected,ADV,1,2025-06-22,4.761904761904762,6.467040657400087,5.858585858585859,2.564102564102564,False
minimal_corrected,ADV,1,2025-06-29,6.373626373626373,4.603542073944414,4.761904761904762,0.8130081300813009,False
minimal_corrected,ADV,1,2025-07-06,2.663438256658596,6.94788433230536,6.373626373626373,1.0526315789473684,False
minimal_corrected,ADV,1,2025-07-13,2.967359050445104,1.984673826596236,2.663438256658596,1.2345679012345678,False
minimal_corrected,ADV,1,2025-07-20,4.2042042042042045,1.948285990962211,2.967359050445104,0.0,False
minimal_corrected,ADV,1,2025-07-27,2.857142857142857,4.516432056018126,4.2042042042042045,0.0,False
minimal_corrected,ADV,1,2025-08-03,3.154574132492113,1.242470329338435,2.857142857142857,0.0,False
minimal_corrected,ADV,1,2025-08-10,3.0,5.744927156571764,3.154574132492113,4.225352112676056,False
minimal_corrected,ADV,1,2025-08-17,2.4475524475524475,1.5731558179962284,3.0,2.083333333333333,False
minimal_corrected,ADV,1,2025-08-24,3.1358885017421603,0.8862801919760379,2.4475524475524475,0.0,False
minimal_corrected,ADV,1,2025-08-31,4.081632653061225,4.420651000938117,3.1358885017421603,1.639344262295082,False
minimal_corrected,ADV,1,2025-09-07,1.9083969465648856,4.275075975585017,4.081632653061225,0.0,False
minimal_corrected,ADV,1,2025-09-14,3.8194444444444446,1.3024927015540024,1.9083969465648856,1.4492753623188406,False
minimal_corrected,ADV,1,2025-09-21,3.636363636363636,4.259765347561398,3.8194444444444446,0.0,False
minimal_corrected,ADV,1,2025-09-28,4.573170731707317,4.825448045688662,3.636363636363636,1.4285714285714286,False
minimal_corrected,ADV,1,2025-10-05,3.8314176245210727,4.47551561142982,4.573170731707317,,False
minimal_corrected,ADV,1,2025-10-12,4.605263157894736,4.038067365701842,3.8314176245210727,0.0,False
minimal_corrected,ADV,1,2025-10-19,4.804804804804805,4.593347437455712,4.605263157894736,2.083333333333333,False
minimal_corrected,ADV,1,2025-10-26,3.951367781155015,4.496649191029061,4.804804804804805,2.941176470588235,False
minimal_corrected,ADV,2,2025-01-05,6.990881458966565,0.8780947512718802,1.96078431372549,0.0,False
minimal_corrected,ADV,2,2025-01-12,4.93601462522852,0.8941191659249373,6.990881458966565,0.0,False
minimal_corrected,ADV,2,2025-01-19,6.956521739130435,6.549365728380215,4.93601462522852,1.4492753623188406,False
minimal_corrected,ADV,2,2025-01-26,3.75,2.017659960579765,6.956521739130435,0.7692307692307693,False
minimal_corrected,ADV,2,2025-02-02,4.433497536945813,5.955381916986942,3.75,2.4390243902439024,False
minimal_corrected,ADV,2,2025-02-09,3.902439024390244,2.168325933558557,4.433497536945813,1.0752688172043012,False
minimal_corrected,ADV,2,2025-02-16,5.752212389380531,2.4577485016039287,3.902439024390244,0.0,False
minimal_corrected,ADV,2,2025-02-23,5.057471264367816,2.2902586082937924,5.752212389380531,1.96078431372549,False
minimal_corrected,ADV,2,2025-03-02,5.343511450381679,5.990194727008531,5.057471264367816,1.8867924528301887,False
minimal_corrected,ADV,2,2025-03-09,2.6506024096385543,2.5985549059108823,5.343511450381679,3.007518796992481,False
minimal_corrected,ADV,2,2025-03-16,3.870967741935484,4.747480995651959,2.6506024096385543,1.4084507042253522,False
minimal_corrected,ADV,2,2025-03-23,3.1578947368421053,1.8719979084056888,3.870967741935484,1.342281879194631,False
minimal_corrected,ADV,2,2025-03-30,3.512014787430684,2.09793657976914,3.1578947368421053,1.675977653631285,False
minimal_corrected,ADV,2,2025-04-06,3.755868544600939,2.675815483778587,3.512014787430684,0.0,False
minimal_corrected,ADV,2,2025-04-13,4.790419161676647,2.6765264272459035,3.755868544600939,2.752293577981652,False
minimal_corrected,ADV,2,2025-04-20,6.024096385542169,2.563357739252248,4.790419161676647,2.877697841726619,False
minimal_corrected,ADV,2,2025-04-27,3.909465020576132,2.549713077442901,6.024096385542169,2.3529411764705883,False
minimal_corrected,ADV,2,2025-05-04,7.204610951008646,8.122694224620778,3.909465020576132,3.0303030303030303,False
minimal_corrected,ADV,2,2025-05-11,4.622871046228711,2.6144535741421,7.204610951008646,0.5988023952095809,False
minimal_corrected,ADV,2,2025-05-18,2.1929824561403506,8.824833938567723,4.622871046228711,1.5873015873015872,False
minimal_corrected,ADV,2,2025-05-25,3.696498054474709,2.5176713780258275,2.1929824561403506,1.5384615384615383,False
minimal_corrected,ADV,2,2025-06-01,3.7037037037037033,2.0948281802282622,3.696498054474709,0.0,False
minimal_corrected,ADV,2,2025-06-08,4.308390022675737,2.4660193351294044,3.7037037037037033,3.260869565217391,False
minimal_corrected,ADV,2,2025-06-15,5.858585858585859,2.834367600353549,4.308390022675737,4.3478260869565215,False
minimal_corrected,ADV,2,2025-06-22,4.761904761904762,2.7104570967695025,5.858585858585859,2.564102564102564,False
minimal_corrected,ADV,2,2025-06-29,6.373626373626373,6.819557577864447,4.761904761904762,0.8130081300813009,False
minimal_corrected,ADV,2,2025-07-06,2.663438256658596,2.8323256261720404,6.373626373626373,1.0526315789473684,False
minimal_corrected,ADV,2,2025-07-13,2.967359050445104,6.798245804666177,2.663438256658596,1.2345679012345678,False
minimal_corrected,ADV,2,2025-07-20,4.2042042042042045,4.112579322653353,2.967359050445104,0.0,False
minimal_corrected,ADV,2,2025-07-27,2.857142857142857,2.007543413065394,4.2042042042042045,0.0,False
minimal_corrected,ADV,2,2025-08-03,3.154574132492113,4.120405096002018,2.857142857142857,0.0,False
minimal_corrected,ADV,2,2025-08-10,3.0,2.005894788445007,3.154574132492113,4.225352112676056,False
minimal_corrected,ADV,2,2025-08-17,2.4475524475524475,4.821543205745769,3.0,2.083333333333333,False
minimal_corrected,ADV,2,2025-08-24,3.1358885017421603,2.089732846097285,2.4475524475524475,0.0,False
minimal_corrected,ADV,2,2025-08-31,4.081632653061225,1.9826973762364444,3.1358885017421603,1.639344262295082,False
minimal_corrected,ADV,2,2025-09-07,1.9083969465648856,4.353793547793453,4.081632653061225,0.0,False
minimal_corrected,ADV,2,2025-09-14,3.8194444444444446,3.934948355312884,1.9083969465648856,1.4492753623188406,False
minimal_corrected,ADV,2,2025-09-21,3.636363636363636,1.5645414247371514,3.8194444444444446,0.0,False
minimal_corrected,ADV,2,2025-09-28,4.573170731707317,3.4548803634225504,3.636363636363636,1.4285714285714286,False
minimal_corrected,ADV,2,2025-10-05,3.8314176245210727,3.724021834385957,4.573170731707317,,False
minimal_corrected,ADV,2,2025-10-12,4.605263157894736,3.5714114269009167,3.8314176245210727,0.0,False
minimal_corrected,ADV,2,2025-10-19,4.804804804804805,2.8896490402773827,4.605263157894736,2.083333333333333,False
minimal_corrected,ADV,2,2025-10-26,3.951367781155015,4.819305013338044,4.804804804804805,2.941176470588235,False
minimal_corrected,ADV,2,2025-11-02,4.607046070460704,3.740397870759868,3.951367781155015,0.0,False
minimal_corrected,ADV,3,2025-01-05,6.990881458966565,1.045591920991355,1.96078431372549,0.0,False
minimal_corrected,ADV,3,2025-01-12,4.93601462522852,1.5994068623647768,6.990881458966565,0.0,False
minimal_corrected,ADV,3,2025-01-19,6.956521739130435,1.29816391381366,4.93601462522852,1.4492753623188406,False
minimal_corrected,ADV,3,2025-01-26,3.75,7.134709163987842,6.956521739130435,0.7692307692307693,False
minimal_corrected,ADV,3,2025-02-02,4.433497536945813,2.0141595110804684,3.75,2.4390243902439024,False
minimal_corrected,ADV,3,2025-02-09,3.902439024390244,6.907601318911805,4.433497536945813,1.0752688172043012,False
minimal_corrected,ADV,3,2025-02-16,5.752212389380531,2.0670890154685297,3.902439024390244,0.0,False
minimal_corrected,ADV,3,2025-02-23,5.057471264367816,2.459154352973896,5.752212389380531,1.96078431372549,False
minimal_corrected,ADV,3,2025-03-02,5.343511450381679,2.0437198628085085,5.057471264367816,1.8867924528301887,False
minimal_corrected,ADV,3,2025-03-09,2.6506024096385543,4.7643196255111535,5.343511450381679,3.007518796992481,False
minimal_corrected,ADV,3,2025-03-16,3.870967741935484,1.9969578489696287,2.6506024096385543,1.4084507042253522,False
minimal_corrected,ADV,3,2025-03-23,3.1578947368421053,3.8413895351943976,3.870967741935484,1.342281879194631,False
minimal_corrected,ADV,3,2025-03-30,3.512014787430684,1.2964124261980134,3.1578947368421053,1.675977653631285,False
minimal_corrected,ADV,3,2025-04-06,3.755868544600939,1.976932432472724,3.512014787430684,0.0,False
minimal_corrected,ADV,3,2025-04-13,4.790419161676647,2.7201795405996223,3.755868544600939,2.752293577981652,False
minimal_corrected,ADV,3,2025-04-20,6.024096385542169,2.594355985573691,4.790419161676647,2.877697841726619,False
minimal_corrected,ADV,3,2025-04-27,3.909465020576132,2.4876860267255902,6.024096385542169,2.3529411764705883,False
minimal_corrected,ADV,3,2025-05-04,7.204610951008646,2.561124800494813,3.909465020576132,3.0303030303030303,False
minimal_corrected,ADV,3,2025-05-11,4.622871046228711,9.31618941071682,7.204610951008646,0.5988023952095809,False
minimal_corrected,ADV,3,2025-05-18,2.1929824561403506,2.260968165337301,4.622871046228711,1.5873015873015872,False
minimal_corrected,ADV,3,2025-05-25,3.696498054474709,8.614804315340173,2.1929824561403506,1.5384615384615383,False
minimal_corrected,ADV,3,2025-06-01,3.7037037037037033,2.734066149647619,3.696498054474709,0.0,False
minimal_corrected,ADV,3,2025-06-08,4.308390022675737,2.410200444064879,3.7037037037037033,3.260869565217391,False
minimal_corrected,ADV,3,2025-06-15,5.858585858585859,2.0557614241209587,4.308390022675737,4.3478260869565215,False
minimal_corrected,ADV,3,2025-06-22,4.761904761904762,2.5783261727188727,5.858585858585859,2.564102564102564,False
minimal_corrected,ADV,3,2025-06-29,6.373626373626373,2.615998372094768,4.761904761904762,0.8130081300813009,False
minimal_corrected,ADV,3,2025-07-06,2.663438256658596,7.432819844072424,6.373626373626373,1.0526315789473684,False
minimal_corrected,ADV,3,2025-07-13,2.967359050445104,2.603189447382785,2.663438256658596,1.2345679012345678,False
minimal_corrected,ADV,3,2025-07-20,4.2042042042042045,8.4023866696136,2.967359050445104,0.0,False
minimal_corrected,ADV,3,2025-07-27,2.857142857142857,8.139325829593378,4.2042042042042045,0.0,False
minimal_corrected,ADV,3,2025-08-03,3.154574132492113,1.673934259665102,2.857142857142857,0.0,False
minimal_corrected,ADV,3,2025-08-10,3.0,3.3238323898695032,3.154574132492113,4.225352112676056,False
minimal_corrected,ADV,3,2025-08-17,2.4475524475524475,1.697103747198614,3.0,2.083333333333333,False
minimal_corrected,ADV,3,2025-08-24,3.1358885017421603,2.835856229069927,2.4475524475524475,0.0,False
minimal_corrected,ADV,3,2025-08-31,4.081632653061225,1.2683732078717096,3.1358885017421603,1.639344262295082,False
minimal_corrected,ADV,3,2025-09-07,1.9083969465648856,1.388550756054814,4.081632653061225,0.0,False
minimal_corrected,ADV,3,2025-09-14,3.8194444444444446,2.150160031318768,1.9083969465648856,1.4492753623188406,False
minimal_corrected,ADV,3,2025-09-21,3.636363636363636,1.9970990088966023,3.8194444444444446,0.0,False
minimal_corrected,ADV,3,2025-09-28,4.573170731707317,1.5715617228609682,3.636363636363636,1.4285714285714286,False
minimal_corrected,ADV,3,2025-10-05,3.8314176245210727,2.469841573716956,4.573170731707317,,False
minimal_corrected,ADV,3,2025-10-12,4.605263157894736,2.300319259237497,3.8314176245210727,0.0,False
minimal_corrected,ADV,3,2025-10-19,4.804804804804805,2.6012631744675803,4.605263157894736,2.083333333333333,False
minimal_corrected,ADV,3,2025-10-26,3.951367781155015,2.0209779744674847,4.804804804804805,2.941176470588235,False
minimal_corrected,ADV,3,2025-11-02,4.607046070460704,2.743051183780288,3.951367781155015,0.0,False
minimal_corrected,ADV,3,2025-11-09,2.915451895043732,2.329873657160461,4.607046070460704,1.8867924528301887,False
minimal_corrected,ADV,4,2025-01-05,6.990881458966565,1.5309702327305286,1.96078431372549,0.0,False
minimal_corrected,ADV,4,2025-01-12,4.93601462522852,1.9558800731378505,6.990881458966565,0.0,False
minimal_corrected,ADV,4,2025-01-19,6.956521739130435,2.1604488896073675,4.93601462522852,1.4492753623188406,False
minimal_corrected,ADV,4,2025-01-26,3.75,1.5526840049371426,6.956521739130435,0.7692307692307693,False
minimal_corrected,ADV,4,2025-02-02,4.433497536945813,3.4602578416170524,3.75,2.4390243902439024,False
minimal_corrected,ADV,4,2025-02-09,3.902439024390244,3.128284466603518,4.433497536945813,1.0752688172043012,False
minimal_corrected,ADV,4,2025-02-16,5.752212389380531,2.3065221654597186,3.902439024390244,0.0,False
minimal_corrected,ADV,4,2025-02-23,5.057471264367816,1.387918250892184,5.752212389380531,1.96078431372549,False
minimal_corrected,ADV,4,2025-03-02,5.343511450381679,1.731238433939682,5.057471264367816,1.8867924528301887,False
minimal_corrected,ADV,4,2025-03-09,2.6506024096385543,1.5095902735658262,5.343511450381679,3.007518796992481,False
minimal_corrected,ADV,4,2025-03-16,3.870967741935484,3.635021187075489,2.6506024096385543,1.4084507042253522,False
minimal_corrected,ADV,4,2025-03-23,3.1578947368421053,3.412316995968884,3.870967741935484,1.342281879194631,False
minimal_corrected,ADV,4,2025-03-30,3.512014787430684,2.36339825022266,3.1578947368421053,1.675977653631285,False
minimal_corrected,ADV,4,2025-04-06,3.755868544600939,0.795676657423927,3.512014787430684,0.0,False
minimal_corrected,ADV,4,2025-04-13,4.790419161676647,0.955054316633636,3.755868544600939,2.752293577981652,False
minimal_corrected,ADV,4,2025-04-20,6.024096385542169,1.378690308469086,4.790419161676647,2.877697841726619,False
minimal_corrected,ADV,4,2025-04-27,3.909465020576132,1.531995858670475,6.024096385542169,2.3529411764705883,False
minimal_corrected,ADV,4,2025-05-04,7.204610951008646,1.495494013727602,3.909465020576132,3.0303030303030303,False
minimal_corrected,ADV,4,2025-05-11,4.622871046228711,6.646246751919958,7.204610951008646,0.5988023952095809,False
minimal_corrected,ADV,4,2025-05-18,2.1929824561403506,8.104105332749642,4.622871046228711,1.5873015873015872,False
minimal_corrected,ADV,4,2025-05-25,3.696498054474709,1.888734736903643,2.1929824561403506,1.5384615384615383,False
minimal_corrected,ADV,4,2025-06-01,3.7037037037037033,9.467933737943094,3.696498054474709,0.0,False
minimal_corrected,ADV,4,2025-06-08,4.308390022675737,7.223442703729301,3.7037037037037033,3.260869565217391,False
minimal_corrected,ADV,4,2025-06-15,5.858585858585859,2.433061252470152,4.308390022675737,4.3478260869565215,False
minimal_corrected,ADV,4,2025-06-22,4.761904761904762,1.46670694201431,5.858585858585859,2.564102564102564,False
minimal_corrected,ADV,4,2025-06-29,6.373626373626373,1.9344121037962825,4.761904761904762,0.8130081300813009,False
minimal_corrected,ADV,4,2025-07-06,2.663438256658596,2.278046693854153,6.373626373626373,1.0526315789473684,False
minimal_corrected,ADV,4,2025-07-13,2.967359050445104,10.064791142424443,2.663438256658596,1.2345679012345678,False
minimal_corrected,ADV,4,2025-07-20,4.2042042042042045,7.242382570325163,2.967359050445104,0.0,False
minimal_corrected,ADV,4,2025-07-27,2.857142857142857,9.86065598383925,4.2042042042042045,0.0,False
minimal_corrected,ADV,4,2025-08-03,3.154574132492113,5.424564158333153,2.857142857142857,0.0,False
minimal_corrected,ADV,4,2025-08-10,3.0,0.776258159939643,3.154574132492113,4.225352112676056,False
minimal_corrected,ADV,4,2025-08-17,2.4475524475524475,4.118869314843052,3.0,2.083333333333333,False
minimal_corrected,ADV,4,2025-08-24,3.1358885017421603,0.7304427960431855,2.4475524475524475,0.0,False
minimal_corrected,ADV,4,2025-08-31,4.081632653061225,1.966199441524373,3.1358885017421603,1.639344262295082,False
minimal_corrected,ADV,4,2025-09-07,1.9083969465648856,0.8529484553608891,4.081632653061225,0.0,False
minimal_corrected,ADV,4,2025-09-14,3.8194444444444446,1.2652297073551528,1.9083969465648856,1.4492753623188406,False
minimal_corrected,ADV,4,2025-09-21,3.636363636363636,1.534336072527949,3.8194444444444446,0.0,False
minimal_corrected,ADV,4,2025-09-28,4.573170731707317,1.669978620673021,3.636363636363636,1.4285714285714286,False
minimal_corrected,ADV,4,2025-10-05,3.8314176245210727,1.781673035495395,4.573170731707317,,False
minimal_corrected,ADV,4,2025-10-12,4.605263157894736,2.076295358599049,3.8314176245210727,0.0,False
minimal_corrected,ADV,4,2025-10-19,4.804804804804805,1.4936920901680792,4.605263157894736,2.083333333333333,False
minimal_corrected,ADV,4,2025-10-26,3.951367781155015,7.927172506039839,4.804804804804805,2.941176470588235,False
minimal_corrected,ADV,4,2025-11-02,4.607046070460704,1.7036090368278058,3.951367781155015,0.0,False
minimal_corrected,ADV,4,2025-11-09,2.915451895043732,8.466201836718675,4.607046070460704,1.8867924528301887,False
minimal_corrected,ADV,4,2025-11-16,4.38871473354232,8.107184582251788,2.915451895043732,1.6129032258064515,False
minimal_corrected,PIV,0,2025-01-05,0.0,3.065127445904589,5.88235294117647,0.6756756756756757,False
minimal_corrected,PIV,0,2025-01-12,7.462686567164178,1.1872257585643036,0.0,0.6097560975609756,False
minimal_corrected,PIV,0,2025-01-19,1.694915254237288,3.008657145935569,7.462686567164178,0.7246376811594203,False
minimal_corrected,PIV,0,2025-01-26,3.508771929824561,1.7237998041733242,1.694915254237288,0.0,False
minimal_corrected,PIV,0,2025-02-16,0.0,1.5523604421700967,2.127659574468085,3.92156862745098,False
minimal_corrected,PIV,0,2025-02-23,0.0,1.6629738344348577,0.0,2.941176470588235,False
minimal_corrected,PIV,0,2025-03-02,5.128205128205128,0.885911004001465,0.0,3.7735849056603774,False
minimal_corrected,PIV,0,2025-03-09,2.702702702702702,3.2344260592312617,5.128205128205128,3.007518796992481,False
minimal_corrected,PIV,0,2025-03-16,2.272727272727273,1.5612387519092956,2.702702702702702,0.0,False
minimal_corrected,PIV,0,2025-03-23,0.0,1.051858194158348,2.272727272727273,1.342281879194631,False
minimal_corrected,PIV,0,2025-03-30,0.0,0.3476246910342817,0.0,0.5586592178770949,False
minimal_corrected,PIV,0,2025-04-06,0.0,0.4398132290478998,0.0,0.8695652173913043,False
minimal_corrected,PIV,0,2025-04-13,2.2222222222222223,0.4268384357387947,0.0,1.834862385321101,False
minimal_corrected,PIV,0,2025-04-20,2.0408163265306123,0.6760714817193885,2.2222222222222223,1.4388489208633095,False
minimal_corrected,PIV,0,2025-04-27,0.0,2.507070987919447,2.0408163265306123,0.5952380952380952,False
minimal_corrected,PIV,0,2025-05-04,0.0,0.6952799322922492,0.0,3.0303030303030303,False
minimal_corrected,PIV,0,2025-05-11,4.545454545454546,1.4776914791224331,0.0,1.851851851851852,False
minimal_corrected,PIV,0,2025-05-18,1.351351351351351,3.358639699637591,4.545454545454546,2.419354838709677,False
minimal_corrected,PIV,0,2025-05-25,1.694915254237288,1.9848946523381468,1.351351351351351,4.651162790697675,False
minimal_corrected,PIV,0,2025-06-01,1.8867924528301887,2.822096946895752,1.694915254237288,4.166666666666666,False
minimal_corrected,PIV,0,2025-06-08,0.0,3.392504813062433,1.8867924528301887,3.296703296703297,False
minimal_corrected,PIV,0,2025-06-15,5.357142857142857,2.4850903996875844,0.0,2.1739130434782608,False
minimal_corrected,PIV,0,2025-06-22,2.0408163265306123,4.074938770178696,5.357142857142857,2.564102564102564,False
minimal_corrected,PIV,0,2025-06-29,7.894736842105263,3.523736924900855,2.0408163265306123,5.691056910569105,False
minimal_corrected,PIV,0,2025-07-06,0.0,2.906558467634228,7.894736842105263,2.127659574468085,False
minimal_corrected,PIV,0,2025-07-13,0.0,2.4748589285833216,0.0,3.79746835443038,False
minimal_corrected,PIV,0,2025-07-20,0.0,2.3356042425764816,0.0,0.9803921568627452,False
minimal_corrected,PIV,0,2025-07-27,0.0,1.5174555914539412,0.0,1.1764705882352942,False
minimal_corrected,PIV,0,2025-08-03,11.76470588235294,3.1384965176454216,0.0,3.75,False
minimal_corrected,PIV,0,2025-08-10,2.272727272727273,4.168308721896293,11.76470588235294,0.0,False
minimal_corrected,PIV,0,2025-08-17,0.0,1.5736702535744485,2.272727272727273,0.0,False
minimal_corrected,PIV,0,2025-08-24,4.761904761904762,2.0309091196018194,0.0,1.8867924528301887,False
minimal_corrected,PIV,0,2025-08-31,8.108108108108109,4.240760944600982,4.761904761904762,3.389830508474576,False
minimal_corrected,PIV,0,2025-09-07,2.7777777777777777,3.5775007707739768,8.108108108108109,1.5873015873015872,False
minimal_corrected,PIV,0,2025-09-14,8.108108108108109,3.1534419378029743,2.7777777777777777,2.941176470588235,False
minimal_corrected,PIV,0,2025-09-21,0.0,4.125306554211662,8.108108108108109,0.0,False
minimal_corrected,PIV,0,2025-09-28,0.0,1.9442409048664784,0.0,2.898550724637681,False
minimal_corrected,PIV,0,2025-10-05,5.0,3.1155171917979323,0.0,,False
minimal_corrected,PIV,0,2025-10-12,0.0,3.590333916711754,5.0,3.4482758620689653,False
minimal_corrected,PIV,0,2025-10-19,0.0,3.4906098811038904,0.0,0.0,False
minimal_corrected,PIV,1,2025-01-05,0.0,3.377607357854735,5.88235294117647,0.6756756756756757,True
minimal_corrected,PIV,1,2025-01-12,7.462686567164178,0.6664098458030536,0.0,0.6097560975609756,True
minimal_corrected,PIV,1,2025-01-19,1.694915254237288,3.251810986649483,7.462686567164178,0.7246376811594203,True
minimal_corrected,PIV,1,2025-01-26,3.508771929824561,0.6558553367447175,1.694915254237288,0.0,True
minimal_corrected,PIV,1,2025-02-16,0.0,1.8293298615952844,2.127659574468085,3.92156862745098,True
minimal_corrected,PIV,1,2025-02-23,0.0,1.569416752999191,0.0,2.941176470588235,True
minimal_corrected,PIV,1,2025-03-02,5.128205128205128,1.7877455214790123,0.0,3.7735849056603774,True
minimal_corrected,PIV,1,2025-03-09,2.702702702702702,3.009264937526591,5.128205128205128,3.007518796992481,True
minimal_corrected,PIV,1,2025-03-16,2.272727272727273,2.2515889322069103,2.702702702702702,0.0,True
minimal_corrected,PIV,1,2025-03-23,0.0,1.6899380781607067,2.272727272727273,1.342281879194631,True
minimal_corrected,PIV,1,2025-03-30,0.0,0.667511374805049,0.0,0.5586592178770949,True
minimal_corrected,PIV,1,2025-04-06,0.0,0.3849468505935274,0.0,0.8695652173913043,True
minimal_corrected,PIV,1,2025-04-13,2.2222222222222223,0.7086683381639781,0.0,1.834862385321101,True
minimal_corrected,PIV,1,2025-04-20,2.0408163265306123,0.9386123718270014,2.2222222222222223,1.4388489208633095,True
minimal_corrected,PIV,1,2025-04-27,0.0,1.0588945621479988,2.0408163265306123,0.5952380952380952,True
minimal_corrected,PIV,1,2025-05-04,0.0,2.479245546500222,0.0,3.0303030303030303,True
minimal_corrected,PIV,1,2025-05-11,4.545454545454546,0.9177740831082234,0.0,1.851851851851852,True
minimal_corrected,PIV,1,2025-05-18,1.351351351351351,4.039563968185472,4.545454545454546,2.419354838709677,True
minimal_corrected,PIV,1,2025-05-25,1.694915254237288,1.954594641425614,1.351351351351351,4.651162790697675,True
minimal_corrected,PIV,1,2025-06-01,1.8867924528301887,2.8727779003289613,1.694915254237288,4.166666666666666,True
minimal_corrected,PIV,1,2025-06-08,0.0,2.276622368772596,1.8867924528301887,3.296703296703297,True
minimal_corrected,PIV,1,2025-06-15,5.357142857142857,2.607621495434409,0.0,2.1739130434782608,True
minimal_corrected,PIV,1,2025-06-22,2.0408163265306123,3.7400650562377735,5.357142857142857,2.564102564102564,True
minimal_corrected,PIV,1,2025-06-29,7.894736842105263,2.8263328678236173,2.0408163265306123,5.691056910569105,True
minimal_corrected,PIV,1,2025-07-06,0.0,3.275174360467542,7.894736842105263,2.127659574468085,True
minimal_corrected,PIV,1,2025-07-13,0.0,2.8326851255542933,0.0,3.79746835443038,True
minimal_corrected,PIV,1,2025-07-20,0.0,2.811977205561057,0.0,0.9803921568627452,True
minimal_corrected,PIV,1,2025-07-27,0.0,2.5307252151898405,0.0,1.1764705882352942,True
minimal_corrected,PIV,1,2025-08-03,11.76470588235294,2.5548663015743127,0.0,3.75,True
minimal_corrected,PIV,1,2025-08-10,2.272727272727273,4.471847871149016,11.76470588235294,0.0,True
minimal_corrected,PIV,1,2025-08-17,0.0,2.785045463307368,2.272727272727273,0.0,True
minimal_corrected,PIV,1,2025-08-24,4.761904761904762,2.196700784132513,0.0,1.8867924528301887,True
minimal_corrected,PIV,1,2025-08-31,8.108108108108109,3.4358736692013743,4.761904761904762,3.389830508474576,True
minimal_corrected,PIV,1,2025-09-07,2.7777777777777777,4.091706722794735,8.108108108108109,1.5873015873015872,True
minimal_corrected,PIV,1,2025-09-14,8.108108108108109,2.3602769780687223,2.7777777777777777,2.941176470588235,True
minimal_corrected,PIV,1,2025-09-21,0.0,4.079592183798786,8.108108108108109,0.0,True
minimal_corrected,PIV,1,2025-09-28,0.0,2.452431963167362,0.0,2.898550724637681,True
minimal_corrected,PIV,1,2025-10-05,5.0,2.0200312884516696,0.0,,True
minimal_corrected,PIV,1,2025-10-12,0.0,3.768043559287573,5.0,3.4482758620689653,True
minimal_corrected,PIV,1,2025-10-19,0.0,2.1273354220489065,0.0,0.0,True
minimal_corrected,PIV,1,2025-10-26,0.0,4.165861895332677,0.0,3.333333333333333,True
minimal_corrected,PIV,2,2025-01-05,0.0,0.8806745901491206,5.88235294117647,0.6756756756756757,False
minimal_corrected,PIV,2,2025-01-12,7.462686567164178,1.4263841201988134,0.0,0.6097560975609756,False
minimal_corrected,PIV,2,2025-01-19,1.694915254237288,1.653063390322452,7.462686567164178,0.7246376811594203,False
minimal_corrected,PIV,2,2025-01-26,3.508771929824561,1.5460056940689482,1.694915254237288,0.0,False
minimal_corrected,PIV,2,2025-02-09,2.127659574468085,2.562796635992048,,5.376344086021505,False
minimal_corrected,PIV,2,2025-02-23,0.0,1.253742545063045,0.0,2.941176470588235,False
minimal_corrected,PIV,2,2025-03-02,5.128205128205128,1.2519508406988822,0.0,3.7735849056603774,False
minimal_corrected,PIV,2,2025-03-09,2.702702702702702,1.3893933843938582,5.128205128205128,3.007518796992481,False
minimal_corrected,PIV,2,2025-03-16,2.272727272727273,1.6029033127715986,2.702702702702702,0.0,False
minimal_corrected,PIV,2,2025-03-23,0.0,0.9672627338518822,2.272727272727273,1.342281879194631,False
minimal_corrected,PIV,2,2025-03-30,0.0,1.700916833905401,0.0,0.5586592178770949,False
minimal_corrected,PIV,2,2025-04-06,0.0,0.9225654200363214,0.0,0.8695652173913043,False
minimal_corrected,PIV,2,2025-04-13,2.2222222222222223,1.8472194278794505,0.0,1.834862385321101,False
minimal_corrected,PIV,2,2025-04-20,2.0408163265306123,1.4815842600470477,2.2222222222222223,1.4388489208633095,False
minimal_corrected,PIV,2,2025-04-27,0.0,0.9708991866259676,2.0408163265306123,0.5952380952380952,False
minimal_corrected,PIV,2,2025-05-04,0.0,1.0311634078622192,0.0,3.0303030303030303,False
minimal_corrected,PIV,2,2025-05-11,4.545454545454546,2.33197010675199,0.0,1.851851851851852,False
minimal_corrected,PIV,2,2025-05-18,1.351351351351351,2.0564454836203057,4.545454545454546,2.419354838709677,False
minimal_corrected,PIV,2,2025-05-25,1.694915254237288,2.583938764633164,1.351351351351351,4.651162790697675,False
minimal_corrected,PIV,2,2025-06-01,1.8867924528301887,2.317936613058814,1.694915254237288,4.166666666666666,False
minimal_corrected,PIV,2,2025-06-08,0.0,2.6313348935306733,1.8867924528301887,3.296703296703297,False
minimal_corrected,PIV,2,2025-06-15,5.357142857142857,3.1216286365035097,0.0,2.1739130434782608,False
minimal_corrected,PIV,2,2025-06-22,2.0408163265306123,3.1068163279766696,5.357142857142857,2.564102564102564,False
minimal_corrected,PIV,2,2025-06-29,7.894736842105263,2.7230670262920453,2.0408163265306123,5.691056910569105,False
minimal_corrected,PIV,2,2025-07-06,0.0,3.411807764928586,7.894736842105263,2.127659574468085,False
minimal_corrected,PIV,2,2025-07-13,0.0,1.9716140467947567,0.0,3.79746835443038,False
minimal_corrected,PIV,2,2025-07-20,0.0,3.738278534898716,0.0,0.9803921568627452,False
minimal_corrected,PIV,2,2025-07-27,0.0,2.772908700129239,0.0,1.1764705882352942,False
minimal_corrected,PIV,2,2025-08-03,11.76470588235294,3.1670593596826846,0.0,3.75,False
minimal_corrected,PIV,2,2025-08-10,2.272727272727273,2.881604241239613,11.76470588235294,0.0,False
minimal_corrected,PIV,2,2025-08-17,0.0,2.3636391724007955,2.272727272727273,0.0,False
minimal_corrected,PIV,2,2025-08-24,4.761904761904762,2.157554118877999,0.0,1.8867924528301887,False
minimal_corrected,PIV,2,2025-08-31,8.108108108108109,1.7348451455417797,4.761904761904762,3.389830508474576,False
minimal_corrected,PIV,2,2025-09-07,2.7777777777777777,1.7021602054154348,8.108108108108109,1.5873015873015872,False
minimal_corrected,PIV,2,2025-09-14,8.108108108108109,1.8246965559973376,2.7777777777777777,2.941176470588235,False
minimal_corrected,PIV,2,2025-09-21,0.0,2.3194625937465787,8.108108108108109,0.0,False
minimal_corrected,PIV,2,2025-09-28,0.0,2.1285778421076467,0.0,2.898550724637681,False
minimal_corrected,PIV,2,2025-10-05,5.0,2.771891628630683,0.0,,False
minimal_corrected,PIV,2,2025-10-12,0.0,1.838457399579503,5.0,3.4482758620689653,False
minimal_corrected,PIV,2,2025-10-19,0.0,2.829227400349465,0.0,0.0,False
minimal_corrected,PIV,2,2025-10-26,0.0,3.590349524392168,0.0,3.333333333333333,False
minimal_corrected,PIV,2,2025-11-02,0.0,2.373157853777445,0.0,3.508771929824561,False
minimal_corrected,PIV,3,2025-01-05,0.0,2.395242177437037,5.88235294117647,0.6756756756756757,False
minimal_corrected,PIV,3,2025-01-12,7.462686567164178,0.7725813417472004,0.0,0.6097560975609756,False
minimal_corrected,PIV,3,2025-01-19,1.694915254237288,2.190805661608568,7.462686567164178,0.7246376811594203,False
minimal_corrected,PIV,3,2025-01-26,3.508771929824561,2.1308598284080498,1.694915254237288,0.0,False
minimal_corrected,PIV,3,2025-02-09,2.127659574468085,0.5216181634654494,,5.376344086021505,False
minimal_corrected,PIV,3,2025-02-16,0.0,2.4778267973827552,2.127659574468085,3.92156862745098,False
minimal_corrected,PIV,3,2025-03-02,5.128205128205128,1.932423835514148,0.0,3.7735849056603774,False
minimal_corrected,PIV,3,2025-03-09,2.702702702702702,1.8621064494988733,5.128205128205128,3.007518796992481,False
minimal_corrected,PIV,3,2025-03-16,2.272727272727273,1.5619753104478589,2.702702702702702,0.0,False
minimal_corrected,PIV,3,2025-03-23,0.0,1.9249967286931,2.272727272727273,1.342281879194631,False
minimal_corrected,PIV,3,2025-03-30,0.0,1.5003405434566277,0.0,0.5586592178770949,False
minimal_corrected,PIV,3,2025-04-06,0.0,1.62053136920212,0.0,0.8695652173913043,False
minimal_corrected,PIV,3,2025-04-13,2.2222222222222223,0.5325359474502601,0.0,1.834862385321101,False
minimal_corrected,PIV,3,2025-04-20,2.0408163265306123,1.6790792304177589,2.2222222222222223,1.4388489208633095,False
minimal_corrected,PIV,3,2025-04-27,0.0,1.568721560689864,2.0408163265306123,0.5952380952380952,False
minimal_corrected,PIV,3,2025-05-04,0.0,0.7917073734058083,0.0,3.0303030303030303,False
minimal_corrected,PIV,3,2025-05-11,4.545454545454546,1.259646011482068,0.0,1.851851851851852,False
minimal_corrected,PIV,3,2025-05-18,1.351351351351351,2.349062856996773,4.545454545454546,2.419354838709677,False
minimal_corrected,PIV,3,2025-05-25,1.694915254237288,2.1001161684968683,1.351351351351351,4.651162790697675,False
minimal_corrected,PIV,3,2025-06-01,1.8867924528301887,2.777773445762435,1.694915254237288,4.166666666666666,False
minimal_corrected,PIV,3,2025-06-08,0.0,2.6899762702828367,1.8867924528301887,3.296703296703297,False
minimal_corrected,PIV,3,2025-06-15,5.357142857142857,2.537595629341017,0.0,2.1739130434782608,False
minimal_corrected,PIV,3,2025-06-22,2.0408163265306123,3.6813983750059394,5.357142857142857,2.564102564102564,False
minimal_corrected,PIV,3,2025-06-29,7.894736842105263,2.940552644378936,2.0408163265306123,5.691056910569105,False
minimal_corrected,PIV,3,2025-07-06,0.0,2.571361072170072,7.894736842105263,2.127659574468085,False
minimal_corrected,PIV,3,2025-07-13,0.0,2.0522943312082456,0.0,3.79746835443038,False
minimal_corrected,PIV,3,2025-07-20,0.0,3.217437134802948,0.0,0.9803921568627452,False
minimal_corrected,PIV,3,2025-07-27,0.0,2.2870341760082304,0.0,1.1764705882352942,False
minimal_corrected,PIV,3,2025-08-03,11.76470588235294,2.2857464928862514,0.0,3.75,False
minimal_corrected,PIV,3,2025-08-10,2.272727272727273,2.4048243736712305,11.76470588235294,0.0,False
minimal_corrected,PIV,3,2025-08-17,0.0,2.0929299089596167,2.272727272727273,0.0,False
minimal_corrected,PIV,3,2025-08-24,4.761904761904762,1.98277599367535,0.0,1.8867924528301887,False
minimal_corrected,PIV,3,2025-08-31,8.108108108108109,2.4775742774472462,4.761904761904762,3.389830508474576,False
minimal_corrected,PIV,3,2025-09-07,2.7777777777777777,2.185260685166816,8.108108108108109,1.5873015873015872,False
minimal_corrected,PIV,3,2025-09-14,8.108108108108109,1.322771334294515,2.7777777777777777,2.941176470588235,False
minimal_corrected,PIV,3,2025-09-21,0.0,2.5094395393977096,8.108108108108109,0.0,False
minimal_corrected,PIV,3,2025-09-28,0.0,1.254867690594782,0.0,2.898550724637681,False
minimal_corrected,PIV,3,2025-10-05,5.0,1.982107504181423,0.0,,False
minimal_corrected,PIV,3,2025-10-12,0.0,2.3931727506271545,5.0,3.4482758620689653,False
minimal_corrected,PIV,3,2025-10-19,0.0,2.3680128302116543,0.0,0.0,False
minimal_corrected,PIV,3,2025-10-26,0.0,1.906823156008503,0.0,3.333333333333333,False
minimal_corrected,PIV,3,2025-11-02,0.0,3.050433473051628,0.0,3.508771929824561,False
minimal_corrected,PIV,3,2025-11-09,0.0,2.802455413826534,0.0,0.0,False
minimal_corrected,PIV,4,2025-01-05,0.0,0.9196703407756514,5.88235294117647,0.6756756756756757,False
minimal_corrected,PIV,4,2025-01-12,7.462686567164178,0.9856553580827864,0.0,0.6097560975609756,False
minimal_corrected,PIV,4,2025-01-19,1.694915254237288,0.525294424160581,7.462686567164178,0.7246376811594203,False
minimal_corrected,PIV,4,2025-01-26,3.508771929824561,0.8627828241371018,1.694915254237288,0.0,False
minimal_corrected,PIV,4,2025-02-09,2.127659574468085,1.1517841342421675,,5.376344086021505,False
minimal_corrected,PIV,4,2025-02-16,0.0,1.0108902373615736,2.127659574468085,3.92156862745098,False
minimal_corrected,PIV,4,2025-02-23,0.0,0.9453411404967498,0.0,2.941176470588235,False
minimal_corrected,PIV,4,2025-03-09,2.702702702702702,1.0594279114600005,5.128205128205128,3.007518796992481,False
minimal_corrected,PIV,4,2025-03-16,2.272727272727273,1.6581136950216235,2.702702702702702,0.0,False
minimal_corrected,PIV,4,2025-03-23,0.0,0.9531795844526516,2.272727272727273,1.342281879194631,False
minimal_corrected,PIV,4,2025-03-30,0.0,1.7228899899851515,0.0,0.5586592178770949,False
minimal_corrected,PIV,4,2025-04-06,0.0,1.446402136894685,0.0,0.8695652173913043,False
minimal_corrected,PIV,4,2025-04-13,2.2222222222222223,1.8475368564536887,0.0,1.834862385321101,False
minimal_corrected,PIV,4,2025-04-20,2.0408163265306123,0.7804273734049262,2.2222222222222223,1.4388489208633095,False
minimal_corrected,PIV,4,2025-04-27,0.0,1.1466144053385725,2.0408163265306123,0.5952380952380952,False
minimal_corrected,PIV,4,2025-05-04,0.0,0.7628109752793708,0.0,3.0303030303030303,False
minimal_corrected,PIV,4,2025-05-11,4.545454545454546,1.2945458752596644,0.0,1.851851851851852,False
minimal_corrected,PIV,4,2025-05-18,1.351351351351351,2.3847285886695344,4.545454545454546,2.419354838709677,False
minimal_corrected,PIV,4,2025-05-25,1.694915254237288,2.8056068811690302,1.351351351351351,4.651162790697675,False
minimal_corrected,PIV,4,2025-06-01,1.8867924528301887,2.207239475892075,1.694915254237288,4.166666666666666,False
minimal_corrected,PIV,4,2025-06-08,0.0,3.0221393363666955,1.8867924528301887,3.296703296703297,False
minimal_corrected,PIV,4,2025-06-15,5.357142857142857,2.466202006573258,0.0,2.1739130434782608,False
minimal_corrected,PIV,4,2025-06-22,2.0408163265306123,2.955704438207959,5.357142857142857,2.564102564102564,False
minimal_corrected,PIV,4,2025-06-29,7.894736842105263,2.384497379514863,2.0408163265306123,5.691056910569105,False
minimal_corrected,PIV,4,2025-07-06,0.0,2.4939087231445947,7.894736842105263,2.127659574468085,False
minimal_corrected,PIV,4,2025-07-13,0.0,2.62158626140632,0.0,3.79746835443038,False
minimal_corrected,PIV,4,2025-07-20,0.0,2.7253328902936444,0.0,0.9803921568627452,False
minimal_corrected,PIV,4,2025-07-27,0.0,1.6703187914970727,0.0,1.1764705882352942,False
minimal_corrected,PIV,4,2025-08-03,11.76470588235294,2.39515939782899,0.0,3.75,False
minimal_corrected,PIV,4,2025-08-10,2.272727272727273,1.824121718722319,11.76470588235294,0.0,False
minimal_corrected,PIV,4,2025-08-17,0.0,2.082984629512897,2.272727272727273,0.0,False
minimal_corrected,PIV,4,2025-08-24,4.761904761904762,2.166910419708443,0.0,1.8867924528301887,False
minimal_corrected,PIV,4,2025-08-31,8.108108108108109,2.513983065578876,4.761904761904762,3.389830508474576,False
minimal_corrected,PIV,4,2025-09-07,2.7777777777777777,2.627481943406536,8.108108108108109,1.5873015873015872,False
minimal_corrected,PIV,4,2025-09-14,8.108108108108109,1.844267778153068,2.7777777777777777,2.941176470588235,False
minimal_corrected,PIV,4,2025-09-21,0.0,1.603222267163395,8.108108108108109,0.0,False
minimal_corrected,PIV,4,2025-09-28,0.0,1.3159637281727654,0.0,2.898550724637681,False
minimal_corrected,PIV,4,2025-10-05,5.0,2.31210174684628,0.0,,False
minimal_corrected,PIV,4,2025-10-12,0.0,1.5396763425631317,5.0,3.4482758620689653,False
minimal_corrected,PIV,4,2025-10-19,0.0,1.776967021413398,0.0,0.0,False
minimal_corrected,PIV,4,2025-10-26,0.0,2.433930534065336,0.0,3.333333333333333,False
minimal_corrected,PIV,4,2025-11-02,0.0,1.4194801717090595,0.0,3.508771929824561,False
minimal_corrected,PIV,4,2025-11-09,0.0,2.3997524235221075,0.0,0.0,False
minimal_corrected,PIV,4,2025-11-16,0.0,2.2262941011190844,0.0,0.0,False
minimal_corrected,HRV,0,2025-01-05,17.1875,10.467541752605118,12.5,6.081081081081082,False
minimal_corrected,HRV,0,2025-01-12,16.11111111111111,18.77145375601325,17.1875,6.097560975609756,False
minimal_corrected,HRV,0,2025-01-19,16.95804195804196,15.887189406780198,16.11111111111111,8.695652173913043,False
minimal_corrected,HRV,0,2025-01-26,13.924050632911392,18.939371833837807,16.95804195804196,13.076923076923078,False
minimal_corrected,HRV,0,2025-02-02,9.852216748768472,10.26927280433386,13.924050632911392,7.317073170731707,False
minimal_corrected,HRV,0,2025-02-09,8.641975308641975,10.61391121609814,9.852216748768472,9.67741935483871,False
minimal_corrected,HRV,0,2025-02-16,4.250559284116331,9.016386195036404,8.641975308641975,9.803921568627452,False
minimal_corrected,HRV,0,2025-02-23,8.19672131147541,5.789484822730166,4.250559284116331,11.650485436893204,False
minimal_corrected,HRV,0,2025-03-02,5.897435897435897,8.830059174671229,8.19672131147541,8.49056603773585,False
minimal_corrected,HRV,0,2025-03-09,11.219512195121952,8.71465216176789,5.897435897435897,11.278195488721805,False
minimal_corrected,HRV,0,2025-03-16,12.742980561555076,10.091020224630276,11.219512195121952,5.633802816901409,False
minimal_corrected,HRV,0,2025-03-23,16.595744680851062,11.421844061382735,12.742980561555076,13.422818791946307,False
minimal_corrected,HRV,0,2025-03-30,19.13696060037524,18.458743855271408,16.595744680851062,7.82122905027933,False
minimal_corrected,HRV,0,2025-04-06,24.105011933174225,18.246234851606243,19.13696060037524,9.649122807017545,False
minimal_corrected,HRV,0,2025-04-13,22.672064777327936,21.91301606627004,24.105011933174225,6.5420560747663545,False
minimal_corrected,HRV,0,2025-04-20,25.0,19.112022877615924,22.672064777327936,11.194029850746269,False
minimal_corrected,HRV,0,2025-04-27,20.04175365344468,22.82012965685025,25.0,4.848484848484849,False
minimal_corrected,HRV,0,2025-05-04,24.566473988439306,18.693242623054008,20.04175365344468,12.5,False
minimal_corrected,HRV,0,2025-05-11,19.901719901719904,22.74211169193484,24.566473988439306,8.49673202614379,False
minimal_corrected,HRV,0,2025-05-18,17.817371937639198,19.246867864095265,19.901719901719904,9.482758620689657,False
minimal_corrected,HRV,0,2025-05-25,16.6015625,19.35808895322453,17.817371937639198,3.252032520325204,False
minimal_corrected,HRV,0,2025-06-01,17.537313432835823,18.57926367728449,16.6015625,6.451612903225806,False
minimal_corrected,HRV,0,2025-06-08,16.62870159453303,19.101613941255863,17.537313432835823,9.63855421686747,False
minimal_corrected,HRV,0,2025-06-15,17.586912065439673,19.26630339477209,16.62870159453303,4.444444444444445,False
minimal_corrected,HRV,0,2025-06-22,17.016806722689076,17.830547630057882,17.586912065439673,7.079646017699115,False
minimal_corrected,HRV,0,2025-06-29,21.11111111111111,19.930363075676603,17.016806722689076,8.695652173913043,False
minimal_corrected,HRV,0,2025-07-06,14.039408866995071,19.65405426625722,21.11111111111111,8.433734939759036,False
minimal_corrected,HRV,0,2025-07-13,16.023738872403563,8.794160221875755,14.039408866995071,9.45945945945946,False
minimal_corrected,HRV,0,2025-07-20,9.667673716012084,16.640767133753858,16.023738872403563,5.208333333333334,False
minimal_corrected,HRV,0,2025-07-27,10.086455331412104,7.273630339212396,9.667673716012084,5.063291139240507,False
minimal_corrected,HRV,0,2025-08-03,8.201892744479496,7.679938798758128,10.086455331412104,7.59493670886076,False
minimal_corrected,HRV,0,2025-08-10,8.053691275167784,7.204983579849868,8.201892744479496,8.955223880597014,False
minimal_corrected,HRV,0,2025-08-17,10.915492957746478,7.2114630789084755,8.053691275167784,6.382978723404255,False
minimal_corrected,HRV,0,2025-08-24,9.574468085106384,8.76437659024859,10.915492957746478,2.0408163265306123,False
minimal_corrected,HRV,0,2025-08-31,13.10344827586207,6.858269933388377,9.574468085106384,7.272727272727272,False
minimal_corrected,HRV,0,2025-09-07,7.662835249042145,10.615832142307545,13.10344827586207,3.225806451612903,False
minimal_corrected,HRV,0,2025-09-14,12.152777777777777,7.573173798193534,7.662835249042145,3.1746031746031744,False
minimal_corrected,HRV,0,2025-09-21,18.181818181818183,9.775495491879186,12.152777777777777,8.333333333333332,False
minimal_corrected,HRV,0,2025-09-28,26.52439024390244,20.28107962233612,18.181818181818183,7.6923076923076925,False
minimal_corrected,HRV,0,2025-10-05,23.371647509578544,22.63645088904982,26.52439024390244,,False
minimal_corrected,HRV,0,2025-10-12,22.69736842105264,21.08852169159004,23.371647509578544,4.166666666666666,False
minimal_corrected,HRV,0,2025-10-19,26.426426426426424,20.090533354330336,22.69736842105264,4.25531914893617,False
minimal_corrected,HRV,1,2025-01-05,17.1875,8.461965029671369,12.5,6.081081081081082,False
minimal_corrected,HRV,1,2025-01-12,16.11111111111111,18.79650966281597,17.1875,6.097560975609756,False
minimal_corrected,HRV,1,2025-01-19,16.95804195804196,17.21351327039706,16.11111111111111,8.695652173913043,False
minimal_corrected,HRV,1,2025-01-26,13.924050632911392,18.21235462527828,16.95804195804196,13.076923076923078,False
minimal_corrected,HRV,1,2025-02-02,9.852216748768472,9.905475561039989,13.924050632911392,7.317073170731707,False
minimal_corrected,HRV,1,2025-02-09,8.641975308641975,9.430429680921955,9.852216748768472,9.67741935483871,False
minimal_corrected,HRV,1,2025-02-16,4.250559284116331,8.847371412208602,8.641975308641975,9.803921568627452,False
minimal_corrected,HRV,1,2025-02-23,8.19672131147541,7.169371477502285,4.250559284116331,11.650485436893204,False
minimal_corrected,HRV,1,2025-03-02,5.897435897435897,8.80884892355451,8.19672131147541,8.49056603773585,False
minimal_corrected,HRV,1,2025-03-09,11.219512195121952,11.104991968780023,5.897435897435897,11.278195488721805,False
minimal_corrected,HRV,1,2025-03-16,12.742980561555076,9.556150478517011,11.219512195121952,5.633802816901409,False
minimal_corrected,HRV,1,2025-03-23,16.595744680851062,9.068163849616068,12.742980561555076,13.422818791946307,False
minimal_corrected,HRV,1,2025-03-30,19.13696060037524,18.13994550799009,16.595744680851062,7.82122905027933,False
minimal_corrected,HRV,1,2025-04-06,24.105011933174225,19.113024347273573,19.13696060037524,9.649122807017545,False
minimal_corrected,HRV,1,2025-04-13,22.672064777327936,22.16953553956487,24.105011933174225,6.5420560747663545,False
minimal_corrected,HRV,1,2025-04-20,25.0,20.13106680190637,22.672064777327936,11.194029850746269,False
minimal_corrected,HRV,1,2025-04-27,20.04175365344468,22.817501479905523,25.0,4.848484848484849,False
minimal_corrected,HRV,1,2025-05-04,24.566473988439306,19.81223685694571,20.04175365344468,12.5,False
minimal_corrected,HRV,1,2025-05-11,19.901719901719904,23.75653125719116,24.566473988439306,8.49673202614379,False
minimal_corrected,HRV,1,2025-05-18,17.817371937639198,19.921840990832223,19.901719901719904,9.482758620689657,False
minimal_corrected,HRV,1,2025-05-25,16.6015625,20.201964938775447,17.817371937639198,3.252032520325204,False
minimal_corrected,HRV,1,2025-06-01,17.537313432835823,18.877338441264182,16.6015625,6.451612903225806,False
minimal_corrected,HRV,1,2025-06-08,16.62870159453303,20.341770112411165,17.537313432835823,9.63855421686747,False
minimal_corrected,HRV,1,2025-06-15,17.586912065439673,19.740363062742084,16.62870159453303,4.444444444444445,False
minimal_corrected,HRV,1,2025-06-22,17.016806722689076,19.915184333976264,17.586912065439673,7.079646017699115,False
minimal_corrected,HRV,1,2025-06-29,21.11111111111111,19.72405876959519,17.016806722689076,8.695652173913043,False
minimal_corrected,HRV,1,2025-07-06,14.039408866995071,20.561456835028363,21.11111111111111,8.433734939759036,False
minimal_corrected,HRV,1,2025-07-13,16.023738872403563,8.591171956885796,14.039408866995071,9.45945945945946,False
minimal_corrected,HRV,1,2025-07-20,9.667673716012084,17.223947098790514,16.023738872403563,5.208333333333334,False
minimal_corrected,HRV,1,2025-07-27,10.086455331412104,6.90350919851598,9.667673716012084,5.063291139240507,False
minimal_corrected,HRV,1,2025-08-03,8.201892744479496,8.372662538123969,10.086455331412104,7.59493670886076,False
minimal_corrected,HRV,1,2025-08-10,8.053691275167784,6.830220671678474,8.201892744479496,8.955223880597014,False
minimal_corrected,HRV,1,2025-08-17,10.915492957746478,7.231308408225941,8.053691275167784,6.382978723404255,False
minimal_corrected,HRV,1,2025-08-24,9.574468085106384,9.318068812590214,10.915492957746478,2.0408163265306123,False
minimal_corrected,HRV,1,2025-08-31,13.10344827586207,6.991589933124926,9.574468085106384,7.272727272727272,False
minimal_corrected,HRV,1,2025-09-07,7.662835249042145,9.269486881088255,13.10344827586207,3.225806451612903,False
minimal_corrected,HRV,1,2025-09-14,12.152777777777777,7.438624787893133,7.662835249042145,3.1746031746031744,False
minimal_corrected,HRV,1,2025-09-21,18.181818181818183,10.137772446858648,12.152777777777777,8.333333333333332,False
minimal_corrected,HRV,1,2025-09-28,26.52439024390244,20.88824466416084,18.181818181818183,7.6923076923076925,False
minimal_corrected,HRV,1,2025-10-05,23.371647509578544,22.76170935327673,26.52439024390244,,False
minimal_corrected,HRV,1,2025-10-12,22.69736842105264,21.7840666338144,23.371647509578544,4.166666666666666,False
minimal_corrected,HRV,1,2025-10-19,26.426426426426424,21.45709495272135,22.69736842105264,4.25531914893617,False
minimal_corrected,HRV,1,2025-10-26,26.13981762917933,24.313462921694505,26.426426426426424,7.6923076923076925,False
minimal_corrected,HRV,2,2025-01-05,17.1875,9.534879193702585,12.5,6.081081081081082,False
minimal_corrected,HRV,2,2025-01-12,16.11111111111111,10.275890222360928,17.1875,6.097560975609756,False
minimal_corrected,HRV,2,2025-01-19,16.95804195804196,19.715283865213504,16.11111111111111,8.695652173913043,False
minimal_corrected,HRV,2,2025-01-26,13.924050632911392,15.493838788403526,16.95804195804196,13.076923076923078,False
minimal_corrected,HRV,2,2025-02-02,9.852216748768472,19.835091238157727,13.924050632911392,7.317073170731707,False
minimal_corrected,HRV,2,2025-02-09,8.641975308641975,10.409244596378583,9.852216748768472,9.67741935483871,False
minimal_corrected,HRV,2,2025-02-16,4.250559284116331,10.177735594252418,8.641975308641975,9.803921568627452,False
minimal_corrected,HRV,2,2025-02-23,8.19672131147541,6.631297326779244,4.250559284116331,11.650485436893204,False
minimal_corrected,HRV,2,2025-03-02,5.897435897435897,7.347754905136348,8.19672131147541,8.49056603773585,False
minimal_corrected,HRV,2,2025-03-09,11.219512195121952,8.202147883160237,5.897435897435897,11.278195488721805,False
minimal_corrected,HRV,2,2025-03-16,12.742980561555076,8.860016599675857,11.219512195121952,5.633802816901409,False
minimal_corrected,HRV,2,2025-03-23,16.595744680851062,11.34392922500862,12.742980561555076,13.422818791946307,False
minimal_corrected,HRV,2,2025-03-30,19.13696060037524,10.365918897807775,16.595744680851062,7.82122905027933,False
minimal_corrected,HRV,2,2025-04-06,24.105011933174225,20.27859077981549,19.13696060037524,9.649122807017545,False
minimal_corrected,HRV,2,2025-04-13,22.672064777327936,20.595471798684702,24.105011933174225,6.5420560747663545,False
minimal_corrected,HRV,2,2025-04-20,25.0,20.25924047758005,22.672064777327936,11.194029850746269,False
minimal_corrected,HRV,2,2025-04-27,20.04175365344468,19.175667932596703,25.0,4.848484848484849,False
minimal_corrected,HRV,2,2025-05-04,24.566473988439306,19.86313303869157,20.04175365344468,12.5,False
minimal_corrected,HRV,2,2025-05-11,19.901719901719904,20.42393641704082,24.566473988439306,8.49673202614379,False
minimal_corrected,HRV,2,2025-05-18,17.817371937639198,22.116637603784024,19.901719901719904,9.482758620689657,False
minimal_corrected,HRV,2,2025-05-25,16.6015625,21.320188649817123,17.817371937639198,3.252032520325204,False
minimal_corrected,HRV,2,2025-06-01,17.537313432835823,21.66039197207714,16.6015625,6.451612903225806,False
minimal_corrected,HRV,2,2025-06-08,16.62870159453303,20.11245469987073,17.537313432835823,9.63855421686747,False
minimal_corrected,HRV,2,2025-06-15,17.586912065439673,21.99847991690856,16.62870159453303,4.444444444444445,False
minimal_corrected,HRV,2,2025-06-22,17.016806722689076,21.173156350489503,17.586912065439673,7.079646017699115,False
minimal_corrected,HRV,2,2025-06-29,21.11111111111111,20.30700160242884,17.016806722689076,8.695652173913043,False
minimal_corrected,HRV,2,2025-07-06,14.039408866995071,20.485217562450263,21.11111111111111,8.433734939759036,False
minimal_corrected,HRV,2,2025-07-13,16.023738872403563,19.58648083482124,14.039408866995071,9.45945945945946,False
minimal_corrected,HRV,2,2025-07-20,9.667673716012084,12.287814331483538,16.023738872403563,5.208333333333334,False
minimal_corrected,HRV,2,2025-07-27,10.086455331412104,18.07064571513421,9.667673716012084,5.063291139240507,False
minimal_corrected,HRV,2,2025-08-03,8.201892744479496,13.244384427107088,10.086455331412104,7.59493670886076,False
minimal_corrected,HRV,2,2025-08-10,8.053691275167784,14.272583153410563,8.201892744479496,8.955223880597014,False
minimal_corrected,HRV,2,2025-08-17,10.915492957746478,8.041975176501044,8.053691275167784,6.382978723404255,False
minimal_corrected,HRV,2,2025-08-24,9.574468085106384,6.409943268888823,10.915492957746478,2.0408163265306123,False
minimal_corrected,HRV,2,2025-08-31,13.10344827586207,14.832325800092606,9.574468085106384,7.272727272727272,False
minimal_corrected,HRV,2,2025-09-07,7.662835249042145,9.369498747182188,13.10344827586207,3.225806451612903,False
minimal_corrected,HRV,2,2025-09-14,12.152777777777777,14.26522731186594,7.662835249042145,3.1746031746031744,False
minimal_corrected,HRV,2,2025-09-21,18.181818181818183,5.648786356054187,12.152777777777777,8.333333333333332,False
minimal_corrected,HRV,2,2025-09-28,26.52439024390244,14.82035659488206,18.181818181818183,7.6923076923076925,False
minimal_corrected,HRV,2,2025-10-05,23.371647509578544,21.350192499067088,26.52439024390244,,False
minimal_corrected,HRV,2,2025-10-12,22.69736842105264,20.22092495796668,23.371647509578544,4.166666666666666,False
minimal_corrected,HRV,2,2025-10-19,26.426426426426424,22.27714119431613,22.69736842105264,4.25531914893617,False
minimal_corrected,HRV,2,2025-10-26,26.13981762917933,22.000769208812343,26.426426426426424,7.6923076923076925,False
minimal_corrected,HRV,2,2025-11-02,28.455284552845526,22.395995863221778,26.13981762917933,7.272727272727272,False
minimal_corrected,HRV,3,2025-01-05,17.1875,7.635082005737327,12.5,6.081081081081082,True
minimal_corrected,HRV,3,2025-01-12,16.11111111111111,10.63352485387094,17.1875,6.097560975609756,True
minimal_corrected,HRV,3,2025-01-19,16.95804195804196,9.29575047751,16.11111111111111,8.695652173913043,True
minimal_corrected,HRV,3,2025-01-26,13.924050632911392,18.235202683432664,16.95804195804196,13.076923076923078,True
minimal_corrected,HRV,3,2025-02-02,9.852216748768472,16.059868963759598,13.924050632911392,7.317073170731707,True
minimal_corrected,HRV,3,2025-02-09,8.641975308641975,18.56921885037863,9.852216748768472,9.67741935483871,True
minimal_corrected,HRV,3,2025-02-16,4.250559284116331,10.546931065622688,8.641975308641975,9.803921568627452,True
minimal_corrected,HRV,3,2025-02-23,8.19672131147541,8.39808001472851,4.250559284116331,11.650485436893204,True
minimal_corrected,HRV,3,2025-03-02,5.897435897435897,8.863296754443468,8.19672131147541,8.49056603773585,True
minimal_corrected,HRV,3,2025-03-09,11.219512195121952,9.272744918035448,5.897435897435897,11.278195488721805,True
minimal_corrected,HRV,3,2025-03-16,12.742980561555076,10.410261709430984,11.219512195121952,5.633802816901409,True
minimal_corrected,HRV,3,2025-03-23,16.595744680851062,9.478678140284194,12.742980561555076,13.422818791946307,True
minimal_corrected,HRV,3,2025-03-30,19.13696060037524,8.994331501535806,16.595744680851062,7.82122905027933,True
minimal_corrected,HRV,3,2025-04-06,24.105011933174225,7.483666329711684,19.13696060037524,9.649122807017545,True
minimal_corrected,HRV,3,2025-04-13,22.672064777327936,18.56831741549166,24.105011933174225,6.5420560747663545,True
minimal_corrected,HRV,3,2025-04-20,25.0,18.4294775164483,22.672064777327936,11.194029850746269,True
minimal_corrected,HRV,3,2025-04-27,20.04175365344468,18.349128581969623,25.0,4.848484848484849,True
minimal_corrected,HRV,3,2025-05-04,24.566473988439306,18.455398026864408,20.04175365344468,12.5,True
minimal_corrected,HRV,3,2025-05-11,19.901719901719904,18.641688914530192,24.566473988439306,8.49673202614379,True
minimal_corrected,HRV,3,2025-05-18,17.817371937639198,19.47442931469032,19.901719901719904,9.482758620689657,True
minimal_corrected,HRV,3,2025-05-25,16.6015625,18.73415164038105,17.817371937639198,3.252032520325204,True
minimal_corrected,HRV,3,2025-06-01,17.537313432835823,19.84824463047255,16.6015625,6.451612903225806,True
minimal_corrected,HRV,3,2025-06-08,16.62870159453303,20.061127443538226,17.537313432835823,9.63855421686747,True
minimal_corrected,HRV,3,2025-06-15,17.586912065439673,17.415855109911334,16.62870159453303,4.444444444444445,True
minimal_corrected,HRV,3,2025-06-22,17.016806722689076,20.502391467622,17.586912065439673,7.079646017699115,True
minimal_corrected,HRV,3,2025-06-29,21.11111111111111,20.414053313469005,17.016806722689076,8.695652173913043,True
minimal_corrected,HRV,3,2025-07-06,14.039408866995071,17.08429416108917,21.11111111111111,8.433734939759036,True
minimal_corrected,HRV,3,2025-07-13,16.023738872403563,17.691481459942366,14.039408866995071,9.45945945945946,True
minimal_corrected,HRV,3,2025-07-20,9.667673716012084,16.51736222658768,16.023738872403563,5.208333333333334,True
minimal_corrected,HRV,3,2025-07-27,10.086455331412104,6.664248162085452,9.667673716012084,5.063291139240507,True
minimal_corrected,HRV,3,2025-08-03,8.201892744479496,15.19863470120835,10.086455331412104,7.59493670886076,True
minimal_corrected,HRV,3,2025-08-10,8.053691275167784,6.846250989724097,8.201892744479496,8.955223880597014,True
minimal_corrected,HRV,3,2025-08-17,10.915492957746478,6.940436549823176,8.053691275167784,6.382978723404255,True
minimal_corrected,HRV,3,2025-08-24,9.574468085106384,7.500909862180766,10.915492957746478,2.0408163265306123,True
minimal_corrected,HRV,3,2025-08-31,13.10344827586207,6.856623867125236,9.574468085106384,7.272727272727272,True
minimal_corrected,HRV,3,2025-09-07,7.662835249042145,7.761864307329042,13.10344827586207,3.225806451612903,True
minimal_corrected,HRV,3,2025-09-14,12.152777777777777,9.096479834487438,7.662835249042145,3.1746031746031744,True
minimal_corrected,HRV,3,2025-09-21,18.181818181818183,10.525945634004009,12.152777777777777,8.333333333333332,True
minimal_corrected,HRV,3,2025-09-28,26.52439024390244,8.649107818783717,18.181818181818183,7.6923076923076925,True
minimal_corrected,HRV,3,2025-10-05,23.371647509578544,9.606670174341131,26.52439024390244,,True
minimal_corrected,HRV,3,2025-10-12,22.69736842105264,18.850853520591173,23.371647509578544,4.166666666666666,True
minimal_corrected,HRV,3,2025-10-19,26.426426426426424,18.796760040323324,22.69736842105264,4.25531914893617,True
minimal_corrected,HRV,3,2025-10-26,26.13981762917933,22.018620584866447,26.426426426426424,7.6923076923076925,True
minimal_corrected,HRV,3,2025-11-02,28.455284552845526,22.510644114027663,26.13981762917933,7.272727272727272,True
minimal_corrected,HRV,3,2025-11-09,34.40233236151604,22.23341153605003,28.455284552845526,10.0,True
minimal_corrected,HRV,4,2025-01-05,17.1875,8.142459873893802,12.5,6.081081081081082,False
minimal_corrected,HRV,4,2025-01-12,16.11111111111111,7.4466040054821745,17.1875,6.097560975609756,False
minimal_corrected,HRV,4,2025-01-19,16.95804195804196,8.531929282175406,16.11111111111111,8.695652173913043,False
minimal_corrected,HRV,4,2025-01-26,13.924050632911392,8.14268856604904,16.95804195804196,13.076923076923078,False
minimal_corrected,HRV,4,2025-02-02,9.852216748768472,11.15326113741261,13.924050632911392,7.317073170731707,False
minimal_corrected,HRV,4,2025-02-09,8.641975308641975,10.894008414260936,9.852216748768472,9.67741935483871,False
minimal_corrected,HRV,4,2025-02-16,4.250559284116331,11.151579436507657,8.641975308641975,9.803921568627452,False
minimal_corrected,HRV,4,2025-02-23,8.19672131147541,9.322980852549556,4.250559284116331,11.650485436893204,False
minimal_corrected,HRV,4,2025-03-02,5.897435897435897,8.603687202937836,8.19672131147541,8.49056603773585,False
minimal_corrected,HRV,4,2025-03-09,11.219512195121952,7.568962935936732,5.897435897435897,11.278195488721805,False
minimal_corrected,HRV,4,2025-03-16,12.742980561555076,8.90339531620864,11.219512195121952,5.633802816901409,False
minimal_corrected,HRV,4,2025-03-23,16.595744680851062,8.286981424428427,12.742980561555076,13.422818791946307,False
minimal_corrected,HRV,4,2025-03-30,19.13696060037524,8.76467345570234,16.595744680851062,7.82122905027933,False
minimal_corrected,HRV,4,2025-04-06,24.105011933174225,9.278475651575231,19.13696060037524,9.649122807017545,False
minimal_corrected,HRV,4,2025-04-13,22.672064777327936,9.295709588636646,24.105011933174225,6.5420560747663545,False
minimal_corrected,HRV,4,2025-04-20,25.0,11.455576711799257,22.672064777327936,11.194029850746269,False
minimal_corrected,HRV,4,2025-04-27,20.04175365344468,11.253360428383433,25.0,4.848484848484849,False
minimal_corrected,HRV,4,2025-05-04,24.566473988439306,11.318948687959493,20.04175365344468,12.5,False
minimal_corrected,HRV,4,2025-05-11,19.901719901719904,14.14677373070638,24.566473988439306,8.49673202614379,False
minimal_corrected,HRV,4,2025-05-18,17.817371937639198,14.132870875947384,19.901719901719904,9.482758620689657,False
minimal_corrected,HRV,4,2025-05-25,16.6015625,14.283330887560648,17.817371937639198,3.252032520325204,False
minimal_corrected,HRV,4,2025-06-01,17.537313432835823,13.602795744136358,16.6015625,6.451612903225806,False
minimal_corrected,HRV,4,2025-06-08,16.62870159453303,13.517614161391188,17.537313432835823,9.63855421686747,False
minimal_corrected,HRV,4,2025-06-15,17.586912065439673,12.526471910973704,16.62870159453303,4.444444444444445,False
minimal_corrected,HRV,4,2025-06-22,17.016806722689076,13.34584218485369,17.586912065439673,7.079646017699115,False
minimal_corrected,HRV,4,2025-06-29,21.11111111111111,13.821755531724,17.016806722689076,8.695652173913043,False
minimal_corrected,HRV,4,2025-07-06,14.039408866995071,13.542075226458785,21.11111111111111,8.433734939759036,False
minimal_corrected,HRV,4,2025-07-13,16.023738872403563,14.11011070806233,14.039408866995071,9.45945945945946,False
minimal_corrected,HRV,4,2025-07-20,9.667673716012084,14.213762403662356,16.023738872403563,5.208333333333334,False
minimal_corrected,HRV,4,2025-07-27,10.086455331412104,14.214268625244744,9.667673716012084,5.063291139240507,False
minimal_corrected,HRV,4,2025-08-03,8.201892744479496,10.639932179751604,10.086455331412104,7.59493670886076,False
minimal_corrected,HRV,4,2025-08-10,8.053691275167784,13.469184273183162,8.201892744479496,8.955223880597014,False
minimal_corrected,HRV,4,2025-08-17,10.915492957746478,7.825316958977103,8.053691275167784,6.382978723404255,False
minimal_corrected,HRV,4,2025-08-24,9.574468085106384,7.295341412157313,10.915492957746478,2.0408163265306123,False
minimal_corrected,HRV,4,2025-08-31,13.10344827586207,9.916686940667695,9.574468085106384,7.272727272727272,False
minimal_corrected,HRV,4,2025-09-07,7.662835249042145,9.77505883664764,13.10344827586207,3.225806451612903,False
minimal_corrected,HRV,4,2025-09-14,12.152777777777777,9.848058654555851,7.662835249042145,3.1746031746031744,False
minimal_corrected,HRV,4,2025-09-21,18.181818181818183,13.182854968450233,12.152777777777777,8.333333333333332,False
minimal_corrected,HRV,4,2025-09-28,26.52439024390244,14.36538208346638,18.181818181818183,7.6923076923076925,False
minimal_corrected,HRV,4,2025-10-05,23.371647509578544,8.388806149288694,26.52439024390244,,False
minimal_corrected,HRV,4,2025-10-12,22.69736842105264,13.81326374100172,23.371647509578544,4.166666666666666,False
minimal_corrected,HRV,4,2025-10-19,26.426426426426424,19.809458428150865,22.69736842105264,4.25531914893617,False
minimal_corrected,HRV,4,2025-10-26,26.13981762917933,21.291527358007915,26.426426426426424,7.6923076923076925,False
minimal_corrected,HRV,4,2025-11-02,28.455284552845526,19.22618528545634,26.13981762917933,7.272727272727272,False
minimal_corrected,HRV,4,2025-11-09,34.40233236151604,22.500118781820102,28.455284552845526,10.0,False
minimal_corrected,HRV,4,2025-11-16,31.974921630094045,20.352844681938056,34.40233236151604,8.47457627118644,False
minimal_corrected,MP,0,2025-01-05,4.281345565749235,1.770099641564796,1.96078431372549,0.6756756756756757,False
minimal_corrected,MP,0,2025-01-12,2.554744525547445,3.231171355555261,4.281345565749235,1.2195121951219512,False
minimal_corrected,MP,0,2025-01-19,2.4347826086956523,1.6135476280487346,2.554744525547445,0.7246376811594203,False
minimal_corrected,MP,0,2025-01-26,1.7889087656529516,2.6235620332524854,2.4347826086956523,0.7692307692307693,False
minimal_corrected,MP,0,2025-02-02,8.374384236453201,1.359239612920781,1.7889087656529516,0.6097560975609756,False
minimal_corrected,MP,0,2025-02-09,0.4878048780487805,5.263225692286423,8.374384236453201,1.0752688172043012,False
minimal_corrected,MP,0,2025-02-16,1.7699115044247788,0.5893834498116237,0.4878048780487805,1.96078431372549,False
minimal_corrected,MP,0,2025-02-23,2.28310502283105,1.122842927564392,1.7699115044247788,0.9803921568627452,False
minimal_corrected,MP,0,2025-03-02,4.081632653061225,1.8110120581688471,2.28310502283105,1.8867924528301887,False
minimal_corrected,MP,0,2025-03-09,0.7211538461538461,3.124957701958861,4.081632653061225,1.5037593984962403,False
minimal_corrected,MP,0,2025-03-16,2.3655913978494625,1.2371379798634017,0.7211538461538461,0.7042253521126761,False
minimal_corrected,MP,0,2025-03-23,1.0526315789473684,3.0088549882338493,2.3655913978494625,0.6711409395973155,False
minimal_corrected,MP,0,2025-03-30,1.4760147601476017,1.8516267314218768,1.0526315789473684,0.5586592178770949,False
minimal_corrected,MP,0,2025-04-06,0.7042253521126761,1.4220196377371028,1.4760147601476017,0.0,False
minimal_corrected,MP,0,2025-04-13,0.3992015968063871,1.2539495808007788,0.7042253521126761,0.0,False
minimal_corrected,MP,0,2025-04-20,0.8032128514056224,1.366796008103025,0.3992015968063871,1.4388489208633095,False
minimal_corrected,MP,0,2025-04-27,1.2345679012345678,3.150842050223888,0.8032128514056224,0.5882352941176471,False
minimal_corrected,MP,0,2025-05-04,0.5763688760806917,1.7759669341264763,1.2345679012345678,9.090909090909092,False
minimal_corrected,MP,0,2025-05-11,0.7281553398058253,2.742401891990421,0.5763688760806917,0.0,False
minimal_corrected,MP,0,2025-05-18,1.0964912280701753,1.842354467996541,0.7281553398058253,1.5873015873015872,False
minimal_corrected,MP,0,2025-05-25,0.5802707930367506,2.016401346683499,1.0964912280701753,0.7633587786259541,False
minimal_corrected,MP,0,2025-06-01,1.107011070110701,2.5739972675534046,0.5802707930367506,2.0,False
minimal_corrected,MP,0,2025-06-08,0.2262443438914027,2.019630557734936,1.107011070110701,1.098901098901099,False
minimal_corrected,MP,0,2025-06-15,0.2016129032258064,2.180447384176313,0.2262443438914027,2.1739130434782608,False
minimal_corrected,MP,0,2025-06-22,1.443298969072165,2.0705967735585533,0.2016129032258064,0.847457627118644,False
minimal_corrected,MP,0,2025-06-29,0.4385964912280701,1.3893492228888058,1.443298969072165,2.4390243902439024,False
minimal_corrected,MP,0,2025-07-06,1.452784503631961,2.126375022464122,0.4385964912280701,2.1052631578947367,False
minimal_corrected,MP,0,2025-07-13,0.2967359050445104,2.724250083917742,1.452784503631961,1.2658227848101269,False
minimal_corrected,MP,0,2025-07-20,0.0,2.667725166047027,0.2967359050445104,0.0,False
minimal_corrected,MP,0,2025-07-27,0.2849002849002849,1.58805532485867,0.0,2.3529411764705883,False
minimal_corrected,MP,0,2025-08-03,0.3154574132492113,2.7317879456114627,0.2849002849002849,5.0,False
minimal_corrected,MP,0,2025-08-10,0.9933774834437088,1.7688406483610557,0.3154574132492113,4.225352112676056,False
minimal_corrected,MP,0,2025-08-17,1.048951048951049,1.287910419699812,0.9933774834437088,0.0,False
minimal_corrected,MP,0,2025-08-24,0.6968641114982579,1.749540457091069,1.048951048951049,3.7037037037037033,False
minimal_corrected,MP,0,2025-08-31,0.0,1.5822445122308877,0.6968641114982579,3.278688524590164,False
minimal_corrected,MP,0,2025-09-07,3.0534351145038165,1.6860538355208965,0.0,0.0,False
minimal_corrected,MP,0,2025-09-14,0.3472222222222222,2.0230782727609378,3.0534351145038165,0.0,False
minimal_corrected,MP,0,2025-09-21,0.6060606060606061,1.0944283412094342,0.3472222222222222,0.0,False
minimal_corrected,MP,0,2025-09-28,0.0,0.4829486681353498,0.6060606060606061,0.0,False
minimal_corrected,MP,0,2025-10-05,0.3831417624521072,1.314549786237473,0.0,,False
minimal_corrected,MP,0,2025-10-12,1.973684210526316,1.1593041855226789,0.3831417624521072,0.0,False
minimal_corrected,MP,0,2025-10-19,0.3003003003003003,1.3761205661265672,1.973684210526316,2.083333333333333,False
minimal_corrected,MP,1,2025-01-05,4.281345565749235,1.5412982899441403,1.96078431372549,0.6756756756756757,True
minimal_corrected,MP,1,2025-01-12,2.554744525547445,2.590689816883036,4.281345565749235,1.2195121951219512,True
minimal_corrected,MP,1,2025-01-19,2.4347826086956523,2.6672072893082355,2.554744525547445,0.7246376811594203,True
minimal_corrected,MP,1,2025-01-26,1.7889087656529516,1.903416332183047,2.4347826086956523,0.7692307692307693,True
minimal_corrected,MP,1,2025-02-02,8.374384236453201,1.4329299039553811,1.7889087656529516,0.6097560975609756,True
minimal_corrected,MP,1,2025-02-09,0.4878048780487805,6.1327016343559455,8.374384236453201,1.0752688172043012,True
minimal_corrected,MP,1,2025-02-16,1.7699115044247788,1.3344283079408246,0.4878048780487805,1.96078431372549,True
minimal_corrected,MP,1,2025-02-23,2.28310502283105,1.0460745270325438,1.7699115044247788,0.9803921568627452,True
minimal_corrected,MP,1,2025-03-02,4.081632653061225,2.630077698977888,2.28310502283105,1.8867924528301887,True
minimal_corrected,MP,1,2025-03-09,0.7211538461538461,2.48485942802252,4.081632653061225,1.5037593984962403,True
minimal_corrected,MP,1,2025-03-16,2.3655913978494625,1.3039165212366135,0.7211538461538461,0.7042253521126761,True
minimal_corrected,MP,1,2025-03-23,1.0526315789473684,1.7781437299286935,2.3655913978494625,0.6711409395973155,True
minimal_corrected,MP,1,2025-03-30,1.4760147601476017,1.5222288379785145,1.0526315789473684,0.5586592178770949,True
minimal_corrected,MP,1,2025-04-06,0.7042253521126761,1.1539370621277607,1.4760147601476017,0.0,True
minimal_corrected,MP,1,2025-04-13,0.3992015968063871,1.4281475112036195,0.7042253521126761,0.0,True
minimal_corrected,MP,1,2025-04-20,0.8032128514056224,1.510838251496298,0.3992015968063871,1.4388489208633095,True
minimal_corrected,MP,1,2025-04-27,1.2345679012345678,1.62241236248658,0.8032128514056224,0.5882352941176471,True
minimal_corrected,MP,1,2025-05-04,0.5763688760806917,1.6384566631178483,1.2345679012345678,9.090909090909092,True
minimal_corrected,MP,1,2025-05-11,0.7281553398058253,1.4260148490391225,0.5763688760806917,0.0,True
minimal_corrected,MP,1,2025-05-18,1.0964912280701753,1.76838032579799,0.7281553398058253,1.5873015873015872,True
minimal_corrected,MP,1,2025-05-25,0.5802707930367506,1.8625722076588769,1.0964912280701753,0.7633587786259541,True
minimal_corrected,MP,1,2025-06-01,1.107011070110701,1.4537221397397764,0.5802707930367506,2.0,True
minimal_corrected,MP,1,2025-06-08,0.2262443438914027,1.8193587266420428,1.107011070110701,1.098901098901099,True
minimal_corrected,MP,1,2025-06-15,0.2016129032258064,1.933524708331125,0.2262443438914027,2.1739130434782608,True
minimal_corrected,MP,1,2025-06-22,1.443298969072165,1.4849834323961657,0.2016129032258064,0.847457627118644,True
minimal_corrected,MP,1,2025-06-29,0.4385964912280701,1.333642905061559,1.443298969072165,2.4390243902439024,True
minimal_corrected,MP,1,2025-07-06,1.452784503631961,1.3540050028104498,0.4385964912280701,2.1052631578947367,True
minimal_corrected,MP,1,2025-07-13,0.2967359050445104,1.3667770675430042,1.452784503631961,1.2658227848101269,True
minimal_corrected,MP,1,2025-07-20,0.0,1.467162463376488,0.2967359050445104,0.0,True
minimal_corrected,MP,1,2025-07-27,0.2849002849002849,1.4658155235884731,0.0,2.3529411764705883,True
minimal_corrected,MP,1,2025-08-03,0.3154574132492113,1.3385340756285726,0.2849002849002849,5.0,True
minimal_corrected,MP,1,2025-08-10,0.9933774834437088,1.7428484661437813,0.3154574132492113,4.225352112676056,True
minimal_corrected,MP,1,2025-08-17,1.048951048951049,1.8388357782584908,0.9933774834437088,0.0,True
minimal_corrected,MP,1,2025-08-24,0.6968641114982579,1.584108217633366,1.048951048951049,3.7037037037037033,True
minimal_corrected,MP,1,2025-08-31,0.0,1.9247230487204807,0.6968641114982579,3.278688524590164,True
minimal_corrected,MP,1,2025-09-07,3.0534351145038165,0.6888672640507529,0.0,0.0,True
minimal_corrected,MP,1,2025-09-14,0.3472222222222222,3.2640326959014776,3.0534351145038165,0.0,True
minimal_corrected,MP,1,2025-09-21,0.6060606060606061,1.7662872847640585,0.3472222222222222,0.0,True
minimal_corrected,MP,1,2025-09-28,0.0,0.8490528684781473,0.6060606060606061,0.0,True
minimal_corrected,MP,1,2025-10-05,0.3831417624521072,0.1988176843738175,0.0,,True
minimal_corrected,MP,1,2025-10-12,1.973684210526316,2.0329288680746576,0.3831417624521072,0.0,True
minimal_corrected,MP,1,2025-10-19,0.3003003003003003,1.6968061943091195,1.973684210526316,2.083333333333333,True
minimal_corrected,MP,1,2025-10-26,1.21580547112462,0.7779478069552717,0.3003003003003003,0.0,True
minimal_corrected,MP,2,2025-01-05,4.281345565749235,1.1624237037948932,1.96078431372549,0.6756756756756757,False
minimal_corrected,MP,2,2025-01-12,2.554744525547445,1.486010602562854,4.281345565749235,1.2195121951219512,False
minimal_corrected,MP,2,2025-01-19,2.4347826086956523,2.720234626101496,2.554744525547445,0.7246376811594203,False
minimal_corrected,MP,2,2025-01-26,1.7889087656529516,1.6711104124006997,2.4347826086956523,0.7692307692307693,False
minimal_corrected,MP,2,2025-02-02,8.374384236453201,1.5475567845010667,1.7889087656529516,0.6097560975609756,False
minimal_corrected,MP,2,2025-02-09,0.4878048780487805,1.6878186234991983,8.374384236453201,1.0752688172043012,False
minimal_corrected,MP,2,2025-02-16,1.7699115044247788,6.127649891656264,0.4878048780487805,1.96078431372549,False
minimal_corrected,MP,2,2025-02-23,2.28310502283105,2.0690949103451173,1.7699115044247788,0.9803921568627452,False
minimal_corrected,MP,2,2025-03-02,4.081632653061225,1.4206121960924118,2.28310502283105,1.8867924528301887,False
minimal_corrected,MP,2,2025-03-09,0.7211538461538461,2.534392652829448,4.081632653061225,1.5037593984962403,False
minimal_corrected,MP,2,2025-03-16,2.3655913978494625,3.685866477109515,0.7211538461538461,0.7042253521126761,False
minimal_corrected,MP,2,2025-03-23,1.0526315789473684,1.819077115480772,2.3655913978494625,0.6711409395973155,False
minimal_corrected,MP,2,2025-03-30,1.4760147601476017,2.535667183059335,1.0526315789473684,0.5586592178770949,False
minimal_corrected,MP,2,2025-04-06,0.7042253521126761,1.0892773821310155,1.4760147601476017,0.0,False
minimal_corrected,MP,2,2025-04-13,0.3992015968063871,1.6976191524680058,0.7042253521126761,0.0,False
minimal_corrected,MP,2,2025-04-20,0.8032128514056224,0.9744918017926568,0.3992015968063871,1.4388489208633095,False
minimal_corrected,MP,2,2025-04-27,1.2345679012345678,1.0270389963204083,0.8032128514056224,0.5882352941176471,False
minimal_corrected,MP,2,2025-05-04,0.5763688760806917,2.460710972859625,1.2345679012345678,9.090909090909092,False
minimal_corrected,MP,2,2025-05-11,0.7281553398058253,2.12690669321923,0.5763688760806917,0.0,False
minimal_corrected,MP,2,2025-05-18,1.0964912280701753,2.2596587634273466,0.7281553398058253,1.5873015873015872,False
minimal_corrected,MP,2,2025-05-25,0.5802707930367506,1.7492966225528173,1.0964912280701753,0.7633587786259541,False
minimal_corrected,MP,2,2025-06-01,1.107011070110701,1.9181416114988392,0.5802707930367506,2.0,False
minimal_corrected,MP,2,2025-06-08,0.2262443438914027,1.9226687740321704,1.107011070110701,1.098901098901099,False
minimal_corrected,MP,2,2025-06-15,0.2016129032258064,1.813505309527544,0.2262443438914027,2.1739130434782608,False
minimal_corrected,MP,2,2025-06-22,1.443298969072165,2.0761765510475034,0.2016129032258064,0.847457627118644,False
minimal_corrected,MP,2,2025-06-29,0.4385964912280701,1.9297089695242933,1.443298969072165,2.4390243902439024,False
minimal_corrected,MP,2,2025-07-06,1.452784503631961,2.9332585681710013,0.4385964912280701,2.1052631578947367,False
minimal_corrected,MP,2,2025-07-13,0.2967359050445104,1.8694927811042004,1.452784503631961,1.2658227848101269,False
minimal_corrected,MP,2,2025-07-20,0.0,2.4047069611013905,0.2967359050445104,0.0,False
minimal_corrected,MP,2,2025-07-27,0.2849002849002849,1.651176396844599,0.0,2.3529411764705883,False
minimal_corrected,MP,2,2025-08-03,0.3154574132492113,2.077938028290024,0.2849002849002849,5.0,False
minimal_corrected,MP,2,2025-08-10,0.9933774834437088,2.070548529068065,0.3154574132492113,4.225352112676056,False
minimal_corrected,MP,2,2025-08-17,1.048951048951049,2.394341845159698,0.9933774834437088,0.0,False
minimal_corrected,MP,2,2025-08-24,0.6968641114982579,2.1851501727169778,1.048951048951049,3.7037037037037033,False
minimal_corrected,MP,2,2025-08-31,0.0,1.6976999580280183,0.6968641114982579,3.278688524590164,False
minimal_corrected,MP,2,2025-09-07,3.0534351145038165,0.9518573941171676,0.0,0.0,False
minimal_corrected,MP,2,2025-09-14,0.3472222222222222,0.4038020552182395,3.0534351145038165,0.0,False
minimal_corrected,MP,2,2025-09-21,0.6060606060606061,1.0557528972221255,0.3472222222222222,0.0,False
minimal_corrected,MP,2,2025-09-28,0.0,0.5020674522683644,0.6060606060606061,0.0,False
minimal_corrected,MP,2,2025-10-05,0.3831417624521072,0.3812310952834384,0.0,,False
minimal_corrected,MP,2,2025-10-12,1.973684210526316,0.1063146895767179,0.3831417624521072,0.0,False
minimal_corrected,MP,2,2025-10-19,0.3003003003003003,0.6213641774822076,1.973684210526316,2.083333333333333,False
minimal_corrected,MP,2,2025-10-26,1.21580547112462,0.5651855834066035,0.3003003003003003,0.0,False
minimal_corrected,MP,2,2025-11-02,0.8130081300813009,0.7381694156223491,1.21580547112462,0.0,False
minimal_corrected,MP,3,2025-01-05,4.281345565749235,0.5474559346586477,1.96078431372549,0.6756756756756757,False
minimal_corrected,MP,3,2025-01-12,2.554744525547445,1.597468986317465,4.281345565749235,1.2195121951219512,False
minimal_corrected,MP,3,2025-01-19,2.4347826086956523,1.0851645530178171,2.554744525547445,0.7246376811594203,False
minimal_corrected,MP,3,2025-01-26,1.7889087656529516,2.606634676973661,2.4347826086956523,0.7692307692307693,False
minimal_corrected,MP,3,2025-02-02,8.374384236453201,1.7083610083647982,1.7889087656529516,0.6097560975609756,False
minimal_corrected,MP,3,2025-02-09,0.4878048780487805,1.8696670621944915,8.374384236453201,1.0752688172043012,False
minimal_corrected,MP,3,2025-02-16,1.7699115044247788,1.3174951229726335,0.4878048780487805,1.96078431372549,False
minimal_corrected,MP,3,2025-02-23,2.28310502283105,6.83172180854158,1.7699115044247788,0.9803921568627452,False
minimal_corrected,MP,3,2025-03-02,4.081632653061225,0.4687357012534938,2.28310502283105,1.8867924528301887,False
minimal_corrected,MP,3,2025-03-09,0.7211538461538461,1.1783593680237796,4.081632653061225,1.5037593984962403,False
minimal_corrected,MP,3,2025-03-16,2.3655913978494625,0.6599879251446308,0.7211538461538461,0.7042253521126761,False
minimal_corrected,MP,3,2025-03-23,1.0526315789473684,2.6111607979064253,2.3655913978494625,0.6711409395973155,False
minimal_corrected,MP,3,2025-03-30,1.4760147601476017,0.5943616034146291,1.0526315789473684,0.5586592178770949,False
minimal_corrected,MP,3,2025-04-06,0.7042253521126761,0.9236744143410732,1.4760147601476017,0.0,False
minimal_corrected,MP,3,2025-04-13,0.3992015968063871,1.4204566392124598,0.7042253521126761,0.0,False
minimal_corrected,MP,3,2025-04-20,0.8032128514056224,2.1014237307284067,0.3992015968063871,1.4388489208633095,False
minimal_corrected,MP,3,2025-04-27,1.2345679012345678,2.829305170789472,0.8032128514056224,0.5882352941176471,False
minimal_corrected,MP,3,2025-05-04,0.5763688760806917,3.672996943299695,1.2345679012345678,9.090909090909092,False
minimal_corrected,MP,3,2025-05-11,0.7281553398058253,3.5894412456642613,0.5763688760806917,0.0,False
minimal_corrected,MP,3,2025-05-18,1.0964912280701753,1.899208790243644,0.7281553398058253,1.5873015873015872,False
minimal_corrected,MP,3,2025-05-25,0.5802707930367506,3.501042035009356,1.0964912280701753,0.7633587786259541,False
minimal_corrected,MP,3,2025-06-01,1.107011070110701,3.826630290821476,0.5802707930367506,2.0,False
minimal_corrected,MP,3,2025-06-08,0.2262443438914027,3.6292944553318383,1.107011070110701,1.098901098901099,False
minimal_corrected,MP,3,2025-06-15,0.2016129032258064,1.2395465270615562,0.2262443438914027,2.1739130434782608,False
minimal_corrected,MP,3,2025-06-22,1.443298969072165,3.103811167393914,0.2016129032258064,0.847457627118644,False
minimal_corrected,MP,3,2025-06-29,0.4385964912280701,4.073934467314427,1.443298969072165,2.4390243902439024,False
minimal_corrected,MP,3,2025-07-06,1.452784503631961,1.164279431156707,0.4385964912280701,2.1052631578947367,False
minimal_corrected,MP,3,2025-07-13,0.2967359050445104,1.460314737627204,1.452784503631961,1.2658227848101269,False
minimal_corrected,MP,3,2025-07-20,0.0,2.877343611749579,0.2967359050445104,0.0,False
minimal_corrected,MP,3,2025-07-27,0.2849002849002849,2.264837461450474,0.0,2.3529411764705883,False
minimal_corrected,MP,3,2025-08-03,0.3154574132492113,1.269945404501963,0.2849002849002849,5.0,False
minimal_corrected,MP,3,2025-08-10,0.9933774834437088,2.282495189508132,0.3154574132492113,4.225352112676056,False
minimal_corrected,MP,3,2025-08-17,1.048951048951049,0.6751299445173146,0.9933774834437088,0.0,False
minimal_corrected,MP,3,2025-08-24,0.6968641114982579,1.473634515011371,1.048951048951049,3.7037037037037033,False
minimal_corrected,MP,3,2025-08-31,0.0,0.9191877144330948,0.6968641114982579,3.278688524590164,False
minimal_corrected,MP,3,2025-09-07,3.0534351145038165,0.3456617673894346,0.0,0.0,False
minimal_corrected,MP,3,2025-09-14,0.3472222222222222,0.9625160483018644,3.0534351145038165,0.0,False
minimal_corrected,MP,3,2025-09-21,0.6060606060606061,1.0867716331495807,0.3472222222222222,0.0,False
minimal_corrected,MP,3,2025-09-28,0.0,2.569844473522165,0.6060606060606061,0.0,False
minimal_corrected,MP,3,2025-10-05,0.3831417624521072,2.597168102000288,0.0,,False
minimal_corrected,MP,3,2025-10-12,1.973684210526316,0.8650378074162304,0.3831417624521072,0.0,False
minimal_corrected,MP,3,2025-10-19,0.3003003003003003,0.8082789075586849,1.973684210526316,2.083333333333333,False
minimal_corrected,MP,3,2025-10-26,1.21580547112462,2.564361926946896,0.3003003003003003,0.0,False
minimal_corrected,MP,3,2025-11-02,0.8130081300813009,1.207026422702532,1.21580547112462,0.0,False
minimal_corrected,MP,3,2025-11-09,1.4577259475218658,1.722130635154211,0.8130081300813009,0.0,False
minimal_corrected,MP,4,2025-01-05,4.281345565749235,0.5510974334870014,1.96078431372549,0.6756756756756757,False
minimal_corrected,MP,4,2025-01-12,2.554744525547445,0.3377458957377188,4.281345565749235,1.2195121951219512,False
minimal_corrected,MP,4,2025-01-19,2.4347826086956523,1.1084166655710284,2.554744525547445,0.7246376811594203,False
minimal_corrected,MP,4,2025-01-26,1.7889087656529516,0.4813980971113833,2.4347826086956523,0.7692307692307693,False
minimal_corrected,MP,4,2025-02-02,8.374384236453201,2.194454055863894,1.7889087656529516,0.6097560975609756,False
minimal_corrected,MP,4,2025-02-09,0.4878048780487805,1.2936723328812052,8.374384236453201,1.0752688172043012,False
minimal_corrected,MP,4,2025-02-16,1.7699115044247788,1.5015089476868235,0.4878048780487805,1.96078431372549,False
minimal_corrected,MP,4,2025-02-23,2.28310502283105,0.9254540904921842,1.7699115044247788,0.9803921568627452,False
minimal_corrected,MP,4,2025-03-02,4.081632653061225,8.494638122591125,2.28310502283105,1.8867924528301887,False
minimal_corrected,MP,4,2025-03-09,0.7211538461538461,0.6327705508419486,4.081632653061225,1.5037593984962403,False
minimal_corrected,MP,4,2025-03-16,2.3655913978494625,0.9035753041997894,0.7211538461538461,0.7042253521126761,False
minimal_corrected,MP,4,2025-03-23,1.0526315789473684,0.819863373227779,2.3655913978494625,0.6711409395973155,False
minimal_corrected,MP,4,2025-03-30,1.4760147601476017,3.732376494264665,1.0526315789473684,0.5586592178770949,False
minimal_corrected,MP,4,2025-04-06,0.7042253521126761,0.7633296687492315,1.4760147601476017,0.0,False
minimal_corrected,MP,4,2025-04-13,0.3992015968063871,2.145889520083522,0.7042253521126761,0.0,False
minimal_corrected,MP,4,2025-04-20,0.8032128514056224,1.7789730117410738,0.3992015968063871,1.4388489208633095,False
minimal_corrected,MP,4,2025-04-27,1.2345679012345678,1.558824686470529,0.8032128514056224,0.5882352941176471,False
minimal_corrected,MP,4,2025-05-04,0.5763688760806917,1.674166480036695,1.2345679012345678,9.090909090909092,False
minimal_corrected,MP,4,2025-05-11,0.7281553398058253,1.8801003791976183,0.5763688760806917,0.0,False
minimal_corrected,MP,4,2025-05-18,1.0964912280701753,2.748147681974229,0.7281553398058253,1.5873015873015872,False
minimal_corrected,MP,4,2025-05-25,0.5802707930367506,1.287846268998972,1.0964912280701753,0.7633587786259541,False
minimal_corrected,MP,4,2025-06-01,1.107011070110701,1.6825165815631389,0.5802707930367506,2.0,False
minimal_corrected,MP,4,2025-06-08,0.2262443438914027,1.5545725438584517,1.107011070110701,1.098901098901099,False
minimal_corrected,MP,4,2025-06-15,0.2016129032258064,2.211545473135605,0.2262443438914027,2.1739130434782608,False
minimal_corrected,MP,4,2025-06-22,1.443298969072165,1.219840501184463,0.2016129032258064,0.847457627118644,False
minimal_corrected,MP,4,2025-06-29,0.4385964912280701,1.9794261121796464,1.443298969072165,2.4390243902439024,False
minimal_corrected,MP,4,2025-07-06,1.452784503631961,1.7251345681108776,0.4385964912280701,2.1052631578947367,False
minimal_corrected,MP,4,2025-07-13,0.2967359050445104,1.4410535273309335,1.452784503631961,1.2658227848101269,False
minimal_corrected,MP,4,2025-07-20,0.0,1.5683002990708916,0.2967359050445104,0.0,False
minimal_corrected,MP,4,2025-07-27,0.2849002849002849,1.0390122721466526,0.0,2.3529411764705883,False
minimal_corrected,MP,4,2025-08-03,0.3154574132492113,1.6194570359704707,0.2849002849002849,5.0,False
minimal_corrected,MP,4,2025-08-10,0.9933774834437088,1.333635453143354,0.3154574132492113,4.225352112676056,False
minimal_corrected,MP,4,2025-08-17,1.048951048951049,1.5930558787771982,0.9933774834437088,0.0,False
minimal_corrected,MP,4,2025-08-24,0.6968641114982579,1.1332282359139625,1.048951048951049,3.7037037037037033,False
minimal_corrected,MP,4,2025-08-31,0.0,0.6974268892711034,0.6968641114982579,3.278688524590164,False
minimal_corrected,MP,4,2025-09-07,3.0534351145038165,0.6264890503443639,0.0,0.0,False
minimal_corrected,MP,4,2025-09-14,0.3472222222222222,0.941815927805367,3.0534351145038165,0.0,False
minimal_corrected,MP,4,2025-09-21,0.6060606060606061,0.6599379615300357,0.3472222222222222,0.0,False
minimal_corrected,MP,4,2025-09-28,0.0,0.2649969504774059,0.6060606060606061,0.0,False
minimal_corrected,MP,4,2025-10-05,0.3831417624521072,1.4527015724069432,0.0,,False
minimal_corrected,MP,4,2025-10-12,1.973684210526316,0.7558435359814203,0.3831417624521072,0.0,False
minimal_corrected,MP,4,2025-10-19,0.3003003003003003,0.4537396523911325,1.973684210526316,2.083333333333333,False
minimal_corrected,MP,4,2025-10-26,1.21580547112462,0.4172410348616522,0.3003003003003003,0.0,False
minimal_corrected,MP,4,2025-11-02,0.8130081300813009,0.7615559541165234,1.21580547112462,0.0,False
minimal_corrected,MP,4,2025-11-09,1.4577259475218658,0.726806675225881,0.8130081300813009,0.0,False
minimal_corrected,MP,4,2025-11-16,0.9404388714733544,0.3791073727867087,1.4577259475218658,0.0,False
minimal_corrected,HMPV,0,2025-01-05,1.8867924528301887,1.308300375153002,0.0,2.702702702702702,False
minimal_corrected,HMPV,0,2025-01-12,0.0,2.081089008675164,1.8867924528301887,4.878048780487805,False
minimal_corrected,HMPV,0,2025-01-19,0.0,0.7798563299689099,0.0,3.6231884057971016,False
minimal_corrected,HMPV,0,2025-01-26,0.0,0.9768295225362678,0.0,3.076923076923077,False
minimal_corrected,HMPV,0,2025-02-16,0.0,0.5887660255919305,0.0,7.84313725490196,False
minimal_corrected,HMPV,0,2025-02-23,0.0,0.9442256391337271,0.0,5.88235294117647,False
minimal_corrected,HMPV,0,2025-03-02,0.0,2.04627123003843,0.0,3.738317757009345,False
minimal_corrected,HMPV,0,2025-03-09,0.0,0.6927931247090193,0.0,3.007518796992481,False
minimal_corrected,HMPV,0,2025-03-16,9.523809523809524,0.6524475525829123,0.0,4.929577464788732,False
minimal_corrected,HMPV,0,2025-03-23,2.3255813953488373,4.683160134589516,9.523809523809524,5.369127516778524,False
minimal_corrected,HMPV,0,2025-03-30,2.4390243902439024,1.050945129181203,2.3255813953488373,1.675977653631285,False
minimal_corrected,HMPV,0,2025-04-20,2.3255813953488373,3.3075904874441706,21.052631578947366,0.0,False
minimal_corrected,HMPV,0,2025-04-27,11.428571428571429,1.5429181677250918,2.3255813953488373,0.0,False
minimal_corrected,HMPV,0,2025-05-18,0.0,1.0261490587746191,2.564102564102564,2.586206896551724,False
minimal_corrected,HMPV,0,2025-05-25,1.7241379310344829,1.2100020139861782,0.0,0.8130081300813009,False
minimal_corrected,HMPV,0,2025-06-01,0.0,1.066894552624978,1.7241379310344829,1.0752688172043012,False
minimal_corrected,HMPV,0,2025-06-08,0.0,1.2618306247097169,0.0,1.2048192771084338,False
minimal_corrected,HMPV,0,2025-06-15,0.0,0.9663189469775152,0.0,0.0,False
minimal_corrected,HMPV,0,2025-06-22,2.1739130434782608,1.1212194008206544,0.0,0.8849557522123894,False
minimal_corrected,HMPV,0,2025-06-29,0.0,0.9045033491617506,2.1739130434782608,0.0,False
minimal_corrected,HMPV,0,2025-07-06,0.0,0.9897808910622248,0.0,0.0,False
minimal_corrected,HMPV,0,2025-07-13,0.0,1.1516831028689505,0.0,1.36986301369863,False
minimal_corrected,HMPV,0,2025-07-20,0.0,1.0919636975203562,0.0,0.0,False
minimal_corrected,HMPV,0,2025-07-27,0.0,0.8462959026598873,0.0,0.0,False
minimal_corrected,HMPV,0,2025-08-03,0.0,1.4190314924516638,0.0,0.0,False
minimal_corrected,HMPV,0,2025-08-10,0.0,1.30153960250522,0.0,0.0,False
minimal_corrected,HMPV,0,2025-08-17,0.0,0.8249290292920165,0.0,2.127659574468085,False
minimal_corrected,HMPV,0,2025-08-24,0.0,0.7239676314475395,0.0,0.0,False
minimal_corrected,HMPV,0,2025-08-31,0.0,0.4074345716631592,0.0,0.0,False
minimal_corrected,HMPV,0,2025-09-07,0.0,1.2012465198303253,0.0,0.0,False
minimal_corrected,HMPV,0,2025-09-14,0.0,0.948787450262498,0.0,0.0,False
minimal_corrected,HMPV,0,2025-09-21,0.0,0.8012245550594441,0.0,0.0,False
minimal_corrected,HMPV,0,2025-09-28,9.375,0.6226913787385485,0.0,0.0,False
minimal_corrected,HMPV,0,2025-10-05,0.0,3.650015020979493,9.375,,False
minimal_corrected,HMPV,0,2025-10-12,5.0,1.0778317066027108,0.0,0.0,False
minimal_corrected,HMPV,0,2025-10-19,3.125,2.8099373264911414,5.0,2.1739130434782608,False
minimal_corrected,HMPV,1,2025-01-05,1.8867924528301887,0.6397602003765777,0.0,2.702702702702702,False
minimal_corrected,HMPV,1,2025-01-12,0.0,1.7076909822824815,1.8867924528301887,4.878048780487805,False
minimal_corrected,HMPV,1,2025-01-19,0.0,0.5175906019056522,0.0,3.6231884057971016,False
minimal_corrected,HMPV,1,2025-01-26,0.0,0.7961699301981778,0.0,3.076923076923077,False
minimal_corrected,HMPV,1,2025-02-16,0.0,0.4709931703346985,0.0,7.84313725490196,False
minimal_corrected,HMPV,1,2025-02-23,0.0,0.5742742084357145,0.0,5.88235294117647,False
minimal_corrected,HMPV,1,2025-03-02,0.0,0.9076401329919168,0.0,3.738317757009345,False
minimal_corrected,HMPV,1,2025-03-09,0.0,1.434136168256052,0.0,3.007518796992481,False
minimal_corrected,HMPV,1,2025-03-16,9.523809523809524,0.2803538860659611,0.0,4.929577464788732,False
minimal_corrected,HMPV,1,2025-03-23,2.3255813953488373,4.138640806298571,9.523809523809524,5.369127516778524,False
minimal_corrected,HMPV,1,2025-03-30,2.4390243902439024,1.2477250792571355,2.3255813953488373,1.675977653631285,False
minimal_corrected,HMPV,1,2025-04-20,2.3255813953488373,3.3010921129281514,21.052631578947366,0.0,False
minimal_corrected,HMPV,1,2025-04-27,11.428571428571429,1.1154266314959271,2.3255813953488373,0.0,False
minimal_corrected,HMPV,1,2025-05-18,0.0,1.4829922264512851,2.564102564102564,2.586206896551724,False
minimal_corrected,HMPV,1,2025-05-25,1.7241379310344829,1.5842520750374558,0.0,0.8130081300813009,False
minimal_corrected,HMPV,1,2025-06-01,0.0,0.9413732836597686,1.7241379310344829,1.0752688172043012,False
minimal_corrected,HMPV,1,2025-06-08,0.0,1.7133404943508543,0.0,1.2048192771084338,False
minimal_corrected,HMPV,1,2025-06-15,0.0,1.3447934903205208,0.0,0.0,False
minimal_corrected,HMPV,1,2025-06-22,2.1739130434782608,0.8674502864175172,0.0,0.8849557522123894,False
minimal_corrected,HMPV,1,2025-06-29,0.0,0.659677806633423,2.1739130434782608,0.0,False
minimal_corrected,HMPV,1,2025-07-06,0.0,0.5196817295808093,0.0,0.0,False
minimal_corrected,HMPV,1,2025-07-13,0.0,1.8469258157575248,0.0,1.36986301369863,False
minimal_corrected,HMPV,1,2025-07-20,0.0,1.0482235483464029,0.0,0.0,False
minimal_corrected,HMPV,1,2025-07-27,0.0,1.6248191171743485,0.0,0.0,False
minimal_corrected,HMPV,1,2025-08-03,0.0,0.1223295388142323,0.0,0.0,False
minimal_corrected,HMPV,1,2025-08-10,0.0,1.0561802455508509,0.0,0.0,False
minimal_corrected,HMPV,1,2025-08-17,0.0,0.405799031900918,0.0,2.127659574468085,False
minimal_corrected,HMPV,1,2025-08-24,0.0,0.1937207779983288,0.0,0.0,False
minimal_corrected,HMPV,1,2025-08-31,0.0,0.6165983151417563,0.0,0.0,False
minimal_corrected,HMPV,1,2025-09-07,0.0,1.1563622367495248,0.0,0.0,False
minimal_corrected,HMPV,1,2025-09-14,0.0,1.2959118540212364,0.0,0.0,False
minimal_corrected,HMPV,1,2025-09-21,0.0,1.0662961000447555,0.0,0.0,False
minimal_corrected,HMPV,1,2025-09-28,9.375,0.7035062879066435,0.0,0.0,False
minimal_corrected,HMPV,1,2025-10-05,0.0,2.8376633641630384,9.375,,False
minimal_corrected,HMPV,1,2025-10-12,5.0,1.4514983619638275,0.0,0.0,False
minimal_corrected,HMPV,1,2025-10-19,3.125,2.273582306673982,5.0,2.1739130434782608,False
minimal_corrected,HMPV,1,2025-10-26,0.0,1.3411371281283064,3.125,0.0,False
minimal_corrected,HMPV,2,2025-01-05,1.8867924528301887,2.092969262105227,0.0,2.702702702702702,False
minimal_corrected,HMPV,2,2025-01-12,0.0,1.325603129133154,1.8867924528301887,4.878048780487805,False
minimal_corrected,HMPV,2,2025-01-19,0.0,1.4428583513829478,0.0,3.6231884057971016,False
minimal_corrected,HMPV,2,2025-01-26,0.0,0.4426745461174808,0.0,3.076923076923077,False
minimal_corrected,HMPV,2,2025-02-09,0.0,0.6566911503815729,,7.526881720430108,False
minimal_corrected,HMPV,2,2025-02-23,0.0,0.4700617802237056,0.0,5.88235294117647,False
minimal_corrected,HMPV,2,2025-03-02,0.0,0.8089043664306598,0.0,3.738317757009345,False
minimal_corrected,HMPV,2,2025-03-09,0.0,0.3690572499370797,0.0,3.007518796992481,False
minimal_corrected,HMPV,2,2025-03-16,9.523809523809524,1.275157936304247,0.0,4.929577464788732,False
minimal_corrected,HMPV,2,2025-03-23,2.3255813953488373,0.2650266752866425,9.523809523809524,5.369127516778524,False
minimal_corrected,HMPV,2,2025-03-30,2.4390243902439024,2.5410583162123355,2.3255813953488373,1.675977653631285,False
minimal_corrected,HMPV,2,2025-04-13,21.052631578947366,0.8896020329586014,,1.8691588785046729,False
minimal_corrected,HMPV,2,2025-04-27,11.428571428571429,1.6565466957933526,2.3255813953488373,0.0,False
minimal_corrected,HMPV,2,2025-05-11,2.564102564102564,2.3346959525546818,,0.6535947712418301,False
minimal_corrected,HMPV,2,2025-05-25,1.7241379310344829,1.134027323086111,0.0,0.8130081300813009,False
minimal_corrected,HMPV,2,2025-06-01,0.0,1.4900050539042475,1.7241379310344829,1.0752688172043012,False
minimal_corrected,HMPV,2,2025-06-08,0.0,1.1909841371553522,0.0,1.2048192771084338,False
minimal_corrected,HMPV,2,2025-06-15,0.0,1.7610440055934005,0.0,0.0,False
minimal_corrected,HMPV,2,2025-06-22,2.1739130434782608,1.4629287322653122,0.0,0.8849557522123894,False
minimal_corrected,HMPV,2,2025-06-29,0.0,0.5801500849971426,2.1739130434782608,0.0,False
minimal_corrected,HMPV,2,2025-07-06,0.0,0.5015311393308197,0.0,0.0,False
minimal_corrected,HMPV,2,2025-07-13,0.0,0.4118973371109117,0.0,1.36986301369863,False
minimal_corrected,HMPV,2,2025-07-20,0.0,0.9403109813194876,0.0,0.0,False
minimal_corrected,HMPV,2,2025-07-27,0.0,1.232346189274683,0.0,0.0,False
minimal_corrected,HMPV,2,2025-08-03,0.0,1.119609488833415,0.0,0.0,False
minimal_corrected,HMPV,2,2025-08-10,0.0,0.2726615277481136,0.0,0.0,False
minimal_corrected,HMPV,2,2025-08-17,0.0,0.5333442297690858,0.0,2.127659574468085,False
minimal_corrected,HMPV,2,2025-08-24,0.0,0.4361084609721976,0.0,0.0,False
minimal_corrected,HMPV,2,2025-08-31,0.0,0.3433414058529862,0.0,0.0,False
minimal_corrected,HMPV,2,2025-09-07,0.0,0.781168406404136,0.0,0.0,False
minimal_corrected,HMPV,2,2025-09-14,0.0,0.3980098914535178,0.0,0.0,False
minimal_corrected,HMPV,2,2025-09-21,0.0,1.0334347052035426,0.0,0.0,False
minimal_corrected,HMPV,2,2025-09-28,9.375,0.6137876148677681,0.0,0.0,False
minimal_corrected,HMPV,2,2025-10-05,0.0,0.3685361782095917,9.375,,False
minimal_corrected,HMPV,2,2025-10-12,5.0,1.8229972592805543,0.0,0.0,False
minimal_corrected,HMPV,2,2025-10-19,3.125,1.573206262015984,5.0,2.1739130434782608,False
minimal_corrected,HMPV,2,2025-10-26,0.0,1.8619497655912824,3.125,0.0,False
minimal_corrected,HMPV,2,2025-11-02,0.0,1.75865333095911,0.0,0.0,False
minimal_corrected,HMPV,3,2025-01-05,1.8867924528301887,5.08520616979701,0.0,2.702702702702702,False
minimal_corrected,HMPV,3,2025-01-12,0.0,3.503003139380082,1.8867924528301887,4.878048780487805,False
minimal_corrected,HMPV,3,2025-01-19,0.0,0.607267633361684,0.0,3.6231884057971016,False
minimal_corrected,HMPV,3,2025-01-26,0.0,3.013100765439422,0.0,3.076923076923077,False
minimal_corrected,HMPV,3,2025-02-09,0.0,0.4650414863177197,,7.526881720430108,False
minimal_corrected,HMPV,3,2025-02-16,0.0,0.2662296011741812,0.0,7.84313725490196,False
minimal_corrected,HMPV,3,2025-03-02,0.0,0.7426212833597794,0.0,3.738317757009345,False
minimal_corrected,HMPV,3,2025-03-09,0.0,0.5905424327142953,0.0,3.007518796992481,False
minimal_corrected,HMPV,3,2025-03-16,9.523809523809524,0.3291768860087896,0.0,4.929577464788732,False
minimal_corrected,HMPV,3,2025-03-23,2.3255813953488373,0.5669598086949486,9.523809523809524,5.369127516778524,False
minimal_corrected,HMPV,3,2025-03-30,2.4390243902439024,0.4236726296403425,2.3255813953488373,1.675977653631285,False
minimal_corrected,HMPV,3,2025-04-13,21.052631578947366,1.7536230663845689,,1.8691588785046729,False
minimal_corrected,HMPV,3,2025-04-20,2.3255813953488373,1.4498766966133567,21.052631578947366,0.0,False
minimal_corrected,HMPV,3,2025-05-11,2.564102564102564,1.7216758561647296,,0.6535947712418301,False
minimal_corrected,HMPV,3,2025-05-18,0.0,2.354857690627449,2.564102564102564,2.586206896551724,False
minimal_corrected,HMPV,3,2025-06-01,0.0,2.0785533495302446,1.7241379310344829,1.0752688172043012,False
minimal_corrected,HMPV,3,2025-06-08,0.0,0.5000549145826078,0.0,1.2048192771084338,False
minimal_corrected,HMPV,3,2025-06-15,0.0,1.609774384382436,0.0,0.0,False
minimal_corrected,HMPV,3,2025-06-22,2.1739130434782608,0.9221165851544356,0.0,0.8849557522123894,False
minimal_corrected,HMPV,3,2025-06-29,0.0,0.5450922486742268,2.1739130434782608,0.0,False
minimal_corrected,HMPV,3,2025-07-06,0.0,0.7916172572324187,0.0,0.0,False
minimal_corrected,HMPV,3,2025-07-13,0.0,1.7862765613144052,0.0,1.36986301369863,False
minimal_corrected,HMPV,3,2025-07-20,0.0,0.261729640410807,0.0,0.0,False
minimal_corrected,HMPV,3,2025-07-27,0.0,0.646321165395257,0.0,0.0,False
minimal_corrected,HMPV,3,2025-08-03,0.0,0.4142241099733073,0.0,0.0,False
minimal_corrected,HMPV,3,2025-08-10,0.0,0.9080329620425408,0.0,0.0,False
minimal_corrected,HMPV,3,2025-08-17,0.0,0.5944924499806548,0.0,2.127659574468085,False
minimal_corrected,HMPV,3,2025-08-24,0.0,0.9750895766287312,0.0,0.0,False
minimal_corrected,HMPV,3,2025-08-31,0.0,0.4913110890163047,0.0,0.0,False
minimal_corrected,HMPV,3,2025-09-07,0.0,0.7385991825517347,0.0,0.0,False
minimal_corrected,HMPV,3,2025-09-14,0.0,0.1083473837665431,0.0,0.0,False
minimal_corrected,HMPV,3,2025-09-21,0.0,0.1739214034308919,0.0,0.0,False
minimal_corrected,HMPV,3,2025-09-28,9.375,0.2067782883174151,0.0,0.0,False
minimal_corrected,HMPV,3,2025-10-05,0.0,0.1769747909262174,9.375,,False
minimal_corrected,HMPV,3,2025-10-12,5.0,0.2935042975076334,0.0,0.0,False
minimal_corrected,HMPV,3,2025-10-19,3.125,2.831715273155813,5.0,2.1739130434782608,False
minimal_corrected,HMPV,3,2025-10-26,0.0,0.1995663459712273,3.125,0.0,False
minimal_corrected,HMPV,3,2025-11-02,0.0,2.0341556611466385,0.0,0.0,False
minimal_corrected,HMPV,3,2025-11-09,0.0,2.012089551485248,0.0,0.0,False
minimal_corrected,HMPV,4,2025-01-05,1.8867924528301887,2.108837616590665,0.0,2.702702702702702,True
minimal_corrected,HMPV,4,2025-01-12,0.0,4.144463169436463,1.8867924528301887,4.878048780487805,True
minimal_corrected,HMPV,4,2025-01-19,0.0,2.749973467152805,0.0,3.6231884057971016,True
minimal_corrected,HMPV,4,2025-01-26,0.0,1.0533009267085598,0.0,3.076923076923077,True
minimal_corrected,HMPV,4,2025-02-09,0.0,0.5096640163586006,,7.526881720430108,True
minimal_corrected,HMPV,4,2025-02-16,0.0,0.8265894265490773,0.0,7.84313725490196,True
minimal_corrected,HMPV,4,2025-02-23,0.0,1.0717354142603157,0.0,5.88235294117647,True
minimal_corrected,HMPV,4,2025-03-09,0.0,0.5450742805253206,0.0,3.007518796992481,True
minimal_corrected,HMPV,4,2025-03-16,9.523809523809524,0.8881767002404212,0.0,4.929577464788732,True
minimal_corrected,HMPV,4,2025-03-23,2.3255813953488373,0.3623134875518767,9.523809523809524,5.369127516778524,True
minimal_corrected,HMPV,4,2025-03-30,2.4390243902439024,1.3817410942744437,2.3255813953488373,1.675977653631285,True
minimal_corrected,HMPV,4,2025-04-13,21.052631578947366,2.0958124791943025,,1.8691588785046729,True
minimal_corrected,HMPV,4,2025-04-20,2.3255813953488373,1.52600891223474,21.052631578947366,0.0,True
minimal_corrected,HMPV,4,2025-04-27,11.428571428571429,1.232399904410212,2.3255813953488373,0.0,True
minimal_corrected,HMPV,4,2025-05-11,2.564102564102564,2.290524369649173,,0.6535947712418301,True
minimal_corrected,HMPV,4,2025-05-18,0.0,1.5818664144397885,2.564102564102564,2.586206896551724,True
minimal_corrected,HMPV,4,2025-05-25,1.7241379310344829,2.071510112542849,0.0,0.8130081300813009,True
minimal_corrected,HMPV,4,2025-06-08,0.0,1.4484897828424834,0.0,1.2048192771084338,True
minimal_corrected,HMPV,4,2025-06-15,0.0,0.9478274506330416,0.0,0.0,True
minimal_corrected,HMPV,4,2025-06-22,2.1739130434782608,1.4028305017675242,0.0,0.8849557522123894,True
minimal_corrected,HMPV,4,2025-06-29,0.0,2.0374013992124254,2.1739130434782608,0.0,True
minimal_corrected,HMPV,4,2025-07-06,0.0,1.0302052881292958,0.0,0.0,True
minimal_corrected,HMPV,4,2025-07-13,0.0,0.4458963877179965,0.0,1.36986301369863,True
minimal_corrected,HMPV,4,2025-07-20,0.0,1.145480539380955,0.0,0.0,True
minimal_corrected,HMPV,4,2025-07-27,0.0,1.1112868819824104,0.0,0.0,True
minimal_corrected,HMPV,4,2025-08-03,0.0,0.964704294430315,0.0,0.0,True
minimal_corrected,HMPV,4,2025-08-10,0.0,0.5169696595548694,0.0,0.0,True
minimal_corrected,HMPV,4,2025-08-17,0.0,0.7413965846551268,0.0,2.127659574468085,True
minimal_corrected,HMPV,4,2025-08-24,0.0,0.928800895642144,0.0,0.0,True
minimal_corrected,HMPV,4,2025-08-31,0.0,0.9303973844060772,0.0,0.0,True
minimal_corrected,HMPV,4,2025-09-07,0.0,0.6710869210854186,0.0,0.0,True
minimal_corrected,HMPV,4,2025-09-14,0.0,0.9930307332187036,0.0,0.0,True
minimal_corrected,HMPV,4,2025-09-21,0.0,0.3481199069845949,0.0,0.0,True
minimal_corrected,HMPV,4,2025-09-28,9.375,0.8115081412243691,0.0,0.0,True
minimal_corrected,HMPV,4,2025-10-05,0.0,0.3836221557362462,9.375,,True
minimal_corrected,HMPV,4,2025-10-12,5.0,0.6768398507890214,0.0,0.0,True
minimal_corrected,HMPV,4,2025-10-19,3.125,1.2779670373968404,5.0,2.1739130434782608,True
minimal_corrected,HMPV,4,2025-10-26,0.0,1.8163290173719548,3.125,0.0,True
minimal_corrected,HMPV,4,2025-11-02,0.0,2.168005292956511,0.0,0.0,True
minimal_corrected,HMPV,4,2025-11-09,0.0,2.1002805505750204,0.0,0.0,True
minimal_corrected,HMPV,4,2025-11-16,3.0303030303030303,1.6758701329917454,0.0,0.0,True
minimal_corrected,HBOV,0,2025-01-05,0.0,0.3437390230482556,0.0,0.0,False
minimal_corrected,HBOV,0,2025-01-12,0.0,1.1165028084079744,0.0,0.0,False
minimal_corrected,HBOV,0,2025-01-19,0.0,0.2481948152722687,0.0,0.0,False
minimal_corrected,HBOV,0,2025-01-26,0.0,0.3813124637609825,0.0,0.0,False
minimal_corrected,HBOV,0,2025-02-16,0.0,0.2400199213099356,0.0,0.0,False
minimal_corrected,HBOV,0,2025-02-23,0.0,2.4675821065411587,0.0,0.9803921568627452,False
minimal_corrected,HBOV,0,2025-03-02,0.0,0.0504355190230193,0.0,0.0,False
minimal_corrected,HBOV,0,2025-03-09,0.0,0.1784192252578716,0.0,0.0,False
minimal_corrected,HBOV,0,2025-03-16,0.0,0.1257156680176726,0.0,0.0,False
minimal_corrected,HBOV,0,2025-03-23,0.0,1.016678531471732,0.0,0.0,False
minimal_corrected,HBOV,0,2025-03-30,0.0,0.2899767897039706,0.0,0.5586592178770949,False
minimal_corrected,HBOV,0,2025-04-20,0.0,0.6930098705879595,0.0,0.0,False
minimal_corrected,HBOV,0,2025-04-27,0.0,0.3312650406175658,0.0,0.0,False
minimal_corrected,HBOV,0,2025-05-18,0.0,0.419452685866212,0.0,0.0,False
minimal_corrected,HBOV,0,2025-05-25,0.0,0.0502506101996736,0.0,0.8130081300813009,False
minimal_corrected,HBOV,0,2025-06-01,0.0,0.2916699176981697,0.0,0.0,False
minimal_corrected,HBOV,0,2025-06-08,0.0,0.2057164208276388,0.0,0.0,False
minimal_corrected,HBOV,0,2025-06-15,0.0,0.0724390397184514,0.0,0.0,False
minimal_corrected,HBOV,0,2025-06-22,0.0,0.4048776686036674,0.0,0.0,False
minimal_corrected,HBOV,0,2025-06-29,0.0,0.0563340021726443,0.0,0.0,False
minimal_corrected,HBOV,0,2025-07-06,0.0,0.0675865953252604,0.0,0.0,False
minimal_corrected,HBOV,0,2025-07-13,0.0,0.0549377554812337,0.0,0.0,False
minimal_corrected,HBOV,0,2025-07-20,0.0,0.1163350913138477,0.0,0.0,False
minimal_corrected,HBOV,0,2025-07-27,2.127659574468085,0.0652729384436701,0.0,0.0,False
minimal_corrected,HBOV,0,2025-08-03,0.0,2.6048735256150297,2.127659574468085,0.0,False
minimal_corrected,HBOV,0,2025-08-10,0.0,0.059407096171802,0.0,1.4925373134328357,False
minimal_corrected,HBOV,0,2025-08-17,8.333333333333332,0.0,0.0,2.127659574468085,False
minimal_corrected,HBOV,0,2025-08-24,0.0,1.6862348460910213,8.333333333333332,0.0,False
minimal_corrected,HBOV,0,2025-08-31,0.0,0.0287698412698412,0.0,0.0,False
minimal_corrected,HBOV,0,2025-09-07,0.0,0.525327434893402,0.0,0.0,False
minimal_corrected,HBOV,0,2025-09-14,0.0,0.2364379127860018,0.0,0.0,False
minimal_corrected,HBOV,0,2025-09-21,0.0,0.0208333333333333,0.0,0.0,False
minimal_corrected,HBOV,0,2025-09-28,3.125,0.0,0.0,0.0,False
minimal_corrected,HBOV,0,2025-10-05,5.0,1.0199525412363162,3.125,,False
minimal_corrected,HBOV,0,2025-10-12,0.0,1.677283722566741,5.0,0.0,False
minimal_corrected,HBOV,0,2025-10-19,0.0,0.6484476026656499,0.0,0.0,False
minimal_corrected,HBOV,1,2025-01-05,0.0,0.3320912193173855,0.0,0.0,False
minimal_corrected,HBOV,1,2025-01-12,0.0,0.2960501698268165,0.0,0.0,False
minimal_corrected,HBOV,1,2025-01-19,0.0,0.313444822098776,0.0,0.0,False
minimal_corrected,HBOV,1,2025-01-26,0.0,0.2714687872274812,0.0,0.0,False
minimal_corrected,HBOV,1,2025-02-16,0.0,0.4614577641901187,0.0,0.0,False
minimal_corrected,HBOV,1,2025-02-23,0.0,0.0,0.0,0.9803921568627452,False
minimal_corrected,HBOV,1,2025-03-02,0.0,3.224896851289466,0.0,0.0,False
minimal_corrected,HBOV,1,2025-03-09,0.0,0.0413165266106442,0.0,0.0,False
minimal_corrected,HBOV,1,2025-03-16,0.0,0.0193236714975845,0.0,0.0,False
minimal_corrected,HBOV,1,2025-03-23,0.0,0.0077519379844961,0.0,0.0,False
minimal_corrected,HBOV,1,2025-03-30,0.0,0.270779591635411,0.0,0.5586592178770949,False
minimal_corrected,HBOV,1,2025-04-20,0.0,0.2225921363373051,0.0,0.0,False
minimal_corrected,HBOV,1,2025-04-27,0.0,0.2580261384234151,0.0,0.0,False
minimal_corrected,HBOV,1,2025-05-18,0.0,0.2715373098959465,0.0,0.0,False
minimal_corrected,HBOV,1,2025-05-25,0.0,0.3387536876984402,0.0,0.8130081300813009,False
minimal_corrected,HBOV,1,2025-06-01,0.0,0.1061138539011822,0.0,0.0,False
minimal_corrected,HBOV,1,2025-06-08,0.0,0.2896123684746032,0.0,0.0,False
minimal_corrected,HBOV,1,2025-06-15,0.0,0.3853876864407843,0.0,0.0,False
minimal_corrected,HBOV,1,2025-06-22,0.0,0.1010057154975231,0.0,0.0,False
minimal_corrected,HBOV,1,2025-06-29,0.0,3.3499833499833507,0.0,0.0,False
minimal_corrected,HBOV,1,2025-07-06,0.0,0.2214775877126443,0.0,0.0,False
minimal_corrected,HBOV,1,2025-07-13,0.0,0.6074848592460761,0.0,0.0,False
minimal_corrected,HBOV,1,2025-07-20,0.0,0.086433681718952,0.0,0.0,False
minimal_corrected,HBOV,1,2025-07-27,2.127659574468085,0.5655931152058691,0.0,0.0,False
minimal_corrected,HBOV,1,2025-08-03,0.0,2.5434833983221075,2.127659574468085,0.0,False
minimal_corrected,HBOV,1,2025-08-10,0.0,3.335424471802934,0.0,1.4925373134328357,False
minimal_corrected,HBOV,1,2025-08-17,8.333333333333332,0.0104166666666666,0.0,2.127659574468085,False
minimal_corrected,HBOV,1,2025-08-24,0.0,0.256953810794253,8.333333333333332,0.0,False
minimal_corrected,HBOV,1,2025-08-31,0.0,0.1702294004647667,0.0,0.0,False
minimal_corrected,HBOV,1,2025-09-07,0.0,0.0512946810209307,0.0,0.0,False
minimal_corrected,HBOV,1,2025-09-14,0.0,0.5978622768266478,0.0,0.0,False
minimal_corrected,HBOV,1,2025-09-21,0.0,0.5699216492978555,0.0,0.0,False
minimal_corrected,HBOV,1,2025-09-28,3.125,0.0286718460969293,0.0,0.0,False
minimal_corrected,HBOV,1,2025-10-05,5.0,0.168562540261383,3.125,,False
minimal_corrected,HBOV,1,2025-10-12,0.0,1.0354032278414715,5.0,0.0,False
minimal_corrected,HBOV,1,2025-10-19,0.0,0.5994490966186364,0.0,0.0,False
minimal_corrected,HBOV,1,2025-10-26,0.0,0.8501729460570722,0.0,3.8461538461538463,False
minimal_corrected,HBOV,2,2025-01-05,0.0,0.5168631493831077,0.0,0.0,False
minimal_corrected,HBOV,2,2025-01-12,0.0,0.3390535090426664,0.0,0.0,False
minimal_corrected,HBOV,2,2025-01-19,0.0,0.2645953040066377,0.0,0.0,False
minimal_corrected,HBOV,2,2025-01-26,0.0,0.6299486439599224,0.0,0.0,False
minimal_corrected,HBOV,2,2025-02-09,0.0,1.1684050141731337,,0.0,False
minimal_corrected,HBOV,2,2025-02-23,0.0,0.7224008247737086,0.0,0.9803921568627452,False
minimal_corrected,HBOV,2,2025-03-02,0.0,0.0389199255121042,0.0,0.0,False
minimal_corrected,HBOV,2,2025-03-09,0.0,0.5041805814422553,0.0,0.0,False
minimal_corrected,HBOV,2,2025-03-16,0.0,0.3433789916502771,0.0,0.0,False
minimal_corrected,HBOV,2,2025-03-23,0.0,0.0297619047619047,0.0,0.0,False
minimal_corrected,HBOV,2,2025-03-30,0.0,0.0196690544319649,0.0,0.5586592178770949,False
minimal_corrected,HBOV,2,2025-04-13,0.0,0.2062307685683108,,0.0,False
minimal_corrected,HBOV,2,2025-04-27,0.0,0.6302174370240169,0.0,0.0,False
minimal_corrected,HBOV,2,2025-05-11,0.0,0.1802985544921029,,0.0,False
minimal_corrected,HBOV,2,2025-05-25,0.0,0.1617521367521368,0.0,0.8130081300813009,False
minimal_corrected,HBOV,2,2025-06-01,0.0,0.9784710724513522,0.0,0.0,False
minimal_corrected,HBOV,2,2025-06-08,0.0,0.0341941654710664,0.0,0.0,False
minimal_corrected,HBOV,2,2025-06-15,0.0,1.0461342406464351,0.0,0.0,False
minimal_corrected,HBOV,2,2025-06-22,0.0,0.251379588346905,0.0,0.0,False
minimal_corrected,HBOV,2,2025-06-29,0.0,0.0535218414667204,0.0,0.0,False
minimal_corrected,HBOV,2,2025-07-06,0.0,0.2570811302518618,0.0,0.0,False
minimal_corrected,HBOV,2,2025-07-13,0.0,0.1376922766361177,0.0,0.0,False
minimal_corrected,HBOV,2,2025-07-20,0.0,0.227779819531313,0.0,0.0,False
minimal_corrected,HBOV,2,2025-07-27,2.127659574468085,0.2069091331252032,0.0,0.0,False
minimal_corrected,HBOV,2,2025-08-03,0.0,0.267687376129018,2.127659574468085,0.0,False
minimal_corrected,HBOV,2,2025-08-10,0.0,0.3567985935632993,0.0,1.4925373134328357,False
minimal_corrected,HBOV,2,2025-08-17,8.333333333333332,0.5388792280937222,0.0,2.127659574468085,False
minimal_corrected,HBOV,2,2025-08-24,0.0,0.021505376344086,8.333333333333332,0.0,False
minimal_corrected,HBOV,2,2025-08-31,0.0,0.1318102894584811,0.0,0.0,False
minimal_corrected,HBOV,2,2025-09-07,0.0,0.125270859103409,0.0,0.0,False
minimal_corrected,HBOV,2,2025-09-14,0.0,0.1906565880459189,0.0,0.0,False
minimal_corrected,HBOV,2,2025-09-21,0.0,0.5926160338014713,0.0,0.0,False
minimal_corrected,HBOV,2,2025-09-28,3.125,0.2152714065587931,0.0,0.0,False
minimal_corrected,HBOV,2,2025-10-05,5.0,0.0256410256410256,3.125,,False
minimal_corrected,HBOV,2,2025-10-12,0.0,0.2467439990528729,5.0,0.0,False
minimal_corrected,HBOV,2,2025-10-19,0.0,1.4528193283505797,0.0,0.0,False
minimal_corrected,HBOV,2,2025-10-26,0.0,2.1361841376567536,0.0,3.8461538461538463,False
minimal_corrected,HBOV,2,2025-11-02,0.0,1.0753172773061084,0.0,1.818181818181818,False
minimal_corrected,HBOV,3,2025-01-05,0.0,0.186917423063559,0.0,0.0,True
minimal_corrected,HBOV,3,2025-01-12,0.0,0.39100901530729,0.0,0.0,True
minimal_corrected,HBOV,3,2025-01-19,0.0,0.3405752329788745,0.0,0.0,True
minimal_corrected,HBOV,3,2025-01-26,0.0,0.22109842144468,0.0,0.0,True
minimal_corrected,HBOV,3,2025-02-09,0.0,0.1992573246896933,,0.0,True
minimal_corrected,HBOV,3,2025-02-16,0.0,0.4128420234277621,0.0,0.0,True
minimal_corrected,HBOV,3,2025-03-02,0.0,0.6117627630968816,0.0,0.0,True
minimal_corrected,HBOV,3,2025-03-09,0.0,0.1266708597875283,0.0,0.0,True
minimal_corrected,HBOV,3,2025-03-16,0.0,0.4444304078012079,0.0,0.0,True
minimal_corrected,HBOV,3,2025-03-23,0.0,0.1702582107738133,0.0,0.0,True
minimal_corrected,HBOV,3,2025-03-30,0.0,0.3009911509038419,0.0,0.5586592178770949,True
minimal_corrected,HBOV,3,2025-04-13,0.0,0.2002364536115271,,0.0,True
minimal_corrected,HBOV,3,2025-04-20,0.0,0.1928607552660851,0.0,0.0,True
minimal_corrected,HBOV,3,2025-05-11,0.0,0.0687632303554091,,0.0,True
minimal_corrected,HBOV,3,2025-05-18,0.0,0.2549233457110094,0.0,0.0,True
minimal_corrected,HBOV,3,2025-06-01,0.0,0.3323273942517507,0.0,0.0,True
minimal_corrected,HBOV,3,2025-06-08,0.0,0.3965478649683674,0.0,0.0,True
minimal_corrected,HBOV,3,2025-06-15,0.0,0.1069934577712467,0.0,0.0,True
minimal_corrected,HBOV,3,2025-06-22,0.0,0.4448963921839599,0.0,0.0,True
minimal_corrected,HBOV,3,2025-06-29,0.0,0.2612074909247123,0.0,0.0,True
minimal_corrected,HBOV,3,2025-07-06,0.0,0.1443762068288727,0.0,0.0,True
minimal_corrected,HBOV,3,2025-07-13,0.0,0.0737317903705614,0.0,0.0,True
minimal_corrected,HBOV,3,2025-07-20,0.0,0.0464893902291686,0.0,0.0,True
minimal_corrected,HBOV,3,2025-07-27,2.127659574468085,0.2067254247382362,0.0,0.0,True
minimal_corrected,HBOV,3,2025-08-03,0.0,0.143206836234038,2.127659574468085,0.0,True
minimal_corrected,HBOV,3,2025-08-10,0.0,0.1521831380639798,0.0,1.4925373134328357,True
minimal_corrected,HBOV,3,2025-08-17,8.333333333333332,0.0898361418229647,0.0,2.127659574468085,True
minimal_corrected,HBOV,3,2025-08-24,0.0,0.1740075483260562,8.333333333333332,0.0,True
minimal_corrected,HBOV,3,2025-08-31,0.0,0.0193660363569927,0.0,0.0,True
minimal_corrected,HBOV,3,2025-09-07,0.0,0.3355036464605914,0.0,0.0,True
minimal_corrected,HBOV,3,2025-09-14,0.0,0.0439629035134653,0.0,0.0,True
minimal_corrected,HBOV,3,2025-09-21,0.0,0.097738481086579,0.0,0.0,True
minimal_corrected,HBOV,3,2025-09-28,3.125,0.2371909979409213,0.0,0.0,True
minimal_corrected,HBOV,3,2025-10-05,5.0,0.1402776520520302,3.125,,True
minimal_corrected,HBOV,3,2025-10-12,0.0,0.063947119839145,5.0,0.0,True
minimal_corrected,HBOV,3,2025-10-19,0.0,0.3099946502045396,0.0,0.0,True
minimal_corrected,HBOV,3,2025-10-26,0.0,0.374800254030083,0.0,3.8461538461538463,True
minimal_corrected,HBOV,3,2025-11-02,0.0,0.6390394450018775,0.0,1.818181818181818,True
minimal_corrected,HBOV,3,2025-11-09,0.0,0.5380875590082819,0.0,0.0,True
minimal_corrected,HBOV,4,2025-01-05,0.0,0.135616379040653,0.0,0.0,False
minimal_corrected,HBOV,4,2025-01-12,0.0,0.1031962278534561,0.0,0.0,False
minimal_corrected,HBOV,4,2025-01-19,0.0,0.3056121290715299,0.0,0.0,False
minimal_corrected,HBOV,4,2025-01-26,0.0,0.2001548542662146,0.0,0.0,False
minimal_corrected,HBOV,4,2025-02-09,0.0,0.2797206227645297,,0.0,False
minimal_corrected,HBOV,4,2025-02-16,0.0,0.1221310269353262,0.0,0.0,False
minimal_corrected,HBOV,4,2025-02-23,0.0,0.3654909681297408,0.0,0.9803921568627452,False
minimal_corrected,HBOV,4,2025-03-09,0.0,0.1276452233035825,0.0,0.0,False
minimal_corrected,HBOV,4,2025-03-16,0.0,0.2545133269341969,0.0,0.0,False
minimal_corrected,HBOV,4,2025-03-23,0.0,0.3712389099670863,0.0,0.0,False
minimal_corrected,HBOV,4,2025-03-30,0.0,0.0514504083167921,0.0,0.5586592178770949,False
minimal_corrected,HBOV,4,2025-04-13,0.0,0.1127790674822891,,0.0,False
minimal_corrected,HBOV,4,2025-04-20,0.0,0.2242331921923886,0.0,0.0,False
minimal_corrected,HBOV,4,2025-04-27,0.0,0.5071022034265847,0.0,0.0,False
minimal_corrected,HBOV,4,2025-05-11,0.0,0.3691798984621672,,0.0,False
minimal_corrected,HBOV,4,2025-05-18,0.0,0.448695051098262,0.0,0.0,False
minimal_corrected,HBOV,4,2025-05-25,0.0,0.1148438885351944,0.0,0.8130081300813009,False
minimal_corrected,HBOV,4,2025-06-08,0.0,0.8127165987795698,0.0,0.0,False
minimal_corrected,HBOV,4,2025-06-15,0.0,0.7714315987825624,0.0,0.0,False
minimal_corrected,HBOV,4,2025-06-22,0.0,0.043802625636457,0.0,0.0,False
minimal_corrected,HBOV,4,2025-06-29,0.0,0.7324659742115167,0.0,0.0,False
minimal_corrected,HBOV,4,2025-07-06,0.0,0.8167602064881351,0.0,0.0,False
minimal_corrected,HBOV,4,2025-07-13,0.0,0.123624213836478,0.0,0.0,False
minimal_corrected,HBOV,4,2025-07-20,0.0,0.9421059086726756,0.0,0.0,False
minimal_corrected,HBOV,4,2025-07-27,2.127659574468085,0.7547677961961254,0.0,0.0,False
minimal_corrected,HBOV,4,2025-08-03,0.0,0.1356818687058356,2.127659574468085,0.0,False
minimal_corrected,HBOV,4,2025-08-10,0.0,0.0,0.0,1.4925373134328357,False
minimal_corrected,HBOV,4,2025-08-17,8.333333333333332,0.1755193197460471,0.0,2.127659574468085,False
minimal_corrected,HBOV,4,2025-08-24,0.0,0.6055039472822962,8.333333333333332,0.0,False
minimal_corrected,HBOV,4,2025-08-31,0.0,0.2676516104937892,0.0,0.0,False
minimal_corrected,HBOV,4,2025-09-07,0.0,0.0149253731343283,0.0,0.0,False
minimal_corrected,HBOV,4,2025-09-14,0.0,2.4178214598603005,0.0,0.0,False
minimal_corrected,HBOV,4,2025-09-21,0.0,0.1276828372865918,0.0,0.0,False
minimal_corrected,HBOV,4,2025-09-28,3.125,0.2427841419586703,0.0,0.0,False
minimal_corrected,HBOV,4,2025-10-05,5.0,0.8249183923824339,3.125,,False
minimal_corrected,HBOV,4,2025-10-12,0.0,0.8218493907004336,5.0,0.0,False
minimal_corrected,HBOV,4,2025-10-19,0.0,1.0322272359983111,0.0,0.0,False
minimal_corrected,HBOV,4,2025-10-26,0.0,2.4158910919449976,0.0,3.8461538461538463,False
minimal_corrected,HBOV,4,2025-11-02,0.0,3.707877202515484,0.0,1.818181818181818,False
minimal_corrected,HBOV,4,2025-11-09,0.0,1.0607881711883935,0.0,0.0,False
minimal_corrected,HBOV,4,2025-11-16,6.0606060606060606,0.4892597968069665,0.0,0.0,False
