period,age_group,pathogen,environment,n_months,rho,p_value,q_period,q_age_panel,low_n,status
2019,<1,FluA,windlevel,10,-0.2526318345396,0.4813083005379245,0.7682855501544334,0.6986733394905356,False,computed_exploratory
2019,<1,FluA,temp,10,-0.6213377552190162,0.0551751825511052,0.3291151239890487,0.4138138691332891,False,computed_exploratory
2019,<1,FluA,humi,10,0.1160740861398162,0.7494813765116057,0.9211427661583907,0.8560477051813463,False,computed_exploratory
2019,<1,FluA,PM2.5,10,0.6691329671589404,0.0343483204594707,0.2715913710748846,0.3963334302751772,False,computed_exploratory
2019,<1,FluA,PM10,10,0.2321481722796324,0.5186703153956451,0.8096258519316172,0.7165082166348289,False,computed_exploratory
2019,<1,FluA,NO2,10,0.6349935300589945,0.048545962175274,0.3114269271621352,0.3971942359795147,False,computed_exploratory
2019,<1,FluA,SO2,10,0.3618780332594269,0.3041660258875216,0.6550787393344795,0.5542102137276133,False,computed_exploratory
2019,<1,FluA,O3,10,-0.0068278874199891,0.9850646925664868,1.0,0.9867429111949892,False,computed_exploratory
2019,<1,FluA,CO,10,0.7305839539388431,0.0164023337843536,0.2244849387741673,0.3690525101479576,False,computed_exploratory
2019,<1,FluA,AQI,10,0.2458039471196108,0.4936304586565219,0.784272691323446,0.705186369509317,False,computed_exploratory
2019,<1,FluB,windlevel,10,-0.6008540929590486,0.066199404731851,0.3670504218751866,0.4468863243312546,False,computed_exploratory
2019,<1,FluB,temp,10,-0.2116645100196648,0.5571761964198673,0.8280252908267199,0.7267515605476529,False,computed_exploratory
2019,<1,FluB,humi,10,0.5940262055390594,0.0701714041820209,0.3670504218751866,0.4468863243312546,False,computed_exploratory
2019,<1,FluB,PM2.5,10,0.1024183112998378,0.7782952608348457,0.9211427661583907,0.8654768529253354,False,computed_exploratory
2019,<1,FluB,PM10,10,-0.3755338080994053,0.2848960438367607,0.6550787393344795,0.5542102137276133,False,computed_exploratory
2019,<1,FluB,NO2,10,0.2867712716395459,0.4217809078315286,0.7388096310406082,0.6659698544708347,False,computed_exploratory
2019,<1,FluB,SO2,10,-0.075106761619881,0.8366276244944908,0.9357019484477858,0.8654768529253354,False,computed_exploratory
2019,<1,FluB,O3,10,-0.6623050797389513,0.036926982854065,0.2778271385712868,0.3963334302751772,False,computed_exploratory
2019,<1,FluB,CO,10,0.1297298609797945,0.7209439339888961,0.9211427661583907,0.8560477051813463,False,computed_exploratory
2019,<1,FluB,AQI,10,-0.5257473313391675,0.1185680412571404,0.4687573724119506,0.4542832350490944,False,computed_exploratory
2019,<1,RSV,windlevel,10,0.3575757575757575,0.3103760917056799,0.6550787393344795,0.5542102137276133,False,computed_exploratory
2019,<1,RSV,temp,10,-0.4303030303030302,0.2144923325328077,0.5609799466242664,0.4949823058449409,False,computed_exploratory
2019,<1,RSV,humi,10,-0.4909090909090908,0.1496556734208367,0.4693828677430339,0.4542832350490944,False,computed_exploratory
2019,<1,RSV,PM2.5,10,0.6363636363636362,0.0479117261299754,0.3114269271621352,0.3971942359795147,False,computed_exploratory
2019,<1,RSV,PM10,10,0.5272727272727272,0.1173080655502022,0.4687573724119506,0.4542832350490944,False,computed_exploratory
2019,<1,RSV,NO2,10,0.1636363636363636,0.6514773427962428,0.9166032341131534,0.8258163500234064,False,computed_exploratory
2019,<1,RSV,SO2,10,0.4424242424242424,0.2004226867119422,0.5323727615785966,0.4746853106335474,False,computed_exploratory
2019,<1,RSV,O3,10,0.5636363636363636,0.0897240283170912,0.4013969687869872,0.4486201415854564,False,computed_exploratory
2019,<1,RSV,CO,10,0.6969696969696969,0.0250966758822518,0.2370241611101561,0.3963334302751772,False,computed_exploratory
2019,<1,RSV,AQI,10,0.7696969696969697,0.0092219527222159,0.19707719493515,0.3690525101479576,False,computed_exploratory
2019,<1,ADV,windlevel,10,-0.5151515151515151,0.1275528697032342,0.4693828677430339,0.4542832350490944,False,computed_exploratory
2019,<1,ADV,temp,10,0.3696969696969697,0.2930500752928223,0.6550787393344795,0.5542102137276133,False,computed_exploratory
2019,<1,ADV,humi,10,0.4666666666666666,0.1739385971650663,0.496967420471618,0.4734439029578303,False,computed_exploratory
2019,<1,ADV,PM2.5,10,-0.4545454545454545,0.186904810349332,0.5124809316030071,0.4746853106335474,False,computed_exploratory
2019,<1,ADV,PM10,10,-0.4424242424242424,0.2004226867119422,0.5323727615785966,0.4746853106335474,False,computed_exploratory
2019,<1,ADV,NO2,10,-0.006060606060606,0.9867429111949892,1.0,0.9867429111949892,False,computed_exploratory
2019,<1,ADV,SO2,10,-0.406060606060606,0.2442822940866263,0.5975250358953451,0.536229426043814,False,computed_exploratory
2019,<1,ADV,O3,10,-0.2242424242424242,0.5334005612725948,0.8096258519316172,0.7165082166348289,False,computed_exploratory
2019,<1,ADV,CO,10,-0.5151515151515151,0.1275528697032342,0.4693828677430339,0.4542832350490944,False,computed_exploratory
2019,<1,ADV,AQI,10,-0.5757575757575757,0.0815528147726023,0.3905346059533071,0.4468863243312546,False,computed_exploratory
2019,<1,PIV,windlevel,10,-0.5757575757575757,0.0815528147726023,0.3905346059533071,0.4468863243312546,False,computed_exploratory
2019,<1,PIV,temp,10,0.1151515151515151,0.7514196523258484,0.9211427661583907,0.8560477051813463,False,computed_exploratory
2019,<1,PIV,humi,10,0.4787878787878787,0.1615229280174558,0.4693828677430339,0.4542832350490944,False,computed_exploratory
2019,<1,PIV,PM2.5,10,-0.1272727272727272,0.7260570147627894,0.9211427661583907,0.8560477051813463,False,computed_exploratory
2019,<1,PIV,PM10,10,-0.3696969696969697,0.2930500752928223,0.6550787393344795,0.5542102137276133,False,computed_exploratory
2019,<1,PIV,NO2,10,-0.1393939393939393,0.7009318849100584,0.9166032341131534,0.8560477051813463,False,computed_exploratory
2019,<1,PIV,SO2,10,-0.2121212121212121,0.5563057751029299,0.8280252908267199,0.7267515605476529,False,computed_exploratory
2019,<1,PIV,O3,10,-0.2242424242424242,0.5334005612725948,0.8096258519316172,0.7165082166348289,False,computed_exploratory
2019,<1,PIV,CO,10,-0.4787878787878787,0.1615229280174558,0.4693828677430339,0.4542832350490944,False,computed_exploratory
2019,<1,PIV,AQI,10,-0.3939393939393939,0.2599977668348875,0.6269449696727785,0.5441813724451134,False,computed_exploratory
2019,<1,HRV,windlevel,10,0.4909090909090908,0.1496556734208367,0.4693828677430339,0.4542832350490944,False,computed_exploratory
2019,<1,HRV,temp,10,-0.2242424242424242,0.5334005612725948,0.8096258519316172,0.7165082166348289,False,computed_exploratory
2019,<1,HRV,humi,10,-0.4787878787878787,0.1615229280174558,0.4693828677430339,0.4542832350490944,False,computed_exploratory
2019,<1,HRV,PM2.5,10,0.0787878787878787,0.8287173946974606,0.932993093368002,0.8654768529253354,False,computed_exploratory
2019,<1,HRV,PM10,10,0.2969696969696969,0.4047016712701569,0.7388096310406082,0.6594257484641274,False,computed_exploratory
2019,<1,HRV,NO2,10,-0.3818181818181818,0.2762553333854359,0.6550787393344795,0.5542102137276133,False,computed_exploratory
2019,<1,HRV,SO2,10,0.1999999999999999,0.5795840000000001,0.8421305982905984,0.7451794285714287,False,computed_exploratory
2019,<1,HRV,O3,10,0.0787878787878787,0.8287173946974606,0.932993093368002,0.8654768529253354,False,computed_exploratory
2019,<1,HRV,CO,10,-0.1151515151515151,0.7514196523258484,0.9211427661583907,0.8560477051813463,False,computed_exploratory
2019,<1,HRV,AQI,10,0.2606060606060606,0.4670890543863402,0.7611936252235276,0.6986733394905356,False,computed_exploratory
2019,<1,MP,windlevel,10,0.4863244349440517,0.1540799651466362,0.4693828677430339,0.4542832350490944,False,computed_exploratory
2019,<1,MP,temp,10,0.516719712128055,0.1261973666466198,0.4693828677430339,0.4542832350490944,False,computed_exploratory
2019,<1,MP,humi,10,-0.5045616012544536,0.1369419664160644,0.4693828677430339,0.4542832350490944,False,computed_exploratory
2019,<1,MP,PM2.5,10,-0.4437710468864471,0.1988934422361148,0.5323727615785966,0.4746853106335474,False,computed_exploratory
2019,<1,MP,PM10,10,-0.085106776115209,0.815171544541529,0.9269509202144476,0.8654768529253354,False,computed_exploratory
2019,<1,MP,NO2,10,-0.5714312110592608,0.0844118612625703,0.3957587237841413,0.4468863243312546,False,computed_exploratory
2019,<1,MP,SO2,10,-0.4133757697024439,0.2350619766326941,0.5920079411490075,0.5288894474235619,False,computed_exploratory
2019,<1,MP,O3,10,0.4620082131968491,0.1788565855618469,0.5067603257585664,0.4734439029578303,False,computed_exploratory
2019,<1,MP,CO,10,-0.4984825458176529,0.1425179176762529,0.4693828677430339,0.4542832350490944,False,computed_exploratory
2019,<1,MP,AQI,10,0.2553203283456271,0.4764934533513359,0.7678093561111575,0.6986733394905356,False,computed_exploratory
2019,<1,HMPV,windlevel,10,-0.6554771923189622,0.0396333430275177,0.2867092899862984,0.3963334302751772,False,computed_exploratory
2019,<1,HMPV,temp,10,-0.0887625364598594,0.8073545421035307,0.9211427661583907,0.8654768529253354,False,computed_exploratory
2019,<1,HMPV,humi,10,0.6759608545789297,0.0318945275902319,0.2711034845169716,0.3963334302751772,False,computed_exploratory
2019,<1,HMPV,PM2.5,10,0.075106761619881,0.8366276244944908,0.9357019484477858,0.8654768529253354,False,computed_exploratory
2019,<1,HMPV,PM10,10,-0.2526318345396,0.4813083005379245,0.7682855501544334,0.6986733394905356,False,computed_exploratory
2019,<1,HMPV,NO2,10,0.5325752187591567,0.1129934283193658,0.4685093369339561,0.4542832350490944,False,computed_exploratory
2019,<1,HMPV,SO2,10,0.0955904238798486,0.7927961895079721,0.9211427661583907,0.8654768529253354,False,computed_exploratory
2019,<1,HMPV,O3,10,-0.2935991590595351,0.4103093545999015,0.7388096310406082,0.6594257484641274,False,computed_exploratory
2019,<1,HMPV,CO,10,0.2935991590595351,0.4103093545999015,0.7388096310406082,0.6594257484641274,False,computed_exploratory
2019,<1,HMPV,AQI,10,-0.3550501458394378,0.3140524544456475,0.6550787393344795,0.5542102137276133,False,computed_exploratory
2019,<1,HBOV,windlevel,10,0.781631749350903,0.0075709963230458,0.19707719493515,0.3690525101479576,False,computed_exploratory
2019,<1,HBOV,temp,10,-0.0687835939428794,0.8502457429418195,0.9364874875430452,0.8695695098268609,False,computed_exploratory
2019,<1,HBOV,humi,10,-0.7316073173924452,0.0161765277312124,0.2244849387741673,0.3690525101479576,False,computed_exploratory
2019,<1,HBOV,PM2.5,10,0.1500732958753733,0.6790089297052537,0.9166032341131534,0.8487611621315672,False,computed_exploratory
2019,<1,HBOV,PM10,10,0.3939424016728551,0.2599937998054379,0.6269449696727785,0.5441813724451134,False,computed_exploratory
2019,<1,HBOV,NO2,10,-0.3439179697143973,0.3305264309208817,0.6727781215503825,0.5720649765938337,False,computed_exploratory
2019,<1,HBOV,SO2,10,0.2563752137870961,0.4746100227369975,0.7678093561111575,0.6986733394905356,False,computed_exploratory
2019,<1,HBOV,O3,10,0.1313141338909517,0.7176524583232446,0.9211427661583907,0.8560477051813463,False,computed_exploratory
2019,<1,HBOV,CO,10,0.2938935377559395,0.4098181256391981,0.7388096310406082,0.6594257484641274,False,computed_exploratory
2019,<1,HBOV,AQI,10,0.3564240777040118,0.3120496942184635,0.6550787393344795,0.5542102137276133,False,computed_exploratory
2019,1-3,FluA,windlevel,10,-0.0429480183397894,0.9062243097567702,0.976277525494802,0.97217551908516,False,computed_exploratory
2019,1-3,FluA,temp,10,-0.5092407888860745,0.1327426758149602,0.4693828677430339,0.3228875898201735,False,computed_exploratory
2019,1-3,FluA,humi,10,-0.0061354311913984,0.9865792494806584,1.0,0.9865792494806584,False,computed_exploratory
2019,1-3,FluA,PM2.5,10,0.4356156145892926,0.208257887001565,0.5488967564382335,0.4358886007009501,False,computed_exploratory
2019,1-3,FluA,PM10,10,0.263823541230135,0.4614050713614082,0.7578634022361294,0.6697815552020441,False,computed_exploratory
2019,1-3,FluA,NO2,10,0.717845449393623,0.0193992890736001,0.2302004357800321,0.1247097154731436,False,computed_exploratory
2019,1-3,FluA,SO2,10,0.2760944036129319,0.4400145222294611,0.7388096310406082,0.6687575123141271,False,computed_exploratory
2019,1-3,FluA,O3,10,-0.1533857797849622,0.67225190847117,0.9166032341131534,0.8450814699973173,False,computed_exploratory
2019,1-3,FluA,CO,10,0.754658036542014,0.0116448725046173,0.1979628325784954,0.0952762295832331,False,computed_exploratory
2019,1-3,FluA,AQI,10,0.0674897431053833,0.8530368033430833,0.9364874875430452,0.9478186703812036,False,computed_exploratory
2019,1-3,FluB,windlevel,10,-0.73011631177642,0.0165062454981005,0.2244849387741673,0.1142740072945421,False,computed_exploratory
2019,1-3,FluB,temp,10,0.1043023302537743,0.7743046543540669,0.9211427661583907,0.9081800222071438,False,computed_exploratory
2019,1-3,FluB,humi,10,0.6074076879484503,0.0625281759674004,0.366544479808899,0.2084272532246681,False,computed_exploratory
2019,1-3,FluB,PM2.5,10,-0.1533857797849622,0.67225190847117,0.9166032341131534,0.8450814699973173,False,computed_exploratory
2019,1-3,FluB,PM10,10,-0.5705951008000594,0.0849717259889479,0.3957587237841413,0.246692107709849,False,computed_exploratory
2019,1-3,FluB,NO2,10,0.227010954081744,0.5282230346638654,0.8096258519316172,0.7385546233005159,False,computed_exploratory
2019,1-3,FluB,SO2,10,-0.3619904402925107,0.3040046620233935,0.6550787393344795,0.5472083916421083,False,computed_exploratory
2019,1-3,FluB,O3,10,-0.4969699265032775,0.1439265465980044,0.4693828677430339,0.3408786629952736,False,computed_exploratory
2019,1-3,FluB,CO,10,-0.263823541230135,0.4614050713614082,0.7578634022361294,0.6697815552020441,False,computed_exploratory
2019,1-3,FluB,AQI,10,-0.6319494127140443,0.0499750874113386,0.3146579577750953,0.1729906871930954,False,computed_exploratory
2019,1-3,RSV,windlevel,10,0.4181818181818181,0.2291128409828189,0.5854400422728666,0.4677746056977951,False,computed_exploratory
2019,1-3,RSV,temp,10,-0.3454545454545454,0.3282265114713673,0.6722711680738849,0.579223255537707,False,computed_exploratory
2019,1-3,RSV,humi,10,-0.5515151515151515,0.0984011766696349,0.4289282059958448,0.2683668454626408,False,computed_exploratory
2019,1-3,RSV,PM2.5,10,0.6363636363636362,0.0479117261299754,0.3114269271621352,0.1724822140679117,False,computed_exploratory
2019,1-3,RSV,PM10,10,0.4424242424242424,0.2004226867119422,0.5323727615785966,0.4294771858113048,False,computed_exploratory
2019,1-3,RSV,NO2,10,0.0545454545454545,0.8810361811618526,0.9570361073323638,0.9669909305434966,False,computed_exploratory
2019,1-3,RSV,SO2,10,0.4666666666666666,0.1739385971650663,0.496967420471618,0.4013967626886146,False,computed_exploratory
2019,1-3,RSV,O3,10,0.4545454545454545,0.186904810349332,0.5124809316030071,0.4102788519863385,False,computed_exploratory
2019,1-3,RSV,CO,10,0.7575757575757575,0.0111434467996942,0.1979628325784954,0.0952762295832331,False,computed_exploratory
2019,1-3,RSV,AQI,10,0.6969696969696969,0.0250966758822518,0.2370241611101561,0.1254833794112591,False,computed_exploratory
2019,1-3,ADV,windlevel,10,-0.6606060606060605,0.0375883775714093,0.2778271385712868,0.1610930467346116,False,computed_exploratory
2019,1-3,ADV,temp,10,0.5393939393939393,0.1075931877824148,0.4516257264940869,0.2766681971547809,False,computed_exploratory
2019,1-3,ADV,humi,10,0.709090909090909,0.0216659233675324,0.2302004357800321,0.1254833794112591,False,computed_exploratory
2019,1-3,ADV,PM2.5,10,-0.5636363636363636,0.0897240283170912,0.4013969687869872,0.2523488296418192,False,computed_exploratory
2019,1-3,ADV,PM10,10,-0.7818181818181817,0.0075470077810678,0.19707719493515,0.0952762295832331,False,computed_exploratory
2019,1-3,ADV,NO2,10,-0.0303030303030303,0.9337729580941466,0.9890430085732392,0.982064063995184,False,computed_exploratory
2019,1-3,ADV,SO2,10,-0.6969696969696969,0.0250966758822518,0.2370241611101561,0.1254833794112591,False,computed_exploratory
2019,1-3,ADV,O3,10,-0.5272727272727272,0.1173080655502022,0.4687573724119506,0.2932701638755056,False,computed_exploratory
2019,1-3,ADV,CO,10,-0.6363636363636362,0.0479117261299754,0.3114269271621352,0.1724822140679117,False,computed_exploratory
2019,1-3,ADV,AQI,10,-0.7696969696969697,0.0092219527222159,0.19707719493515,0.0952762295832331,False,computed_exploratory
2019,1-3,PIV,windlevel,10,-0.3212121212121211,0.3654683104386702,0.726662137714315,0.6196729363729323,False,computed_exploratory
2019,1-3,PIV,temp,10,-0.0909090909090908,0.8027717312071619,0.9211427661583907,0.9145500735271463,False,computed_exploratory
2019,1-3,PIV,humi,10,0.2969696969696969,0.4047016712701569,0.7388096310406082,0.6390026388476162,False,computed_exploratory
2019,1-3,PIV,PM2.5,10,-0.2242424242424242,0.5334005612725948,0.8096258519316172,0.7385546233005159,False,computed_exploratory
2019,1-3,PIV,PM10,10,-0.1515151515151515,0.6760651759978538,0.9166032341131534,0.8450814699973173,False,computed_exploratory
2019,1-3,PIV,NO2,10,0.0424242424242424,0.907363817812816,0.976277525494802,0.97217551908516,False,computed_exploratory
2019,1-3,PIV,SO2,10,-0.103030303030303,0.7769984634438898,0.9211427661583907,0.9081800222071438,False,computed_exploratory
2019,1-3,PIV,O3,10,-0.2969696969696969,0.4047016712701569,0.7388096310406082,0.6390026388476162,False,computed_exploratory
2019,1-3,PIV,CO,10,-0.406060606060606,0.2442822940866263,0.5975250358953451,0.4677746056977951,False,computed_exploratory
2019,1-3,PIV,AQI,10,-0.406060606060606,0.2442822940866263,0.5975250358953451,0.4677746056977951,False,computed_exploratory
2019,1-3,HRV,windlevel,10,0.6363636363636362,0.0479117261299754,0.3114269271621352,0.1724822140679117,False,computed_exploratory
2019,1-3,HRV,temp,10,-0.2242424242424242,0.5334005612725948,0.8096258519316172,0.7385546233005159,False,computed_exploratory
2019,1-3,HRV,humi,10,-0.8303030303030302,0.0029402270232795,0.1428110268450046,0.0661551080237888,False,computed_exploratory
2019,1-3,HRV,PM2.5,10,0.2727272727272727,0.4458383415427513,0.73943920060749,0.6687575123141271,False,computed_exploratory
2019,1-3,HRV,PM10,10,0.6848484848484848,0.0288827975067327,0.2584250303233983,0.1356789781434464,False,computed_exploratory
2019,1-3,HRV,NO2,10,-0.2121212121212121,0.5563057751029299,0.8280252908267199,0.7472764143173685,False,computed_exploratory
2019,1-3,HRV,SO2,10,0.3212121212121211,0.3654683104386702,0.726662137714315,0.6196729363729323,False,computed_exploratory
2019,1-3,HRV,O3,10,0.7575757575757575,0.0111434467996942,0.1979628325784954,0.0952762295832331,False,computed_exploratory
2019,1-3,HRV,CO,10,0.1151515151515151,0.7514196523258484,0.9211427661583907,0.9081800222071438,False,computed_exploratory
2019,1-3,HRV,AQI,10,0.6969696969696969,0.0250966758822518,0.2370241611101561,0.1254833794112591,False,computed_exploratory
2019,1-3,MP,windlevel,10,-0.0181818181818181,0.9602404181286244,0.99537116513333,0.982064063995184,False,computed_exploratory
2019,1-3,MP,temp,10,0.9636363636363636,7.320974809529922e-06,0.0024891314352401,0.0006588877328576,False,computed_exploratory
2019,1-3,MP,humi,10,0.2121212121212121,0.5563057751029299,0.8280252908267199,0.7472764143173685,False,computed_exploratory
2019,1-3,MP,PM2.5,10,-0.8060606060606059,0.0048620611019646,0.1836778638519962,0.0875170998353629,False,computed_exploratory
2019,1-3,MP,PM10,10,-0.7454545454545454,0.01333014631544,0.2119109485241996,0.0999760973658003,False,computed_exploratory
2019,1-3,MP,NO2,10,-0.6,0.0666879999999999,0.3670504218751866,0.2085450304590336,False,computed_exploratory
2019,1-3,MP,SO2,10,-0.7939393939393938,0.0060999233136969,0.1885430842415409,0.0914988497054536,False,computed_exploratory
2019,1-3,MP,O3,10,-0.1272727272727272,0.7260570147627894,0.9211427661583907,0.8951387853239869,False,computed_exploratory
2019,1-3,MP,CO,10,-0.6363636363636362,0.0479117261299754,0.3114269271621352,0.1724822140679117,False,computed_exploratory
2019,1-3,MP,AQI,10,-0.3696969696969697,0.2930500752928223,0.6550787393344795,0.5472083916421083,False,computed_exploratory
2019,1-3,HMPV,windlevel,10,-0.5951368255656533,0.0695150101530112,0.3670504218751866,0.2085450304590336,False,computed_exploratory
2019,1-3,HMPV,temp,10,-0.3129069907613228,0.3786890166723475,0.7388096310406082,0.6196729363729323,False,computed_exploratory
2019,1-3,HMPV,humi,10,0.4601573393548865,0.1808331709117258,0.5081262653717917,0.4068746345513833,False,computed_exploratory
2019,1-3,HMPV,PM2.5,10,0.3129069907613228,0.3786890166723475,0.7388096310406082,0.6196729363729323,False,computed_exploratory
2019,1-3,HMPV,PM10,10,-0.0184062935741954,0.959749871061638,0.99537116513333,0.982064063995184,False,computed_exploratory
2019,1-3,HMPV,NO2,10,0.6810328622452321,0.0301508840318769,0.2628538607907224,0.1356789781434464,False,computed_exploratory
2019,1-3,HMPV,SO2,10,0.0061354311913984,0.9865792494806584,1.0,0.9865792494806584,False,computed_exploratory
2019,1-3,HMPV,O3,10,-0.1901983669333531,0.5986683040717657,0.8649176302792283,0.7808717009631727,False,computed_exploratory
2019,1-3,HMPV,CO,10,0.2760944036129319,0.4400145222294611,0.7388096310406082,0.6687575123141271,False,computed_exploratory
2019,1-3,HMPV,AQI,10,-0.2024692293161501,0.5748125526418608,0.8421305982905984,0.7607813196730511,False,computed_exploratory
2019,1-3,HBOV,windlevel,10,0.9264501099011716,0.0001170712421773,0.0199021111701457,0.0052682058979797,False,computed_exploratory
2019,1-3,HBOV,temp,10,0.0920314678709773,0.8003776447383397,0.9211427661583907,0.9145500735271463,False,computed_exploratory
2019,1-3,HBOV,humi,10,-0.8405540732215928,0.0023217789500911,0.1315674738384987,0.0661551080237888,False,computed_exploratory
2019,1-3,HBOV,PM2.5,10,-0.0674897431053833,0.8530368033430833,0.9364874875430452,0.9478186703812036,False,computed_exploratory
2019,1-3,HBOV,PM10,10,0.3619904402925107,0.3040046620233935,0.6550787393344795,0.5472083916421083,False,computed_exploratory
2019,1-3,HBOV,NO2,10,-0.5951368255656533,0.0695150101530112,0.3670504218751866,0.2085450304590336,False,computed_exploratory
2019,1-3,HBOV,SO2,10,0.1043023302537743,0.7743046543540669,0.9211427661583907,0.9081800222071438,False,computed_exploratory
2019,1-3,HBOV,O3,10,0.4110738898236986,0.2379418661675305,0.5948546654188264,0.4677746056977951,False,computed_exploratory
2019,1-3,HBOV,CO,10,0.0184062935741954,0.959749871061638,0.99537116513333,0.982064063995184,False,computed_exploratory
2019,1-3,HBOV,AQI,10,0.5460533760344654,0.1024788342557119,0.4387819196507574,0.2712675024415905,False,computed_exploratory
2019,4-12,FluA,windlevel,10,0.0452555728684665,0.9012059369093488,0.975828084551524,0.972588677305373,False,computed_exploratory
2019,4-12,FluA,temp,10,-0.7434844114105212,0.013711884904507,0.2119109485241996,0.1499948540829168,False,computed_exploratory
2019,4-12,FluA,humi,10,-0.1486968822821042,0.6818227248382321,0.9166032341131534,0.9145500735271463,False,computed_exploratory
2019,4-12,FluA,PM2.5,10,0.5883224472900647,0.0736060596698418,0.3749017961513988,0.332449680998961,False,computed_exploratory
2019,4-12,FluA,PM10,10,0.4978113015531316,0.1431419709458717,0.4693828677430339,0.4600991923260161,False,computed_exploratory
2019,4-12,FluA,NO2,10,0.7693447387639306,0.0092742209381247,0.19707719493515,0.1391133140718705,False,computed_exploratory
2019,4-12,FluA,SO2,10,0.5236716289065411,0.1202960751216219,0.4693828677430339,0.4511102817060821,False,computed_exploratory
2019,4-12,FluA,O3,10,-0.1099063912519901,0.7624629172199548,0.9211427661583907,0.9145500735271463,False,computed_exploratory
2019,4-12,FluA,CO,10,0.7952050661173402,0.0059612054667836,0.1885430842415409,0.1073016984021058,False,computed_exploratory
2019,4-12,FluA,AQI,10,0.1486968822821042,0.6818227248382321,0.9166032341131534,0.9145500735271463,False,computed_exploratory
2019,4-12,FluB,windlevel,10,-0.5030303030303029,0.1383336983944919,0.4693828677430339,0.4600991923260161,False,computed_exploratory
2019,4-12,FluB,temp,10,-0.1151515151515151,0.7514196523258484,0.9211427661583907,0.9145500735271463,False,computed_exploratory
2019,4-12,FluB,humi,10,0.4181818181818181,0.2291128409828189,0.5854400422728666,0.6651663125307646,False,computed_exploratory
2019,4-12,FluB,PM2.5,10,-0.0181818181818181,0.9602404181286244,0.99537116513333,0.9867429111949892,False,computed_exploratory
2019,4-12,FluB,PM10,10,-0.3696969696969697,0.2930500752928223,0.6550787393344795,0.6957869492367841,False,computed_exploratory
2019,4-12,FluB,NO2,10,0.1999999999999999,0.5795840000000001,0.8421305982905984,0.9145500735271463,False,computed_exploratory
2019,4-12,FluB,SO2,10,-0.1515151515151515,0.6760651759978538,0.9166032341131534,0.9145500735271463,False,computed_exploratory
2019,4-12,FluB,O3,10,-0.6242424242424242,0.0537177672171673,0.3261435866756592,0.268588836085837,False,computed_exploratory
2019,4-12,FluB,CO,10,-0.1272727272727272,0.7260570147627894,0.9211427661583907,0.9145500735271463,False,computed_exploratory
2019,4-12,FluB,AQI,10,-0.5878787878787878,0.073877706888658,0.3749017961513988,0.332449680998961,False,computed_exploratory
2019,4-12,RSV,windlevel,10,0.3653767083500618,0.299164843623496,0.6550787393344795,0.6957869492367841,False,computed_exploratory
2019,4-12,RSV,temp,10,-0.037283337586741,0.91855597301063,0.979025174995656,0.972588677305373,False,computed_exploratory
2019,4-12,RSV,humi,10,-0.3802900433847582,0.2783431906089358,0.6550787393344795,0.6957869492367841,False,computed_exploratory
2019,4-12,RSV,PM2.5,10,0.2908100331765798,0.4149773740591045,0.7388096310406082,0.7716432834393774,False,computed_exploratory
2019,4-12,RSV,PM10,10,0.1565900178643122,0.6657357311128087,0.9166032341131534,0.9145500735271463,False,computed_exploratory
2019,4-12,RSV,NO2,10,-0.0820233426908302,0.8217762205978926,0.9313463833442784,0.9244982481726292,False,computed_exploratory
2019,4-12,RSV,SO2,10,0.3057233682112762,0.3903104671530484,0.7388096310406082,0.7696071086413568,False,computed_exploratory
2019,4-12,RSV,O3,10,-0.0671100076561338,0.8538562386421884,0.9364874875430452,0.948729154046876,False,computed_exploratory
2019,4-12,RSV,CO,10,0.5294233937317222,0.1155458736905147,0.4687573724119506,0.4511102817060821,False,computed_exploratory
2019,4-12,RSV,AQI,10,0.1267633477949194,0.727118216349204,0.9211427661583907,0.9145500735271463,False,computed_exploratory
2019,4-12,ADV,windlevel,10,-0.1151515151515151,0.7514196523258484,0.9211427661583907,0.9145500735271463,False,computed_exploratory
2019,4-12,ADV,temp,10,0.7575757575757575,0.0111434467996942,0.1979628325784954,0.1432728874246398,False,computed_exploratory
2019,4-12,ADV,humi,10,0.2727272727272727,0.4458383415427513,0.73943920060749,0.7716432834393774,False,computed_exploratory
2019,4-12,ADV,PM2.5,10,-0.8909090909090909,0.0005421442248338,0.0460822591108786,0.0243964901175239,False,computed_exploratory
2019,4-12,ADV,PM10,10,-0.7212121212121211,0.0185731550894602,0.2302004357800321,0.1499948540829168,False,computed_exploratory
2019,4-12,ADV,NO2,10,-0.3575757575757575,0.3103760917056799,0.6550787393344795,0.6957869492367841,False,computed_exploratory
2019,4-12,ADV,SO2,10,-0.8909090909090909,0.0005421442248338,0.0460822591108786,0.0243964901175239,False,computed_exploratory
2019,4-12,ADV,O3,10,-0.4545454545454545,0.186904810349332,0.5124809316030071,0.560714431047996,False,computed_exploratory
2019,4-12,ADV,CO,10,-0.8060606060606059,0.0048620611019646,0.1836778638519962,0.1073016984021058,False,computed_exploratory
2019,4-12,ADV,AQI,10,-0.6848484848484848,0.0288827975067327,0.2584250303233983,0.1856751268289963,False,computed_exploratory
2019,4-12,PIV,windlevel,10,-0.1272727272727272,0.7260570147627894,0.9211427661583907,0.9145500735271463,False,computed_exploratory
2019,4-12,PIV,temp,10,-0.1272727272727272,0.7260570147627894,0.9211427661583907,0.9145500735271463,False,computed_exploratory
2019,4-12,PIV,humi,10,0.0909090909090908,0.8027717312071619,0.9211427661583907,0.9145500735271463,False,computed_exploratory
2019,4-12,PIV,PM2.5,10,-0.0303030303030303,0.9337729580941466,0.9890430085732392,0.9772042584706184,False,computed_exploratory
2019,4-12,PIV,PM10,10,-0.103030303030303,0.7769984634438898,0.9211427661583907,0.9145500735271463,False,computed_exploratory
2019,4-12,PIV,NO2,10,-0.103030303030303,0.7769984634438898,0.9211427661583907,0.9145500735271463,False,computed_exploratory
2019,4-12,PIV,SO2,10,-0.0545454545454545,0.8810361811618526,0.9570361073323638,0.9669909305434966,False,computed_exploratory
2019,4-12,PIV,O3,10,-0.006060606060606,0.9867429111949892,1.0,0.9867429111949892,False,computed_exploratory
2019,4-12,PIV,CO,10,-0.0909090909090908,0.8027717312071619,0.9211427661583907,0.9145500735271463,False,computed_exploratory
2019,4-12,PIV,AQI,10,0.006060606060606,0.9867429111949892,1.0,0.9867429111949892,False,computed_exploratory
2019,4-12,HRV,windlevel,10,0.2969696969696969,0.4047016712701569,0.7388096310406082,0.7716432834393774,False,computed_exploratory
2019,4-12,HRV,temp,10,-0.6727272727272726,0.0330412225454377,0.2715913710748846,0.1982473352726262,False,computed_exploratory
2019,4-12,HRV,humi,10,-0.3818181818181818,0.2762553333854359,0.6550787393344795,0.6957869492367841,False,computed_exploratory
2019,4-12,HRV,PM2.5,10,0.709090909090909,0.0216659233675324,0.2302004357800321,0.1499948540829168,False,computed_exploratory
2019,4-12,HRV,PM10,10,0.7212121212121211,0.0185731550894602,0.2302004357800321,0.1499948540829168,False,computed_exploratory
2019,4-12,HRV,NO2,10,0.1757575757575757,0.6271883447764844,0.895983349680692,0.9145500735271463,False,computed_exploratory
2019,4-12,HRV,SO2,10,0.8424242424242423,0.0022200312259168,0.1315674738384987,0.0666009367775052,False,computed_exploratory
2019,4-12,HRV,O3,10,0.4787878787878787,0.1615229280174558,0.4693828677430339,0.5012780524679662,False,computed_exploratory
2019,4-12,HRV,CO,10,0.5636363636363636,0.0897240283170912,0.4013969687869872,0.3845315499303912,False,computed_exploratory
2019,4-12,HRV,AQI,10,0.709090909090909,0.0216659233675324,0.2302004357800321,0.1499948540829168,False,computed_exploratory
2019,4-12,MP,windlevel,10,-0.2848484848484848,0.4250381548921454,0.7388096310406082,0.7716432834393774,False,computed_exploratory
2019,4-12,MP,temp,10,0.709090909090909,0.0216659233675324,0.2302004357800321,0.1499948540829168,False,computed_exploratory
2019,4-12,MP,humi,10,0.3454545454545454,0.3282265114713673,0.6722711680738849,0.6957869492367841,False,computed_exploratory
2019,4-12,MP,PM2.5,10,-0.6242424242424242,0.0537177672171673,0.3261435866756592,0.268588836085837,False,computed_exploratory
2019,4-12,MP,PM10,10,-0.5515151515151515,0.0984011766696349,0.4289282059958448,0.4025502681939612,False,computed_exploratory
2019,4-12,MP,NO2,10,-0.3575757575757575,0.3103760917056799,0.6550787393344795,0.6957869492367841,False,computed_exploratory
2019,4-12,MP,SO2,10,-0.5030303030303029,0.1383336983944919,0.4693828677430339,0.4600991923260161,False,computed_exploratory
2019,4-12,MP,O3,10,-0.1636363636363636,0.6514773427962428,0.9166032341131534,0.9145500735271463,False,computed_exploratory
2019,4-12,MP,CO,10,-0.6606060606060605,0.0375883775714093,0.2778271385712868,0.2114346238391778,False,computed_exploratory
2019,4-12,MP,AQI,10,-0.5151515151515151,0.1275528697032342,0.4693828677430339,0.4591903309316433,False,computed_exploratory
2019,4-12,HMPV,windlevel,10,-0.2779985190491514,0.4367366478305207,0.7388096310406082,0.7716432834393774,False,computed_exploratory
2019,4-12,HMPV,temp,10,-0.1874873733122184,0.6039864983022589,0.8664785207711732,0.9145500735271463,False,computed_exploratory
2019,4-12,HMPV,humi,10,0.2392080280190372,0.5056601006121273,0.7996485312005733,0.8586680953790841,False,computed_exploratory
2019,4-12,HMPV,PM2.5,10,0.3685096647860845,0.2947238371255242,0.6550787393344795,0.6957869492367841,False,computed_exploratory
2019,4-12,HMPV,PM10,10,0.0969762275752853,0.7898482749872355,0.9211427661583907,0.9145500735271463,False,computed_exploratory
2019,4-12,HMPV,NO2,10,0.1616270459588089,0.6555331032057026,0.9166032341131534,0.9145500735271463,False,computed_exploratory
2019,4-12,HMPV,SO2,10,0.3038588464025609,0.3933547444166935,0.7388096310406082,0.7696071086413568,False,computed_exploratory
2019,4-12,HMPV,O3,10,0.3297191737559702,0.3521686608212744,0.7085049981019722,0.7203449880435158,False,computed_exploratory
2019,4-12,HMPV,CO,10,0.3555795011093797,0.3132800248482538,0.6550787393344795,0.6957869492367841,False,computed_exploratory
2019,4-12,HMPV,AQI,10,0.342649337432675,0.3324315424131301,0.6727781215503825,0.6957869492367841,False,computed_exploratory
2019,4-12,HBOV,windlevel,10,0.3504633733153655,0.3207871171095401,0.6650464623002661,0.6957869492367841,False,computed_exploratory
2019,4-12,HBOV,temp,10,0.1565900178643122,0.6657357311128087,0.9166032341131534,0.9145500735271463,False,computed_exploratory
2019,4-12,HBOV,humi,10,-0.3653767083500618,0.299164843623496,0.6550787393344795,0.6957869492367841,False,computed_exploratory
2019,4-12,HBOV,PM2.5,10,-0.0074566675173482,0.9836894467235676,1.0,0.9867429111949892,False,computed_exploratory
2019,4-12,HBOV,PM10,10,-0.1715033528990086,0.6356778727156086,0.9043116180891504,0.9145500735271463,False,computed_exploratory
2019,4-12,HBOV,NO2,10,-0.1565900178643122,0.6657357311128087,0.9166032341131534,0.9145500735271463,False,computed_exploratory
2019,4-12,HBOV,SO2,10,-0.2758966981418834,0.4403555093154673,0.7388096310406082,0.7716432834393774,False,computed_exploratory
2019,4-12,HBOV,O3,10,0.037283337586741,0.91855597301063,0.979025174995656,0.972588677305373,False,computed_exploratory
2019,4-12,HBOV,CO,10,0.2311566930377942,0.5205084159633655,0.8096258519316172,0.8675140266056092,False,computed_exploratory
2019,4-12,HBOV,AQI,10,0.2013300229684014,0.5770120704320141,0.8421305982905984,0.9145500735271463,False,computed_exploratory
2019,13-17,FluA,windlevel,0,,,,,True,low_n_blank
2019,13-17,FluA,temp,0,,,,,True,low_n_blank
2019,13-17,FluA,humi,0,,,,,True,low_n_blank
2019,13-17,FluA,PM2.5,0,,,,,True,low_n_blank
2019,13-17,FluA,PM10,0,,,,,True,low_n_blank
2019,13-17,FluA,NO2,0,,,,,True,low_n_blank
2019,13-17,FluA,SO2,0,,,,,True,low_n_blank
2019,13-17,FluA,O3,0,,,,,True,low_n_blank
2019,13-17,FluA,CO,0,,,,,True,low_n_blank
2019,13-17,FluA,AQI,0,,,,,True,low_n_blank
2019,13-17,FluB,windlevel,0,,,,,True,low_n_blank
2019,13-17,FluB,temp,0,,,,,True,low_n_blank
2019,13-17,FluB,humi,0,,,,,True,low_n_blank
2019,13-17,FluB,PM2.5,0,,,,,True,low_n_blank
2019,13-17,FluB,PM10,0,,,,,True,low_n_blank
2019,13-17,FluB,NO2,0,,,,,True,low_n_blank
2019,13-17,FluB,SO2,0,,,,,True,low_n_blank
2019,13-17,FluB,O3,0,,,,,True,low_n_blank
2019,13-17,FluB,CO,0,,,,,True,low_n_blank
2019,13-17,FluB,AQI,0,,,,,True,low_n_blank
2019,13-17,RSV,windlevel,0,,,,,True,low_n_blank
2019,13-17,RSV,temp,0,,,,,True,low_n_blank
2019,13-17,RSV,humi,0,,,,,True,low_n_blank
2019,13-17,RSV,PM2.5,0,,,,,True,low_n_blank
2019,13-17,RSV,PM10,0,,,,,True,low_n_blank
2019,13-17,RSV,NO2,0,,,,,True,low_n_blank
2019,13-17,RSV,SO2,0,,,,,True,low_n_blank
2019,13-17,RSV,O3,0,,,,,True,low_n_blank
2019,13-17,RSV,CO,0,,,,,True,low_n_blank
2019,13-17,RSV,AQI,0,,,,,True,low_n_blank
2019,13-17,ADV,windlevel,0,,,,,True,low_n_blank
2019,13-17,ADV,temp,0,,,,,True,low_n_blank
2019,13-17,ADV,humi,0,,,,,True,low_n_blank
2019,13-17,ADV,PM2.5,0,,,,,True,low_n_blank
2019,13-17,ADV,PM10,0,,,,,True,low_n_blank
2019,13-17,ADV,NO2,0,,,,,True,low_n_blank
2019,13-17,ADV,SO2,0,,,,,True,low_n_blank
2019,13-17,ADV,O3,0,,,,,True,low_n_blank
2019,13-17,ADV,CO,0,,,,,True,low_n_blank
2019,13-17,ADV,AQI,0,,,,,True,low_n_blank
2019,13-17,PIV,windlevel,0,,,,,True,low_n_blank
2019,13-17,PIV,temp,0,,,,,True,low_n_blank
2019,13-17,PIV,humi,0,,,,,True,low_n_blank
2019,13-17,PIV,PM2.5,0,,,,,True,low_n_blank
2019,13-17,PIV,PM10,0,,,,,True,low_n_blank
2019,13-17,PIV,NO2,0,,,,,True,low_n_blank
2019,13-17,PIV,SO2,0,,,,,True,low_n_blank
2019,13-17,PIV,O3,0,,,,,True,low_n_blank
2019,13-17,PIV,CO,0,,,,,True,low_n_blank
2019,13-17,PIV,AQI,0,,,,,True,low_n_blank
2019,13-17,HRV,windlevel,0,,,,,True,low_n_blank
2019,13-17,HRV,temp,0,,,,,True,low_n_blank
2019,13-17,HRV,humi,0,,,,,True,low_n_blank
2019,13-17,HRV,PM2.5,0,,,,,True,low_n_blank
2019,13-17,HRV,PM10,0,,,,,True,low_n_blank
2019,13-17,HRV,NO2,0,,,,,True,low_n_blank
2019,13-17,HRV,SO2,0,,,,,True,low_n_blank
2019,13-17,HRV,O3,0,,,,,True,low_n_blank
2019,13-17,HRV,CO,0,,,,,True,low_n_blank
2019,13-17,HRV,AQI,0,,,,,True,low_n_blank
2019,13-17,MP,windlevel,0,,,,,True,low_n_blank
2019,13-17,MP,temp,0,,,,,True,low_n_blank
2019,13-17,MP,humi,0,,,,,True,low_n_blank
2019,13-17,MP,PM2.5,0,,,,,True,low_n_blank
2019,13-17,MP,PM10,0,,,,,True,low_n_blank
2019,13-17,MP,NO2,0,,,,,True,low_n_blank
2019,13-17,MP,SO2,0,,,,,True,low_n_blank
2019,13-17,MP,O3,0,,,,,True,low_n_blank
2019,13-17,MP,CO,0,,,,,True,low_n_blank
2019,13-17,MP,AQI,0,,,,,True,low_n_blank
2019,13-17,HMPV,windlevel,0,,,,,True,low_n_blank
2019,13-17,HMPV,temp,0,,,,,True,low_n_blank
2019,13-17,HMPV,humi,0,,,,,True,low_n_blank
2019,13-17,HMPV,PM2.5,0,,,,,True,low_n_blank
2019,13-17,HMPV,PM10,0,,,,,True,low_n_blank
2019,13-17,HMPV,NO2,0,,,,,True,low_n_blank
2019,13-17,HMPV,SO2,0,,,,,True,low_n_blank
2019,13-17,HMPV,O3,0,,,,,True,low_n_blank
2019,13-17,HMPV,CO,0,,,,,True,low_n_blank
2019,13-17,HMPV,AQI,0,,,,,True,low_n_blank
2019,13-17,HBOV,windlevel,0,,,,,True,low_n_blank
2019,13-17,HBOV,temp,0,,,,,True,low_n_blank
2019,13-17,HBOV,humi,0,,,,,True,low_n_blank
2019,13-17,HBOV,PM2.5,0,,,,,True,low_n_blank
2019,13-17,HBOV,PM10,0,,,,,True,low_n_blank
2019,13-17,HBOV,NO2,0,,,,,True,low_n_blank
2019,13-17,HBOV,SO2,0,,,,,True,low_n_blank
2019,13-17,HBOV,O3,0,,,,,True,low_n_blank
2019,13-17,HBOV,CO,0,,,,,True,low_n_blank
2019,13-17,HBOV,AQI,0,,,,,True,low_n_blank
2019,18-44,FluA,windlevel,0,,,,,True,low_n_blank
2019,18-44,FluA,temp,0,,,,,True,low_n_blank
2019,18-44,FluA,humi,0,,,,,True,low_n_blank
2019,18-44,FluA,PM2.5,0,,,,,True,low_n_blank
2019,18-44,FluA,PM10,0,,,,,True,low_n_blank
2019,18-44,FluA,NO2,0,,,,,True,low_n_blank
2019,18-44,FluA,SO2,0,,,,,True,low_n_blank
2019,18-44,FluA,O3,0,,,,,True,low_n_blank
2019,18-44,FluA,CO,0,,,,,True,low_n_blank
2019,18-44,FluA,AQI,0,,,,,True,low_n_blank
2019,18-44,FluB,windlevel,0,,,,,True,low_n_blank
2019,18-44,FluB,temp,0,,,,,True,low_n_blank
2019,18-44,FluB,humi,0,,,,,True,low_n_blank
2019,18-44,FluB,PM2.5,0,,,,,True,low_n_blank
2019,18-44,FluB,PM10,0,,,,,True,low_n_blank
2019,18-44,FluB,NO2,0,,,,,True,low_n_blank
2019,18-44,FluB,SO2,0,,,,,True,low_n_blank
2019,18-44,FluB,O3,0,,,,,True,low_n_blank
2019,18-44,FluB,CO,0,,,,,True,low_n_blank
2019,18-44,FluB,AQI,0,,,,,True,low_n_blank
2019,18-44,RSV,windlevel,0,,,,,True,low_n_blank
2019,18-44,RSV,temp,0,,,,,True,low_n_blank
2019,18-44,RSV,humi,0,,,,,True,low_n_blank
2019,18-44,RSV,PM2.5,0,,,,,True,low_n_blank
2019,18-44,RSV,PM10,0,,,,,True,low_n_blank
2019,18-44,RSV,NO2,0,,,,,True,low_n_blank
2019,18-44,RSV,SO2,0,,,,,True,low_n_blank
2019,18-44,RSV,O3,0,,,,,True,low_n_blank
2019,18-44,RSV,CO,0,,,,,True,low_n_blank
2019,18-44,RSV,AQI,0,,,,,True,low_n_blank
2019,18-44,ADV,windlevel,0,,,,,True,low_n_blank
2019,18-44,ADV,temp,0,,,,,True,low_n_blank
2019,18-44,ADV,humi,0,,,,,True,low_n_blank
2019,18-44,ADV,PM2.5,0,,,,,True,low_n_blank
2019,18-44,ADV,PM10,0,,,,,True,low_n_blank
2019,18-44,ADV,NO2,0,,,,,True,low_n_blank
2019,18-44,ADV,SO2,0,,,,,True,low_n_blank
2019,18-44,ADV,O3,0,,,,,True,low_n_blank
2019,18-44,ADV,CO,0,,,,,True,low_n_blank
2019,18-44,ADV,AQI,0,,,,,True,low_n_blank
2019,18-44,PIV,windlevel,0,,,,,True,low_n_blank
2019,18-44,PIV,temp,0,,,,,True,low_n_blank
2019,18-44,PIV,humi,0,,,,,True,low_n_blank
2019,18-44,PIV,PM2.5,0,,,,,True,low_n_blank
2019,18-44,PIV,PM10,0,,,,,True,low_n_blank
2019,18-44,PIV,NO2,0,,,,,True,low_n_blank
2019,18-44,PIV,SO2,0,,,,,True,low_n_blank
2019,18-44,PIV,O3,0,,,,,True,low_n_blank
2019,18-44,PIV,CO,0,,,,,True,low_n_blank
2019,18-44,PIV,AQI,0,,,,,True,low_n_blank
2019,18-44,HRV,windlevel,0,,,,,True,low_n_blank
2019,18-44,HRV,temp,0,,,,,True,low_n_blank
2019,18-44,HRV,humi,0,,,,,True,low_n_blank
2019,18-44,HRV,PM2.5,0,,,,,True,low_n_blank
2019,18-44,HRV,PM10,0,,,,,True,low_n_blank
2019,18-44,HRV,NO2,0,,,,,True,low_n_blank
2019,18-44,HRV,SO2,0,,,,,True,low_n_blank
2019,18-44,HRV,O3,0,,,,,True,low_n_blank
2019,18-44,HRV,CO,0,,,,,True,low_n_blank
2019,18-44,HRV,AQI,0,,,,,True,low_n_blank
2019,18-44,MP,windlevel,0,,,,,True,low_n_blank
2019,18-44,MP,temp,0,,,,,True,low_n_blank
2019,18-44,MP,humi,0,,,,,True,low_n_blank
2019,18-44,MP,PM2.5,0,,,,,True,low_n_blank
2019,18-44,MP,PM10,0,,,,,True,low_n_blank
2019,18-44,MP,NO2,0,,,,,True,low_n_blank
2019,18-44,MP,SO2,0,,,,,True,low_n_blank
2019,18-44,MP,O3,0,,,,,True,low_n_blank
2019,18-44,MP,CO,0,,,,,True,low_n_blank
2019,18-44,MP,AQI,0,,,,,True,low_n_blank
2019,18-44,HMPV,windlevel,0,,,,,True,low_n_blank
2019,18-44,HMPV,temp,0,,,,,True,low_n_blank
2019,18-44,HMPV,humi,0,,,,,True,low_n_blank
2019,18-44,HMPV,PM2.5,0,,,,,True,low_n_blank
2019,18-44,HMPV,PM10,0,,,,,True,low_n_blank
2019,18-44,HMPV,NO2,0,,,,,True,low_n_blank
2019,18-44,HMPV,SO2,0,,,,,True,low_n_blank
2019,18-44,HMPV,O3,0,,,,,True,low_n_blank
2019,18-44,HMPV,CO,0,,,,,True,low_n_blank
2019,18-44,HMPV,AQI,0,,,,,True,low_n_blank
2019,18-44,HBOV,windlevel,0,,,,,True,low_n_blank
2019,18-44,HBOV,temp,0,,,,,True,low_n_blank
2019,18-44,HBOV,humi,0,,,,,True,low_n_blank
2019,18-44,HBOV,PM2.5,0,,,,,True,low_n_blank
2019,18-44,HBOV,PM10,0,,,,,True,low_n_blank
2019,18-44,HBOV,NO2,0,,,,,True,low_n_blank
2019,18-44,HBOV,SO2,0,,,,,True,low_n_blank
2019,18-44,HBOV,O3,0,,,,,True,low_n_blank
2019,18-44,HBOV,CO,0,,,,,True,low_n_blank
2019,18-44,HBOV,AQI,0,,,,,True,low_n_blank
2019,45-59,FluA,windlevel,1,,,,,True,low_n_blank
2019,45-59,FluA,temp,1,,,,,True,low_n_blank
2019,45-59,FluA,humi,1,,,,,True,low_n_blank
2019,45-59,FluA,PM2.5,1,,,,,True,low_n_blank
2019,45-59,FluA,PM10,1,,,,,True,low_n_blank
2019,45-59,FluA,NO2,1,,,,,True,low_n_blank
2019,45-59,FluA,SO2,1,,,,,True,low_n_blank
2019,45-59,FluA,O3,1,,,,,True,low_n_blank
2019,45-59,FluA,CO,1,,,,,True,low_n_blank
2019,45-59,FluA,AQI,1,,,,,True,low_n_blank
2019,45-59,FluB,windlevel,1,,,,,True,low_n_blank
2019,45-59,FluB,temp,1,,,,,True,low_n_blank
2019,45-59,FluB,humi,1,,,,,True,low_n_blank
2019,45-59,FluB,PM2.5,1,,,,,True,low_n_blank
2019,45-59,FluB,PM10,1,,,,,True,low_n_blank
2019,45-59,FluB,NO2,1,,,,,True,low_n_blank
2019,45-59,FluB,SO2,1,,,,,True,low_n_blank
2019,45-59,FluB,O3,1,,,,,True,low_n_blank
2019,45-59,FluB,CO,1,,,,,True,low_n_blank
2019,45-59,FluB,AQI,1,,,,,True,low_n_blank
2019,45-59,RSV,windlevel,1,,,,,True,low_n_blank
2019,45-59,RSV,temp,1,,,,,True,low_n_blank
2019,45-59,RSV,humi,1,,,,,True,low_n_blank
2019,45-59,RSV,PM2.5,1,,,,,True,low_n_blank
2019,45-59,RSV,PM10,1,,,,,True,low_n_blank
2019,45-59,RSV,NO2,1,,,,,True,low_n_blank
2019,45-59,RSV,SO2,1,,,,,True,low_n_blank
2019,45-59,RSV,O3,1,,,,,True,low_n_blank
2019,45-59,RSV,CO,1,,,,,True,low_n_blank
2019,45-59,RSV,AQI,1,,,,,True,low_n_blank
2019,45-59,ADV,windlevel,1,,,,,True,low_n_blank
2019,45-59,ADV,temp,1,,,,,True,low_n_blank
2019,45-59,ADV,humi,1,,,,,True,low_n_blank
2019,45-59,ADV,PM2.5,1,,,,,True,low_n_blank
2019,45-59,ADV,PM10,1,,,,,True,low_n_blank
2019,45-59,ADV,NO2,1,,,,,True,low_n_blank
2019,45-59,ADV,SO2,1,,,,,True,low_n_blank
2019,45-59,ADV,O3,1,,,,,True,low_n_blank
2019,45-59,ADV,CO,1,,,,,True,low_n_blank
2019,45-59,ADV,AQI,1,,,,,True,low_n_blank
2019,45-59,PIV,windlevel,1,,,,,True,low_n_blank
2019,45-59,PIV,temp,1,,,,,True,low_n_blank
2019,45-59,PIV,humi,1,,,,,True,low_n_blank
2019,45-59,PIV,PM2.5,1,,,,,True,low_n_blank
2019,45-59,PIV,PM10,1,,,,,True,low_n_blank
2019,45-59,PIV,NO2,1,,,,,True,low_n_blank
2019,45-59,PIV,SO2,1,,,,,True,low_n_blank
2019,45-59,PIV,O3,1,,,,,True,low_n_blank
2019,45-59,PIV,CO,1,,,,,True,low_n_blank
2019,45-59,PIV,AQI,1,,,,,True,low_n_blank
2019,45-59,HRV,windlevel,1,,,,,True,low_n_blank
2019,45-59,HRV,temp,1,,,,,True,low_n_blank
2019,45-59,HRV,humi,1,,,,,True,low_n_blank
2019,45-59,HRV,PM2.5,1,,,,,True,low_n_blank
2019,45-59,HRV,PM10,1,,,,,True,low_n_blank
2019,45-59,HRV,NO2,1,,,,,True,low_n_blank
2019,45-59,HRV,SO2,1,,,,,True,low_n_blank
2019,45-59,HRV,O3,1,,,,,True,low_n_blank
2019,45-59,HRV,CO,1,,,,,True,low_n_blank
2019,45-59,HRV,AQI,1,,,,,True,low_n_blank
2019,45-59,MP,windlevel,1,,,,,True,low_n_blank
2019,45-59,MP,temp,1,,,,,True,low_n_blank
2019,45-59,MP,humi,1,,,,,True,low_n_blank
2019,45-59,MP,PM2.5,1,,,,,True,low_n_blank
2019,45-59,MP,PM10,1,,,,,True,low_n_blank
2019,45-59,MP,NO2,1,,,,,True,low_n_blank
2019,45-59,MP,SO2,1,,,,,True,low_n_blank
2019,45-59,MP,O3,1,,,,,True,low_n_blank
2019,45-59,MP,CO,1,,,,,True,low_n_blank
2019,45-59,MP,AQI,1,,,,,True,low_n_blank
2019,45-59,HMPV,windlevel,1,,,,,True,low_n_blank
2019,45-59,HMPV,temp,1,,,,,True,low_n_blank
2019,45-59,HMPV,humi,1,,,,,True,low_n_blank
2019,45-59,HMPV,PM2.5,1,,,,,True,low_n_blank
2019,45-59,HMPV,PM10,1,,,,,True,low_n_blank
2019,45-59,HMPV,NO2,1,,,,,True,low_n_blank
2019,45-59,HMPV,SO2,1,,,,,True,low_n_blank
2019,45-59,HMPV,O3,1,,,,,True,low_n_blank
2019,45-59,HMPV,CO,1,,,,,True,low_n_blank
2019,45-59,HMPV,AQI,1,,,,,True,low_n_blank
2019,45-59,HBOV,windlevel,1,,,,,True,low_n_blank
2019,45-59,HBOV,temp,1,,,,,True,low_n_blank
2019,45-59,HBOV,humi,1,,,,,True,low_n_blank
2019,45-59,HBOV,PM2.5,1,,,,,True,low_n_blank
2019,45-59,HBOV,PM10,1,,,,,True,low_n_blank
2019,45-59,HBOV,NO2,1,,,,,True,low_n_blank
2019,45-59,HBOV,SO2,1,,,,,True,low_n_blank
2019,45-59,HBOV,O3,1,,,,,True,low_n_blank
2019,45-59,HBOV,CO,1,,,,,True,low_n_blank
2019,45-59,HBOV,AQI,1,,,,,True,low_n_blank
2019,60-74,FluA,windlevel,3,,,,,True,low_n_blank
2019,60-74,FluA,temp,3,,,,,True,low_n_blank
2019,60-74,FluA,humi,3,,,,,True,low_n_blank
2019,60-74,FluA,PM2.5,3,,,,,True,low_n_blank
2019,60-74,FluA,PM10,3,,,,,True,low_n_blank
2019,60-74,FluA,NO2,3,,,,,True,low_n_blank
2019,60-74,FluA,SO2,3,,,,,True,low_n_blank
2019,60-74,FluA,O3,3,,,,,True,low_n_blank
2019,60-74,FluA,CO,3,,,,,True,low_n_blank
2019,60-74,FluA,AQI,3,,,,,True,low_n_blank
2019,60-74,FluB,windlevel,3,,,,,True,low_n_blank
2019,60-74,FluB,temp,3,,,,,True,low_n_blank
2019,60-74,FluB,humi,3,,,,,True,low_n_blank
2019,60-74,FluB,PM2.5,3,,,,,True,low_n_blank
2019,60-74,FluB,PM10,3,,,,,True,low_n_blank
2019,60-74,FluB,NO2,3,,,,,True,low_n_blank
2019,60-74,FluB,SO2,3,,,,,True,low_n_blank
2019,60-74,FluB,O3,3,,,,,True,low_n_blank
2019,60-74,FluB,CO,3,,,,,True,low_n_blank
2019,60-74,FluB,AQI,3,,,,,True,low_n_blank
2019,60-74,RSV,windlevel,3,,,,,True,low_n_blank
2019,60-74,RSV,temp,3,,,,,True,low_n_blank
2019,60-74,RSV,humi,3,,,,,True,low_n_blank
2019,60-74,RSV,PM2.5,3,,,,,True,low_n_blank
2019,60-74,RSV,PM10,3,,,,,True,low_n_blank
2019,60-74,RSV,NO2,3,,,,,True,low_n_blank
2019,60-74,RSV,SO2,3,,,,,True,low_n_blank
2019,60-74,RSV,O3,3,,,,,True,low_n_blank
2019,60-74,RSV,CO,3,,,,,True,low_n_blank
2019,60-74,RSV,AQI,3,,,,,True,low_n_blank
2019,60-74,ADV,windlevel,3,,,,,True,low_n_blank
2019,60-74,ADV,temp,3,,,,,True,low_n_blank
2019,60-74,ADV,humi,3,,,,,True,low_n_blank
2019,60-74,ADV,PM2.5,3,,,,,True,low_n_blank
2019,60-74,ADV,PM10,3,,,,,True,low_n_blank
2019,60-74,ADV,NO2,3,,,,,True,low_n_blank
2019,60-74,ADV,SO2,3,,,,,True,low_n_blank
2019,60-74,ADV,O3,3,,,,,True,low_n_blank
2019,60-74,ADV,CO,3,,,,,True,low_n_blank
2019,60-74,ADV,AQI,3,,,,,True,low_n_blank
2019,60-74,PIV,windlevel,3,,,,,True,low_n_blank
2019,60-74,PIV,temp,3,,,,,True,low_n_blank
2019,60-74,PIV,humi,3,,,,,True,low_n_blank
2019,60-74,PIV,PM2.5,3,,,,,True,low_n_blank
2019,60-74,PIV,PM10,3,,,,,True,low_n_blank
2019,60-74,PIV,NO2,3,,,,,True,low_n_blank
2019,60-74,PIV,SO2,3,,,,,True,low_n_blank
2019,60-74,PIV,O3,3,,,,,True,low_n_blank
2019,60-74,PIV,CO,3,,,,,True,low_n_blank
2019,60-74,PIV,AQI,3,,,,,True,low_n_blank
2019,60-74,HRV,windlevel,3,,,,,True,low_n_blank
2019,60-74,HRV,temp,3,,,,,True,low_n_blank
2019,60-74,HRV,humi,3,,,,,True,low_n_blank
2019,60-74,HRV,PM2.5,3,,,,,True,low_n_blank
2019,60-74,HRV,PM10,3,,,,,True,low_n_blank
2019,60-74,HRV,NO2,3,,,,,True,low_n_blank
2019,60-74,HRV,SO2,3,,,,,True,low_n_blank
2019,60-74,HRV,O3,3,,,,,True,low_n_blank
2019,60-74,HRV,CO,3,,,,,True,low_n_blank
2019,60-74,HRV,AQI,3,,,,,True,low_n_blank
2019,60-74,MP,windlevel,3,,,,,True,low_n_blank
2019,60-74,MP,temp,3,,,,,True,low_n_blank
2019,60-74,MP,humi,3,,,,,True,low_n_blank
2019,60-74,MP,PM2.5,3,,,,,True,low_n_blank
2019,60-74,MP,PM10,3,,,,,True,low_n_blank
2019,60-74,MP,NO2,3,,,,,True,low_n_blank
2019,60-74,MP,SO2,3,,,,,True,low_n_blank
2019,60-74,MP,O3,3,,,,,True,low_n_blank
2019,60-74,MP,CO,3,,,,,True,low_n_blank
2019,60-74,MP,AQI,3,,,,,True,low_n_blank
2019,60-74,HMPV,windlevel,3,,,,,True,low_n_blank
2019,60-74,HMPV,temp,3,,,,,True,low_n_blank
2019,60-74,HMPV,humi,3,,,,,True,low_n_blank
2019,60-74,HMPV,PM2.5,3,,,,,True,low_n_blank
2019,60-74,HMPV,PM10,3,,,,,True,low_n_blank
2019,60-74,HMPV,NO2,3,,,,,True,low_n_blank
2019,60-74,HMPV,SO2,3,,,,,True,low_n_blank
2019,60-74,HMPV,O3,3,,,,,True,low_n_blank
2019,60-74,HMPV,CO,3,,,,,True,low_n_blank
2019,60-74,HMPV,AQI,3,,,,,True,low_n_blank
2019,60-74,HBOV,windlevel,3,,,,,True,low_n_blank
2019,60-74,HBOV,temp,3,,,,,True,low_n_blank
2019,60-74,HBOV,humi,3,,,,,True,low_n_blank
2019,60-74,HBOV,PM2.5,3,,,,,True,low_n_blank
2019,60-74,HBOV,PM10,3,,,,,True,low_n_blank
2019,60-74,HBOV,NO2,3,,,,,True,low_n_blank
2019,60-74,HBOV,SO2,3,,,,,True,low_n_blank
2019,60-74,HBOV,O3,3,,,,,True,low_n_blank
2019,60-74,HBOV,CO,3,,,,,True,low_n_blank
2019,60-74,HBOV,AQI,3,,,,,True,low_n_blank
2019,75-89,FluA,windlevel,6,-0.7826908981308054,0.065703848071589,0.3670504218751866,0.6156205353490027,False,computed_exploratory
2019,75-89,FluA,temp,6,0.4058397249567139,0.4246625075613645,0.7388096310406082,0.8577193510692028,False,computed_exploratory
2019,75-89,FluA,humi,6,0.7247137945655605,0.1032428046237076,0.4387819196507574,0.6156205353490027,False,computed_exploratory
2019,75-89,FluA,PM2.5,6,-0.2029198624783569,0.699797968157019,0.9166032341131534,0.971221230269266,False,computed_exploratory
2019,75-89,FluA,PM10,6,-0.5797710356524485,0.2277839567150159,0.5854400422728666,0.8075628818411014,False,computed_exploratory
2019,75-89,FluA,NO2,6,0.0579771035652448,0.9131317851623264,0.979025174995656,1.0,False,computed_exploratory
2019,75-89,FluA,SO2,6,-0.4058397249567139,0.4246625075613645,0.7388096310406082,0.8577193510692028,False,computed_exploratory
2019,75-89,FluA,O3,6,-0.0289885517826224,0.9565293523898406,0.99537116513333,1.0,False,computed_exploratory
2019,75-89,FluA,CO,6,-0.2029198624783569,0.699797968157019,0.9166032341131534,0.971221230269266,False,computed_exploratory
2019,75-89,FluA,AQI,6,-0.2898855178262242,0.5773517870348748,0.8421305982905984,0.971221230269266,False,computed_exploratory
2019,75-89,FluB,windlevel,6,-0.3927922024247863,0.4411128091213043,0.7388096310406082,0.8577193510692028,False,computed_exploratory
2019,75-89,FluB,temp,6,0.1309307341415954,0.8047261622231061,0.9211427661583907,0.971221230269266,False,computed_exploratory
2019,75-89,FluB,humi,6,0.6546536707079772,0.1583024233754578,0.4693828677430339,0.6156205353490027,False,computed_exploratory
2019,75-89,FluB,PM2.5,6,-0.3927922024247863,0.4411128091213043,0.7388096310406082,0.8577193510692028,False,computed_exploratory
2019,75-89,FluB,PM10,6,-0.6546536707079772,0.1583024233754578,0.4693828677430339,0.6156205353490027,False,computed_exploratory
2019,75-89,FluB,NO2,6,-0.1309307341415954,0.8047261622231061,0.9211427661583907,0.971221230269266,False,computed_exploratory
2019,75-89,FluB,SO2,6,-0.1309307341415954,0.8047261622231061,0.9211427661583907,0.971221230269266,False,computed_exploratory
2019,75-89,FluB,O3,6,-0.3927922024247863,0.4411128091213043,0.7388096310406082,0.8577193510692028,False,computed_exploratory
2019,75-89,FluB,CO,6,-0.3927922024247863,0.4411128091213043,0.7388096310406082,0.8577193510692028,False,computed_exploratory
2019,75-89,FluB,AQI,6,-0.3927922024247863,0.4411128091213043,0.7388096310406082,0.8577193510692028,False,computed_exploratory
2019,75-89,RSV,windlevel,6,,,,,False,constant_blank
2019,75-89,RSV,temp,6,,,,,False,constant_blank
2019,75-89,RSV,humi,6,,,,,False,constant_blank
2019,75-89,RSV,PM2.5,6,,,,,False,constant_blank
2019,75-89,RSV,PM10,6,,,,,False,constant_blank
2019,75-89,RSV,NO2,6,,,,,False,constant_blank
2019,75-89,RSV,SO2,6,,,,,False,constant_blank
2019,75-89,RSV,O3,6,,,,,False,constant_blank
2019,75-89,RSV,CO,6,,,,,False,constant_blank
2019,75-89,RSV,AQI,6,,,,,False,constant_blank
2019,75-89,ADV,windlevel,6,0.2070196678027062,0.6939066340345699,0.9166032341131534,0.971221230269266,False,computed_exploratory
2019,75-89,ADV,temp,6,-0.2070196678027062,0.6939066340345699,0.9166032341131534,0.971221230269266,False,computed_exploratory
2019,75-89,ADV,humi,6,0.0,1.0,1.0,1.0,False,computed_exploratory
2019,75-89,ADV,PM2.5,6,-0.2070196678027062,0.6939066340345699,0.9166032341131534,0.971221230269266,False,computed_exploratory
2019,75-89,ADV,PM10,6,0.0,1.0,1.0,1.0,False,computed_exploratory
2019,75-89,ADV,NO2,6,0.0,1.0,1.0,1.0,False,computed_exploratory
2019,75-89,ADV,SO2,6,0.2070196678027062,0.6939066340345699,0.9166032341131534,0.971221230269266,False,computed_exploratory
2019,75-89,ADV,O3,6,0.0,1.0,1.0,1.0,False,computed_exploratory
2019,75-89,ADV,CO,6,-0.2070196678027062,0.6939066340345699,0.9166032341131534,0.971221230269266,False,computed_exploratory
2019,75-89,ADV,AQI,6,0.0,1.0,1.0,1.0,False,computed_exploratory
2019,75-89,PIV,windlevel,6,-0.1309307341415954,0.8047261622231061,0.9211427661583907,0.971221230269266,False,computed_exploratory
2019,75-89,PIV,temp,6,0.6546536707079772,0.1583024233754578,0.4693828677430339,0.6156205353490027,False,computed_exploratory
2019,75-89,PIV,humi,6,0.1309307341415954,0.8047261622231061,0.9211427661583907,0.971221230269266,False,computed_exploratory
2019,75-89,PIV,PM2.5,6,-0.6546536707079772,0.1583024233754578,0.4693828677430339,0.6156205353490027,False,computed_exploratory
2019,75-89,PIV,PM10,6,-0.3927922024247863,0.4411128091213043,0.7388096310406082,0.8577193510692028,False,computed_exploratory
2019,75-89,PIV,NO2,6,-0.3927922024247863,0.4411128091213043,0.7388096310406082,0.8577193510692028,False,computed_exploratory
2019,75-89,PIV,SO2,6,-0.6546536707079772,0.1583024233754578,0.4693828677430339,0.6156205353490027,False,computed_exploratory
2019,75-89,PIV,O3,6,-0.6546536707079772,0.1583024233754578,0.4693828677430339,0.6156205353490027,False,computed_exploratory
2019,75-89,PIV,CO,6,-0.6546536707079772,0.1583024233754578,0.4693828677430339,0.6156205353490027,False,computed_exploratory
2019,75-89,PIV,AQI,6,-0.6546536707079772,0.1583024233754578,0.4693828677430339,0.6156205353490027,False,computed_exploratory
2019,75-89,HRV,windlevel,6,0.5161002296110789,0.2945837414624608,0.6550787393344795,0.8577193510692028,False,computed_exploratory
2019,75-89,HRV,temp,6,-0.7589709258986453,0.0801412280583238,0.3905346059533071,0.6156205353490027,False,computed_exploratory
2019,75-89,HRV,humi,6,-0.3946648814672956,0.4387392515170167,0.7388096310406082,0.8577193510692028,False,computed_exploratory
2019,75-89,HRV,PM2.5,6,0.3946648814672956,0.4387392515170167,0.7388096310406082,0.8577193510692028,False,computed_exploratory
2019,75-89,HRV,PM10,6,0.5768179036829705,0.2307322519546003,0.5854400422728666,0.8075628818411014,False,computed_exploratory
2019,75-89,HRV,NO2,6,0.3339472073954039,0.5177002083054396,0.8096258519316172,0.9536582784573888,False,computed_exploratory
2019,75-89,HRV,SO2,6,0.7589709258986453,0.0801412280583238,0.3905346059533071,0.6156205353490027,False,computed_exploratory
2019,75-89,HRV,O3,6,0.0910765111078374,0.8637629700202579,0.9443067839449764,0.991203408219968,False,computed_exploratory
2019,75-89,HRV,CO,6,0.3946648814672956,0.4387392515170167,0.7388096310406082,0.8577193510692028,False,computed_exploratory
2019,75-89,HRV,AQI,6,0.2732295333235123,0.6003545904291114,0.8649176302792283,0.971221230269266,False,computed_exploratory
2019,75-89,MP,windlevel,6,,,,,False,constant_blank
2019,75-89,MP,temp,6,,,,,False,constant_blank
2019,75-89,MP,humi,6,,,,,False,constant_blank
2019,75-89,MP,PM2.5,6,,,,,False,constant_blank
2019,75-89,MP,PM10,6,,,,,False,constant_blank
2019,75-89,MP,NO2,6,,,,,False,constant_blank
2019,75-89,MP,SO2,6,,,,,False,constant_blank
2019,75-89,MP,O3,6,,,,,False,constant_blank
2019,75-89,MP,CO,6,,,,,False,constant_blank
2019,75-89,MP,AQI,6,,,,,False,constant_blank
2019,75-89,HMPV,windlevel,6,-0.8451542547285165,0.0341094231674096,0.2715913710748846,0.6156205353490027,False,computed_exploratory
2019,75-89,HMPV,temp,6,-0.0338061701891406,0.9493100625278256,0.99537116513333,1.0,False,computed_exploratory
2019,75-89,HMPV,humi,6,0.7775419143502353,0.0687269414410895,0.3670504218751866,0.6156205353490027,False,computed_exploratory
2019,75-89,HMPV,PM2.5,6,0.101418510567422,0.8483938150603566,0.9364874875430452,0.9897927842370826,False,computed_exploratory
2019,75-89,HMPV,PM10,6,-0.304255531702266,0.5576993870568202,0.8280252908267199,0.971221230269266,False,computed_exploratory
2019,75-89,HMPV,NO2,6,0.50709255283711,0.304558784680535,0.6550787393344795,0.8577193510692028,False,computed_exploratory
2019,75-89,HMPV,SO2,6,0.0338061701891406,0.9493100625278256,0.99537116513333,1.0,False,computed_exploratory
2019,75-89,HMPV,O3,6,-0.1352246807565626,0.7983993188035018,0.9211427661583907,0.971221230269266,False,computed_exploratory
2019,75-89,HMPV,CO,6,0.101418510567422,0.8483938150603566,0.9364874875430452,0.9897927842370826,False,computed_exploratory
2019,75-89,HMPV,AQI,6,-0.3718678720805473,0.4679101990344625,0.7611936252235276,0.8852355116868211,False,computed_exploratory
2019,75-89,HBOV,windlevel,6,0.1309307341415954,0.8047261622231061,0.9211427661583907,0.971221230269266,False,computed_exploratory
2019,75-89,HBOV,temp,6,-0.6546536707079772,0.1583024233754578,0.4693828677430339,0.6156205353490027,False,computed_exploratory
2019,75-89,HBOV,humi,6,-0.1309307341415954,0.8047261622231061,0.9211427661583907,0.971221230269266,False,computed_exploratory
2019,75-89,HBOV,PM2.5,6,0.6546536707079772,0.1583024233754578,0.4693828677430339,0.6156205353490027,False,computed_exploratory
2019,75-89,HBOV,PM10,6,0.3927922024247863,0.4411128091213043,0.7388096310406082,0.8577193510692028,False,computed_exploratory
2019,75-89,HBOV,NO2,6,0.3927922024247863,0.4411128091213043,0.7388096310406082,0.8577193510692028,False,computed_exploratory
2019,75-89,HBOV,SO2,6,0.6546536707079772,0.1583024233754578,0.4693828677430339,0.6156205353490027,False,computed_exploratory
2019,75-89,HBOV,O3,6,-0.1309307341415954,0.8047261622231061,0.9211427661583907,0.971221230269266,False,computed_exploratory
2019,75-89,HBOV,CO,6,0.6546536707079772,0.1583024233754578,0.4693828677430339,0.6156205353490027,False,computed_exploratory
2019,75-89,HBOV,AQI,6,0.1309307341415954,0.8047261622231061,0.9211427661583907,0.971221230269266,False,computed_exploratory
2019,>=90,FluA,windlevel,0,,,,,True,low_n_blank
2019,>=90,FluA,temp,0,,,,,True,low_n_blank
2019,>=90,FluA,humi,0,,,,,True,low_n_blank
2019,>=90,FluA,PM2.5,0,,,,,True,low_n_blank
2019,>=90,FluA,PM10,0,,,,,True,low_n_blank
2019,>=90,FluA,NO2,0,,,,,True,low_n_blank
2019,>=90,FluA,SO2,0,,,,,True,low_n_blank
2019,>=90,FluA,O3,0,,,,,True,low_n_blank
2019,>=90,FluA,CO,0,,,,,True,low_n_blank
2019,>=90,FluA,AQI,0,,,,,True,low_n_blank
2019,>=90,FluB,windlevel,0,,,,,True,low_n_blank
2019,>=90,FluB,temp,0,,,,,True,low_n_blank
2019,>=90,FluB,humi,0,,,,,True,low_n_blank
2019,>=90,FluB,PM2.5,0,,,,,True,low_n_blank
2019,>=90,FluB,PM10,0,,,,,True,low_n_blank
2019,>=90,FluB,NO2,0,,,,,True,low_n_blank
2019,>=90,FluB,SO2,0,,,,,True,low_n_blank
2019,>=90,FluB,O3,0,,,,,True,low_n_blank
2019,>=90,FluB,CO,0,,,,,True,low_n_blank
2019,>=90,FluB,AQI,0,,,,,True,low_n_blank
2019,>=90,RSV,windlevel,0,,,,,True,low_n_blank
2019,>=90,RSV,temp,0,,,,,True,low_n_blank
2019,>=90,RSV,humi,0,,,,,True,low_n_blank
2019,>=90,RSV,PM2.5,0,,,,,True,low_n_blank
2019,>=90,RSV,PM10,0,,,,,True,low_n_blank
2019,>=90,RSV,NO2,0,,,,,True,low_n_blank
2019,>=90,RSV,SO2,0,,,,,True,low_n_blank
2019,>=90,RSV,O3,0,,,,,True,low_n_blank
2019,>=90,RSV,CO,0,,,,,True,low_n_blank
2019,>=90,RSV,AQI,0,,,,,True,low_n_blank
2019,>=90,ADV,windlevel,0,,,,,True,low_n_blank
2019,>=90,ADV,temp,0,,,,,True,low_n_blank
2019,>=90,ADV,humi,0,,,,,True,low_n_blank
2019,>=90,ADV,PM2.5,0,,,,,True,low_n_blank
2019,>=90,ADV,PM10,0,,,,,True,low_n_blank
2019,>=90,ADV,NO2,0,,,,,True,low_n_blank
2019,>=90,ADV,SO2,0,,,,,True,low_n_blank
2019,>=90,ADV,O3,0,,,,,True,low_n_blank
2019,>=90,ADV,CO,0,,,,,True,low_n_blank
2019,>=90,ADV,AQI,0,,,,,True,low_n_blank
2019,>=90,PIV,windlevel,0,,,,,True,low_n_blank
2019,>=90,PIV,temp,0,,,,,True,low_n_blank
2019,>=90,PIV,humi,0,,,,,True,low_n_blank
2019,>=90,PIV,PM2.5,0,,,,,True,low_n_blank
2019,>=90,PIV,PM10,0,,,,,True,low_n_blank
2019,>=90,PIV,NO2,0,,,,,True,low_n_blank
2019,>=90,PIV,SO2,0,,,,,True,low_n_blank
2019,>=90,PIV,O3,0,,,,,True,low_n_blank
2019,>=90,PIV,CO,0,,,,,True,low_n_blank
2019,>=90,PIV,AQI,0,,,,,True,low_n_blank
2019,>=90,HRV,windlevel,0,,,,,True,low_n_blank
2019,>=90,HRV,temp,0,,,,,True,low_n_blank
2019,>=90,HRV,humi,0,,,,,True,low_n_blank
2019,>=90,HRV,PM2.5,0,,,,,True,low_n_blank
2019,>=90,HRV,PM10,0,,,,,True,low_n_blank
2019,>=90,HRV,NO2,0,,,,,True,low_n_blank
2019,>=90,HRV,SO2,0,,,,,True,low_n_blank
2019,>=90,HRV,O3,0,,,,,True,low_n_blank
2019,>=90,HRV,CO,0,,,,,True,low_n_blank
2019,>=90,HRV,AQI,0,,,,,True,low_n_blank
2019,>=90,MP,windlevel,0,,,,,True,low_n_blank
2019,>=90,MP,temp,0,,,,,True,low_n_blank
2019,>=90,MP,humi,0,,,,,True,low_n_blank
2019,>=90,MP,PM2.5,0,,,,,True,low_n_blank
2019,>=90,MP,PM10,0,,,,,True,low_n_blank
2019,>=90,MP,NO2,0,,,,,True,low_n_blank
2019,>=90,MP,SO2,0,,,,,True,low_n_blank
2019,>=90,MP,O3,0,,,,,True,low_n_blank
2019,>=90,MP,CO,0,,,,,True,low_n_blank
2019,>=90,MP,AQI,0,,,,,True,low_n_blank
2019,>=90,HMPV,windlevel,0,,,,,True,low_n_blank
2019,>=90,HMPV,temp,0,,,,,True,low_n_blank
2019,>=90,HMPV,humi,0,,,,,True,low_n_blank
2019,>=90,HMPV,PM2.5,0,,,,,True,low_n_blank
2019,>=90,HMPV,PM10,0,,,,,True,low_n_blank
2019,>=90,HMPV,NO2,0,,,,,True,low_n_blank
2019,>=90,HMPV,SO2,0,,,,,True,low_n_blank
2019,>=90,HMPV,O3,0,,,,,True,low_n_blank
2019,>=90,HMPV,CO,0,,,,,True,low_n_blank
2019,>=90,HMPV,AQI,0,,,,,True,low_n_blank
2019,>=90,HBOV,windlevel,0,,,,,True,low_n_blank
2019,>=90,HBOV,temp,0,,,,,True,low_n_blank
2019,>=90,HBOV,humi,0,,,,,True,low_n_blank
2019,>=90,HBOV,PM2.5,0,,,,,True,low_n_blank
2019,>=90,HBOV,PM10,0,,,,,True,low_n_blank
2019,>=90,HBOV,NO2,0,,,,,True,low_n_blank
2019,>=90,HBOV,SO2,0,,,,,True,low_n_blank
2019,>=90,HBOV,O3,0,,,,,True,low_n_blank
2019,>=90,HBOV,CO,0,,,,,True,low_n_blank
2019,>=90,HBOV,AQI,0,,,,,True,low_n_blank
2020-2022,<1,FluA,windlevel,30,-0.0696397260741361,0.7146118712957434,0.9591994268329904,0.9498010651006782,False,computed
2020-2022,<1,FluA,temp,30,-0.0756626213021695,0.6910855559924087,0.9591994268329904,0.9498010651006782,False,computed
2020-2022,<1,FluA,humi,30,0.1415380378587848,0.4556293959458624,0.9044106291413172,0.7949730231510646,False,computed
2020-2022,<1,FluA,PM2.5,30,-0.0997542022143031,0.5999508764162467,0.939142344872617,0.89992631462437,False,computed
2020-2022,<1,FluA,PM10,30,-0.15508955212186,0.4131662685706019,0.8859133474068429,0.7746867535698786,False,computed
2020-2022,<1,FluA,NO2,30,0.176546116371729,0.3506890655619207,0.8798650390442455,0.7666366389025782,False,computed
2020-2022,<1,FluA,SO2,30,-0.2944345142307231,0.1142444649645461,0.7450549291774112,0.6101713269136773,False,computed
2020-2022,<1,FluA,O3,30,-0.2740417328755196,0.1428031520261525,0.7583899253282129,0.6101713269136773,False,computed
2020-2022,<1,FluA,CO,30,-0.013176549082403,0.9449043525848216,0.9976213999135164,0.9789169399677282,False,computed
2020-2022,<1,FluA,AQI,30,-0.2420451019765922,0.1975144099550609,0.7905613522817263,0.7155709611510026,False,computed
2020-2022,<1,FluB,windlevel,30,0.2745490045070094,0.1420353080823186,0.7583899253282129,0.6101713269136773,False,computed
2020-2022,<1,FluB,temp,30,-0.5205929211143839,0.0031847655398984,0.3198390031920204,0.1433144492954315,False,computed
2020-2022,<1,FluB,humi,30,0.111319869586995,0.5581168081501378,0.9332012195169388,0.8898296561565702,False,computed
2020-2022,<1,FluB,PM2.5,30,0.3021539317361295,0.104625364619916,0.7221533391026016,0.6101713269136773,False,computed
2020-2022,<1,FluB,PM10,30,0.1593284386811169,0.4003546892046796,0.8859133474068429,0.7666366389025782,False,computed
2020-2022,<1,FluB,NO2,30,0.4317770682902585,0.0171921826330569,0.6328728615023584,0.5115623030313586,False,computed
2020-2022,<1,FluB,SO2,30,-0.341236817324914,0.0649726345127833,0.6421466541564022,0.6101713269136773,False,computed
2020-2022,<1,FluB,O3,30,-0.1137202980417011,0.5496055796073991,0.9332012195169388,0.8898296561565702,False,computed
2020-2022,<1,FluB,CO,30,0.3745084995938928,0.041451192843234,0.6328728615023584,0.5329439079844374,False,computed
2020-2022,<1,FluB,AQI,30,0.0063011246936034,0.9736375585502048,0.9976213999135164,0.9789169399677282,False,computed
2020-2022,<1,RSV,windlevel,30,-0.0146846146197363,0.9386097882147388,0.9976213999135164,0.9789169399677282,False,computed
2020-2022,<1,RSV,temp,30,0.3223940391514849,0.0822940303505555,0.7111829783381346,0.6101713269136773,False,computed
2020-2022,<1,RSV,humi,30,0.2242741141923373,0.2334751798029249,0.8135986772117402,0.753523664230471,False,computed
2020-2022,<1,RSV,PM2.5,30,-0.2687729463733567,0.1509571248585043,0.7583899253282129,0.6101713269136773,False,computed
2020-2022,<1,RSV,PM10,30,-0.2656580281206853,0.1559326724334953,0.7583899253282129,0.6101713269136773,False,computed
2020-2022,<1,RSV,NO2,30,-0.3880298166184884,0.0341041535354239,0.6328728615023584,0.5115623030313586,False,computed
2020-2022,<1,RSV,SO2,30,-0.267497498039665,0.1529804198293242,0.7583899253282129,0.6101713269136773,False,computed
2020-2022,<1,RSV,O3,30,0.1403938155311159,0.459317746709504,0.9044106291413172,0.7949730231510646,False,computed
2020-2022,<1,RSV,CO,30,-0.1221628838451268,0.5201607383832558,0.9332012195169388,0.8832918198960947,False,computed
2020-2022,<1,RSV,AQI,30,0.0618533767316168,0.745407770285727,0.9638876098082352,0.9717715396183636,False,computed
2020-2022,<1,ADV,windlevel,30,0.0688725825695156,0.7176274714094013,0.9591994268329904,0.9498010651006782,False,computed
2020-2022,<1,ADV,temp,30,-0.0095929668578968,0.9598743526460664,0.9976213999135164,0.9789169399677282,False,computed
2020-2022,<1,ADV,humi,30,0.0725621852071682,0.703162723310601,0.9591994268329904,0.9498010651006782,False,computed
2020-2022,<1,ADV,PM2.5,30,-0.1918593371579363,0.3097819508503047,0.8438763857551281,0.753523664230471,False,computed
2020-2022,<1,ADV,PM10,30,-0.2066177477085468,0.2733070086477257,0.8253656195209351,0.753523664230471,False,computed
2020-2022,<1,ADV,NO2,30,-0.1928432311946437,0.3072599916235842,0.8438763857551281,0.753523664230471,False,computed
2020-2022,<1,ADV,SO2,30,-0.0446541271982201,0.814748376524016,0.9782570558607396,0.9776980518288192,False,computed
2020-2022,<1,ADV,O3,30,-0.1775928736256795,0.347794145408775,0.8787629279008881,0.7666366389025782,False,computed
2020-2022,<1,ADV,CO,30,0.10430437080228,0.5833327745915293,0.9378461277463918,0.8898296561565702,False,computed
2020-2022,<1,ADV,AQI,30,-0.1689838008044901,0.372029760618603,0.8835328352059227,0.7666366389025782,False,computed
2020-2022,<1,PIV,windlevel,30,0.6757242497088675,4.173356106468845e-05,0.0292134927452819,0.0037560204958219,False,computed
2020-2022,<1,PIV,temp,30,-0.3928732948208445,0.0317438058668715,0.6328728615023584,0.5115623030313586,False,computed
2020-2022,<1,PIV,humi,30,-0.2153676168320616,0.2530515802995524,0.8200745657855867,0.753523664230471,False,computed
2020-2022,<1,PIV,PM2.5,30,0.1955457782611686,0.3003990434966249,0.8411173217905498,0.753523664230471,False,computed
2020-2022,<1,PIV,PM10,30,0.2750558498320538,0.1412711068250079,0.7583899253282129,0.6101713269136773,False,computed
2020-2022,<1,PIV,NO2,30,0.2799556301529487,0.1340368230051144,0.7583899253282129,0.6101713269136773,False,computed
2020-2022,<1,PIV,SO2,30,-0.1987080316605994,0.2924946046663486,0.8387762092587974,0.753523664230471,False,computed
2020-2022,<1,PIV,O3,30,-0.0481069340596952,0.8006991925039944,0.9782570558607396,0.9776980518288192,False,computed
2020-2022,<1,PIV,CO,30,0.3289900305065135,0.0758689755665207,0.6987931960074275,0.6101713269136773,False,computed
2020-2022,<1,PIV,AQI,30,-0.0592427984253654,0.7558223085920606,0.9638876098082352,0.9717715396183636,False,computed
2020-2022,<1,HRV,windlevel,30,0.404539395863114,0.0265985343942198,0.6328728615023584,0.5115623030313586,False,computed
2020-2022,<1,HRV,temp,30,-0.0936804651586199,0.6224426497846443,0.939142344872617,0.9183580078789834,False,computed
2020-2022,<1,HRV,humi,30,-0.3028482495982938,0.1037909495612593,0.7221533391026016,0.6101713269136773,False,computed
2020-2022,<1,HRV,PM2.5,30,-0.0140186919358504,0.94138887994188,0.9976213999135164,0.9789169399677282,False,computed
2020-2022,<1,HRV,PM10,30,0.0736537623931192,0.6989024288820234,0.9591994268329904,0.9498010651006782,False,computed
2020-2022,<1,HRV,NO2,30,0.0554072109845519,0.7711997520717464,0.9647621969615572,0.9775771505134812,False,computed
2020-2022,<1,HRV,SO2,30,0.029156465613176,0.8784432000056158,0.9976213999135164,0.9789169399677282,False,computed
2020-2022,<1,HRV,O3,30,0.0077881621865836,0.967419096935348,0.9976213999135164,0.9789169399677282,False,computed
2020-2022,<1,HRV,CO,30,0.1079336826532758,0.5702252032059016,0.934795415091642,0.8898296561565702,False,computed
2020-2022,<1,HRV,AQI,30,-0.0870048975701196,0.6475525105780975,0.9512843680799348,0.939995579871432,False,computed
2020-2022,<1,MP,windlevel,30,-0.0050389396499939,0.9789169399677282,0.9976213999135164,0.9789169399677282,False,computed
2020-2022,<1,MP,temp,30,-0.0283771864499661,0.8816691752219719,0.9976213999135164,0.9789169399677282,False,computed
2020-2022,<1,MP,humi,30,-0.284037071849661,0.1282206176393681,0.7583899253282129,0.6101713269136773,False,computed
2020-2022,<1,MP,PM2.5,30,-0.0355377848999576,0.8521027299762165,0.9882926147810968,0.9789169399677282,False,computed
2020-2022,<1,MP,PM10,30,0.1082045987998708,0.569252115943897,0.934795415091642,0.8898296561565702,False,computed
2020-2022,<1,MP,NO2,30,-0.0450852494999462,0.8129910011529197,0.9782570558607396,0.9776980518288192,False,computed
2020-2022,<1,MP,SO2,30,-0.1431112067328845,0.4505841857802425,0.9044106291413172,0.7949730231510646,False,computed
2020-2022,<1,MP,O3,30,0.2182656490497395,0.2465667599009617,0.8135986772117402,0.753523664230471,False,computed
2020-2022,<1,MP,CO,30,-0.1611313895243876,0.3949746734744385,0.8859133474068429,0.7666366389025782,False,computed
2020-2022,<1,MP,AQI,30,0.2172048196497408,0.2489276418300842,0.8135986772117402,0.753523664230471,False,computed
2020-2022,<1,HMPV,windlevel,30,-0.1057489572896635,0.5780996364959827,0.9378461277463918,0.8898296561565702,False,computed
2020-2022,<1,HMPV,temp,30,-0.0241137764841038,0.8993499227002074,0.9976213999135164,0.9789169399677282,False,computed
2020-2022,<1,HMPV,humi,30,-0.0238625913123943,0.9003931681731611,0.9976213999135164,0.9789169399677282,False,computed
2020-2022,<1,HMPV,PM2.5,30,0.186630582580095,0.3234005293212755,0.8447028750928838,0.7659486220767051,False,computed
2020-2022,<1,HMPV,PM10,30,0.1964268042767622,0.2981834172164614,0.8411173217905498,0.753523664230471,False,computed
2020-2022,<1,HMPV,NO2,30,0.291374799182921,0.1182338640608551,0.746356689579248,0.6101713269136773,False,computed
2020-2022,<1,HMPV,SO2,30,-0.1816472946085515,0.3367173833523977,0.8697496986962304,0.7666366389025782,False,computed
2020-2022,<1,HMPV,O3,30,0.2413889500127474,0.198769711430834,0.7905613522817263,0.7155709611510026,False,computed
2020-2022,<1,HMPV,CO,30,0.0222323608439457,0.9071678711457924,0.9976213999135164,0.9789169399677282,False,computed
2020-2022,<1,HMPV,AQI,30,0.2938866509000151,0.1149513319302291,0.7450549291774112,0.6101713269136773,False,computed
2020-2022,<1,HBOV,windlevel,30,0.2011890127332101,0.2863864105430556,0.8365190647470069,0.753523664230471,False,computed
2020-2022,<1,HBOV,temp,30,0.0697302828223057,0.7142561743282936,0.9591994268329904,0.9498010651006782,False,computed
2020-2022,<1,HBOV,humi,30,-0.1406036850351411,0.4586400602052404,0.9044106291413172,0.7949730231510646,False,computed
2020-2022,<1,HBOV,PM2.5,30,-0.0262917459821808,0.8903112509838335,0.9976213999135164,0.9789169399677282,False,computed
2020-2022,<1,HBOV,PM10,30,0.0111454140576636,0.95338724797525,0.9976213999135164,0.9789169399677282,False,computed
2020-2022,<1,HBOV,NO2,30,0.1671812108649544,0.3772265825399379,0.8859133474068429,0.7666366389025782,False,computed
2020-2022,<1,HBOV,SO2,30,-0.233248252042481,0.2148036143115217,0.8135986772117402,0.7435509726168061,False,computed
2020-2022,<1,HBOV,O3,30,-0.1614656139123064,0.3939819070343211,0.8859133474068429,0.7666366389025782,False,computed
2020-2022,<1,HBOV,CO,30,0.0510173780210474,0.7889038043069603,0.9755035178187688,0.9776980518288192,False,computed
2020-2022,<1,HBOV,AQI,30,-0.1606082743694092,0.3965313798569224,0.8859133474068429,0.7666366389025782,False,computed
2020-2022,1-3,FluA,windlevel,31,-0.2694846802552807,0.1426352104746365,0.7583899253282129,0.5022845103705865,False,computed
2020-2022,1-3,FluA,temp,31,0.0479343682883579,0.7978992595654395,0.9781602131275092,0.9299913522238012,False,computed
2020-2022,1-3,FluA,humi,31,0.252532281714276,0.1705013875657993,0.7679172456256808,0.5022845103705865,False,computed
2020-2022,1-3,FluA,PM2.5,31,-0.1262788712237436,0.4984594483124881,0.9230730524305336,0.8953391973375968,False,computed
2020-2022,1-3,FluA,PM10,31,-0.2449329306441705,0.1841709871358817,0.7794360268525721,0.5022845103705865,False,computed
2020-2022,1-3,FluA,NO2,31,-0.0143232978934338,0.9390409643575762,0.9976213999135164,0.9827499130841488,False,computed
2020-2022,1-3,FluA,SO2,31,-0.3262862207411454,0.0732259046704153,0.6884668369136461,0.387666554137493,False,computed
2020-2022,1-3,FluA,O3,31,-0.0052610892023807,0.9775912589968848,0.9976213999135164,0.9885754304462882,False,computed
2020-2022,1-3,FluA,CO,31,-0.2479057440150266,0.1787349259866406,0.7679172456256808,0.5022845103705865,False,computed
2020-2022,1-3,FluA,AQI,31,-0.0075993510701055,0.9676361977508758,0.9976213999135164,0.9885754304462882,False,computed
2020-2022,1-3,FluB,windlevel,31,0.3005846186975435,0.1003708275977995,0.7221533391026016,0.4516687241900977,False,computed
2020-2022,1-3,FluB,temp,31,-0.2029795971172426,0.2734509206800528,0.8253656195209351,0.6310405861847374,False,computed
2020-2022,1-3,FluB,humi,31,0.1039177841700716,0.5779901410164485,0.9378461277463918,0.8953391973375968,False,computed
2020-2022,1-3,FluB,PM2.5,31,0.253021608209348,0.1696465789023797,0.7679172456256808,0.5022845103705865,False,computed
2020-2022,1-3,FluB,PM10,31,0.2131771366853337,0.2495512454195495,0.8135986772117402,0.591042423362091,False,computed
2020-2022,1-3,FluB,NO2,31,0.2913876486096138,0.111735456206543,0.7449030413769534,0.4714563685106182,False,computed
2020-2022,1-3,FluB,SO2,31,-0.2265995960171918,0.220263202581564,0.8135986772117402,0.5663910923525931,False,computed
2020-2022,1-3,FluB,O3,31,0.0257366474813728,0.8906913206438662,0.9976213999135164,0.9827499130841488,False,computed
2020-2022,1-3,FluB,CO,31,0.118752440838278,0.5245989085764164,0.9332012195169388,0.8953391973375968,False,computed
2020-2022,1-3,FluB,AQI,31,0.1320824172628947,0.4787617757105716,0.9044106291413172,0.8953391973375968,False,computed
2020-2022,1-3,RSV,windlevel,31,0.0754412602228962,0.6866880925052754,0.9591994268329904,0.8953391973375968,False,computed
2020-2022,1-3,RSV,temp,31,0.1498739474481602,0.4209745163725998,0.8859133474068429,0.8225504947323968,False,computed
2020-2022,1-3,RSV,humi,31,-0.0215834621493312,0.9082497586561114,0.9976213999135164,0.9827499130841488,False,computed
2020-2022,1-3,RSV,PM2.5,31,-0.1088359983683769,0.5600233355658862,0.9333722259431436,0.8953391973375968,False,computed
2020-2022,1-3,RSV,PM10,31,-0.0641452426494144,0.7317321341840239,0.9591994268329904,0.9021355078981116,False,computed
2020-2022,1-3,RSV,NO2,31,-0.3046197544694147,0.0956695647572201,0.720093498172625,0.4516687241900977,False,computed
2020-2022,1-3,RSV,SO2,31,-0.2495964538299517,0.1756942347613224,0.7679172456256808,0.5022845103705865,False,computed
2020-2022,1-3,RSV,O3,31,0.0812909836091636,0.6637583075473805,0.9531373877823126,0.8953391973375968,False,computed
2020-2022,1-3,RSV,CO,31,-0.0024210633611459,0.9896868678307538,0.9976213999135164,0.9896868678307538,False,computed
2020-2022,1-3,RSV,AQI,31,0.1071104523485505,0.5662976747788516,0.934795415091642,0.8953391973375968,False,computed
2020-2022,1-3,ADV,windlevel,31,0.510400899020255,0.0033501711303549,0.3198390031920204,0.0822443151065195,False,computed
2020-2022,1-3,ADV,temp,31,-0.5063452701047186,0.003655302893623,0.3198390031920204,0.0822443151065195,False,computed
2020-2022,1-3,ADV,humi,31,-0.3406728289050569,0.0607407411341735,0.6421466541564022,0.3452012447047975,False,computed
2020-2022,1-3,ADV,PM2.5,31,0.3398959685556327,0.0613691101697417,0.6421466541564022,0.3452012447047975,False,computed
2020-2022,1-3,ADV,PM10,31,0.3848791840844036,0.0325176289696233,0.6328728615023584,0.2760046672647181,False,computed
2020-2022,1-3,ADV,NO2,31,0.3551061103466068,0.0499584070553673,0.6328728615023584,0.3211611882130757,False,computed
2020-2022,1-3,ADV,SO2,31,-0.2594359394652533,0.1587215391292182,0.760993680756526,0.5022845103705865,False,computed
2020-2022,1-3,ADV,O3,31,0.0916572134911224,0.623858843379667,0.939142344872617,0.8953391973375968,False,computed
2020-2022,1-3,ADV,CO,31,0.3917513526089828,0.0292943669805658,0.6328728615023584,0.2760046672647181,False,computed
2020-2022,1-3,ADV,AQI,31,0.1518833028868378,0.4147019924713689,0.8859133474068429,0.8225504947323968,False,computed
2020-2022,1-3,PIV,windlevel,31,0.5633268563680048,0.0009680370590148,0.3112268055763185,0.0661649635641994,False,computed
2020-2022,1-3,PIV,temp,31,-0.2638186609556423,0.1515528663051649,0.7583899253282129,0.5022845103705865,False,computed
2020-2022,1-3,PIV,humi,31,-0.1024046301172939,0.5835690420133903,0.9378461277463918,0.8953391973375968,False,computed
2020-2022,1-3,PIV,PM2.5,31,0.069662449402661,0.7096113986464904,0.9591994268329904,0.8995074067349879,False,computed
2020-2022,1-3,PIV,PM10,31,0.1685113814405371,0.3648406930783621,0.8835328352059227,0.7818014851679187,False,computed
2020-2022,1-3,PIV,NO2,31,0.1843469185066051,0.3208252761203375,0.8442770424219408,0.7085514603603402,False,computed
2020-2022,1-3,PIV,SO2,31,-0.3170432942800555,0.0822401621773684,0.7111829783381346,0.4112008108868424,False,computed
2020-2022,1-3,PIV,O3,31,-0.0780708566240755,0.6763452894157935,0.954519561675515,0.8953391973375968,False,computed
2020-2022,1-3,PIV,CO,31,0.2858780903455146,0.1189888913007665,0.746356689579248,0.4714563685106182,False,computed
2020-2022,1-3,PIV,AQI,31,-0.033661719998952,0.8573336724806008,0.9882926147810968,0.9654159527075352,False,computed
2020-2022,1-3,HRV,windlevel,31,0.4467741935483871,0.0117471385760583,0.5722442358293857,0.1762070786408756,False,computed
2020-2022,1-3,HRV,temp,31,0.0604838709677419,0.7465308117000464,0.9638876098082352,0.9079428790946512,False,computed
2020-2022,1-3,HRV,humi,31,-0.3842741935483871,0.0328146403551555,0.6328728615023584,0.2760046672647181,False,computed
2020-2022,1-3,HRV,PM2.5,31,0.0143159593428413,0.9390721391692975,0.9976213999135164,0.9827499130841488,False,computed
2020-2022,1-3,HRV,PM10,31,0.1576612903225806,0.3969596036225368,0.8859133474068429,0.8119628255915525,False,computed
2020-2022,1-3,HRV,NO2,31,0.0729912293254727,0.6963749312625753,0.9591994268329904,0.8953391973375968,False,computed
2020-2022,1-3,HRV,SO2,31,0.0554603231991553,0.7669791409474099,0.9638876098082352,0.920374969136892,False,computed
2020-2022,1-3,HRV,O3,31,0.0076612903225806,0.9673725521808868,0.9976213999135164,0.9885754304462882,False,computed
2020-2022,1-3,HRV,CO,31,0.0459770124290611,0.8059925052606278,0.9782570558607396,0.9299913522238012,False,computed
2020-2022,1-3,HRV,AQI,31,-0.0334677419354838,0.8581475135178092,0.9882926147810968,0.9654159527075352,False,computed
2020-2022,1-3,MP,windlevel,31,-0.0857303058033292,0.6465525913047832,0.9512843680799348,0.8953391973375968,False,computed
2020-2022,1-3,MP,temp,31,0.1471522717333094,0.4295541472491405,0.8859133474068429,0.8225504947323968,False,computed
2020-2022,1-3,MP,humi,31,0.099403746982088,0.5947027773725262,0.939142344872617,0.8953391973375968,False,computed
2020-2022,1-3,MP,PM2.5,31,-0.0759712208794637,0.6845990875721472,0.958438722601006,0.8953391973375968,False,computed
2020-2022,1-3,MP,PM10,31,-0.0171460611606658,0.9270566074362872,0.9976213999135164,0.9827499130841488,False,computed
2020-2022,1-3,MP,NO2,31,-0.0734750236219956,0.6944583455882163,0.9591994268329904,0.8953391973375968,False,computed
2020-2022,1-3,MP,SO2,31,-0.3824294276871711,0.0337339037767988,0.6328728615023584,0.2760046672647181,False,computed
2020-2022,1-3,MP,O3,31,0.1590894029211148,0.3926421999542672,0.8859133474068429,0.8119628255915525,False,computed
2020-2022,1-3,MP,CO,31,-0.2302160123742242,0.2127894769171481,0.8135986772117402,0.5632662624277451,False,computed
2020-2022,1-3,MP,AQI,31,0.183614781543333,0.3227845541641549,0.8447028750928838,0.7085514603603402,False,computed
2020-2022,1-3,HMPV,windlevel,31,0.2189536119501796,0.2366462150409959,0.8135986772117402,0.5756259284780983,False,computed
2020-2022,1-3,HMPV,temp,31,-0.3695767730212211,0.0407324272573653,0.6328728615023584,0.2819937271663753,False,computed
2020-2022,1-3,HMPV,humi,31,-0.0901200373823927,0.6297132772587124,0.9438957046704468,0.8953391973375968,False,computed
2020-2022,1-3,HMPV,PM2.5,31,0.2847741787485425,0.1204832941749357,0.746356689579248,0.4714563685106182,False,computed
2020-2022,1-3,HMPV,PM10,31,0.2496282725615575,0.1756373623001297,0.7679172456256808,0.5022845103705865,False,computed
2020-2022,1-3,HMPV,NO2,31,0.4325563212863264,0.0150845794076509,0.5998026035689265,0.1939445923840841,False,computed
2020-2022,1-3,HMPV,SO2,31,-0.3711698846412207,0.0398064644269481,0.6328728615023584,0.2819937271663753,False,computed
2020-2022,1-3,HMPV,O3,31,0.1197369510761369,0.5211423013960594,0.9332012195169388,0.8953391973375968,False,computed
2020-2022,1-3,HMPV,CO,31,0.1005062225696162,0.5906017482905872,0.939142344872617,0.8953391973375968,False,computed
2020-2022,1-3,HMPV,AQI,31,0.223607698387768,0.2265795531059558,0.8135986772117402,0.5664488827648895,False,computed
2020-2022,1-3,HBOV,windlevel,31,0.4744592209210538,0.007002392054947,0.4901674438462963,0.1260430569890476,False,computed
2020-2022,1-3,HBOV,temp,31,0.0184118503641005,0.9216874892330504,0.9976213999135164,0.9827499130841488,False,computed
2020-2022,1-3,HBOV,humi,31,-0.2531123604998884,0.1694883780851233,0.7679172456256808,0.5022845103705865,False,computed
2020-2022,1-3,HBOV,PM2.5,31,-0.1117975048313261,0.5493299139129519,0.9332012195169388,0.8953391973375968,False,computed
2020-2022,1-3,HBOV,PM10,31,0.1106734302105827,0.55337747605147,0.9332012195169388,0.8953391973375968,False,computed
2020-2022,1-3,HBOV,NO2,31,0.092372056028055,0.6211439378508825,0.939142344872617,0.8953391973375968,False,computed
2020-2022,1-3,HBOV,SO2,31,-0.5464509524842149,0.0014703325236488,0.3112268055763185,0.0661649635641994,False,computed
2020-2022,1-3,HBOV,O3,31,0.0665659205471329,0.7219994226237121,0.9591994268329904,0.9021355078981116,False,computed
2020-2022,1-3,HBOV,CO,31,-0.0901553138809494,0.6295786753312647,0.9438957046704468,0.8953391973375968,False,computed
2020-2022,1-3,HBOV,AQI,31,0.0503796784688027,0.787817355201218,0.9755035178187688,0.9299913522238012,False,computed
2020-2022,4-12,FluA,windlevel,23,-0.1094935404352079,0.6189573271967661,0.939142344872617,0.8503988284740391,False,computed
2020-2022,4-12,FluA,temp,23,0.0629587857502445,0.7753494737560538,0.9657377786997112,0.915595463383618,False,computed
2020-2022,4-12,FluA,humi,23,0.1840860148566933,0.4004414924336791,0.8859133474068429,0.8021726318593768,False,computed
2020-2022,4-12,FluA,PM2.5,23,-0.1183898905955685,0.5905678657008806,0.939142344872617,0.8503988284740391,False,computed
2020-2022,4-12,FluA,PM10,23,-0.2046160536882947,0.3489944199377812,0.8787629279008881,0.8021726318593768,False,computed
2020-2022,4-12,FluA,NO2,23,-0.0085562968173339,0.9690923026791448,0.9976213999135164,0.9690923026791448,False,computed
2020-2022,4-12,FluA,SO2,23,-0.3840066011619478,0.0704490503763404,0.6755388392251825,0.3688215197751675,False,computed
2020-2022,4-12,FluA,O3,23,-0.2696278433216995,0.2134338503496041,0.8135986772117402,0.6108883704820831,False,computed
2020-2022,4-12,FluA,CO,23,-0.1961588112041286,0.369696446193031,0.8835328352059227,0.8021726318593768,False,computed
2020-2022,4-12,FluA,AQI,23,-0.1909293611338938,0.3828431117401176,0.8859133474068429,0.8021726318593768,False,computed
2020-2022,4-12,FluB,windlevel,23,0.3799023174466976,0.0737643039550335,0.6884668369136461,0.3688215197751675,False,computed
2020-2022,4-12,FluB,temp,23,-0.4292840071591192,0.0409372683016871,0.6328728615023584,0.3512065648813078,False,computed
2020-2022,4-12,FluB,humi,23,-0.12289306871614,0.5764130026576608,0.9378461277463918,0.8503988284740391,False,computed
2020-2022,4-12,FluB,PM2.5,23,0.5325366311032734,0.00889590404389,0.5335460061053979,0.1646370533125228,False,computed
2020-2022,4-12,FluB,PM10,23,0.4292840071591192,0.0409372683016871,0.6328728615023584,0.3512065648813078,False,computed
2020-2022,4-12,FluB,NO2,23,0.4254610352008169,0.0429705156331365,0.6328728615023584,0.3512065648813078,False,computed
2020-2022,4-12,FluB,SO2,23,0.037606714193212,0.8647290487511946,0.9937893070898584,0.915595463383618,False,computed
2020-2022,4-12,FluB,O3,23,-0.0572378676212158,0.7953208527004093,0.9781602131275092,0.915595463383618,False,computed
2020-2022,4-12,FluB,CO,23,0.3949681305048207,0.062149206633644,0.6421466541564022,0.3688215197751675,False,computed
2020-2022,4-12,FluB,AQI,23,0.1021303128143264,0.642861892110631,0.9494274477986764,0.8508466219111294,False,computed
2020-2022,4-12,RSV,windlevel,23,-0.0285265532596248,0.8971954055148734,0.9976213999135164,0.917586210185666,False,computed
2020-2022,4-12,RSV,temp,23,0.2526637574423919,0.2447678821300313,0.8135986772117402,0.6294031254772234,False,computed
2020-2022,4-12,RSV,humi,23,0.1436515717716824,0.5131668573095606,0.9300083781559384,0.8503988284740391,False,computed
2020-2022,4-12,RSV,PM2.5,23,-0.3504690829039629,0.101100568474178,0.7221533391026016,0.4410857595984657,False,computed
2020-2022,4-12,RSV,PM10,23,-0.4065033839496547,0.0542462452716307,0.6328728615023584,0.3688215197751675,False,computed
2020-2022,4-12,RSV,NO2,23,-0.2675025276136025,0.2172047539491851,0.8135986772117402,0.6108883704820831,False,computed
2020-2022,4-12,RSV,SO2,23,-0.1737492607928351,0.4278582342402525,0.8859133474068429,0.8021726318593768,False,computed
2020-2022,4-12,RSV,O3,23,-0.2057987056587223,0.3461549544353588,0.8783539061142684,0.8021726318593768,False,computed
2020-2022,4-12,RSV,CO,23,-0.1080467761856783,0.6236258075476286,0.939142344872617,0.8503988284740391,False,computed
2020-2022,4-12,RSV,AQI,23,-0.194591845449584,0.3736081703156473,0.8835328352059227,0.8021726318593768,False,computed
2020-2022,4-12,ADV,windlevel,23,0.0142632766298124,0.9484983598744924,0.9976213999135164,0.9591556448169024,False,computed
2020-2022,4-12,ADV,temp,23,-0.3076792530145256,0.1532316550727863,0.7583899253282129,0.5107721835759544,False,computed
2020-2022,4-12,ADV,humi,23,-0.1161438239856156,0.5976828359410604,0.939142344872617,0.8503988284740391,False,computed
2020-2022,4-12,ADV,PM2.5,23,0.098824130935129,0.65370966805793,0.9531207378481488,0.8526647844233869,False,computed
2020-2022,4-12,ADV,PM10,23,0.1202190458798477,0.5848004073174942,0.9378461277463918,0.8503988284740391,False,computed
2020-2022,4-12,ADV,NO2,23,0.1727302035447833,0.4306147489025366,0.8859133474068429,0.8021726318593768,False,computed
2020-2022,4-12,ADV,SO2,23,-0.1839398332733533,0.4008222526049843,0.8859133474068429,0.8021726318593768,False,computed
2020-2022,4-12,ADV,O3,23,-0.0458462463101114,0.8354490088737745,0.9882926147810968,0.915595463383618,False,computed
2020-2022,4-12,ADV,CO,23,0.1498384537669312,0.4949895727288148,0.9190787822550938,0.8503988284740391,False,computed
2020-2022,4-12,ADV,AQI,23,0.0550154955721337,0.8031133923187922,0.9782570558607396,0.915595463383618,False,computed
2020-2022,4-12,PIV,windlevel,23,0.6152910043385355,0.0017784388890075,0.3112268055763185,0.1223297519196125,False,computed
2020-2022,4-12,PIV,temp,23,-0.1252628266161513,0.5690242358063138,0.934795415091642,0.8503988284740391,False,computed
2020-2022,4-12,PIV,humi,23,0.1112333900351423,0.6133619263135559,0.939142344872617,0.8503988284740391,False,computed
2020-2022,4-12,PIV,PM2.5,23,-0.0340714888395931,0.8773470808909967,0.9976213999135164,0.917586210185666,False,computed
2020-2022,4-12,PIV,PM10,23,-0.043090412355956,0.8452206034796692,0.9882926147810968,0.915595463383618,False,computed
2020-2022,4-12,PIV,NO2,23,0.2992015525182538,0.1654679269773155,0.7679172456256808,0.5318611938556569,False,computed
2020-2022,4-12,PIV,SO2,23,-0.3844013245921284,0.0701362798619067,0.6755388392251825,0.3688215197751675,False,computed
2020-2022,4-12,PIV,O3,23,-0.3487317092993653,0.1029200105729753,0.7221533391026016,0.4410857595984657,False,computed
2020-2022,4-12,PIV,CO,23,0.1368546393051452,0.5335005670466253,0.9332012195169388,0.8503988284740391,False,computed
2020-2022,4-12,PIV,AQI,23,-0.2675613976520992,0.2170997083208274,0.8135986772117402,0.6108883704820831,False,computed
2020-2022,4-12,HRV,windlevel,23,0.4185816782097995,0.0468275419841743,0.6328728615023584,0.3512065648813078,False,computed
2020-2022,4-12,HRV,temp,23,0.31331851710155,0.1454540795511813,0.7583899253282129,0.5107721835759544,False,computed
2020-2022,4-12,HRV,humi,23,0.0583148028674809,0.7915514258872296,0.9755035178187688,0.915595463383618,False,computed
2020-2022,4-12,HRV,PM2.5,23,-0.390906856509978,0.0651320177787207,0.6421466541564022,0.3688215197751675,False,computed
2020-2022,4-12,HRV,PM10,23,-0.3335804401317764,0.1198216519976253,0.746356689579248,0.4871915428676078,False,computed
2020-2022,4-12,HRV,NO2,23,-0.3252595155709343,0.1299177447646954,0.7583899253282129,0.4871915428676078,False,computed
2020-2022,4-12,HRV,SO2,23,-0.1304992585269401,0.552847875977592,0.9332012195169388,0.8503988284740391,False,computed
2020-2022,4-12,HRV,O3,23,-0.1433160409455039,0.5141617747804973,0.9300083781559384,0.8503988284740391,False,computed
2020-2022,4-12,HRV,CO,23,-0.0788627959822453,0.7205836034600044,0.9591994268329904,0.885036267823457,False,computed
2020-2022,4-12,HRV,AQI,23,-0.2866320818910079,0.1848376863678956,0.7794360268525721,0.5736341990727796,False,computed
2020-2022,4-12,MP,windlevel,23,0.1628619877218892,0.4577961560444519,0.9044106291413172,0.8226593480061056,False,computed
2020-2022,4-12,MP,temp,23,0.2552166514910092,0.2398712881286425,0.8135986772117402,0.6294031254772234,False,computed
2020-2022,4-12,MP,humi,23,-0.1598828050196594,0.4661736305367931,0.9044106291413172,0.8226593480061056,False,computed
2020-2022,4-12,MP,PM2.5,23,-0.3277100972452648,0.1268829803961327,0.7583899253282129,0.4871915428676078,False,computed
2020-2022,4-12,MP,PM10,23,-0.1966260583471588,0.3685346069940304,0.8835328352059227,0.8021726318593768,False,computed
2020-2022,4-12,MP,NO2,23,-0.1728352984714114,0.4303300300831837,0.8859133474068429,0.8021726318593768,False,computed
2020-2022,4-12,MP,SO2,23,-0.5954871346759262,0.0027184389315469,0.3198390031920204,0.1223297519196125,False,computed
2020-2022,4-12,MP,O3,23,0.0903685419676336,0.6817587473800637,0.9563749963247388,0.8765469609172248,False,computed
2020-2022,4-12,MP,CO,23,-0.4436209266536799,0.0339757114969166,0.6328728615023584,0.3512065648813078,False,computed
2020-2022,4-12,MP,AQI,23,0.0417085578312155,0.8501287722064268,0.9882926147810968,0.915595463383618,False,computed
2020-2022,4-12,HMPV,windlevel,23,-0.0789099149427171,0.7204231600478807,0.9591994268329904,0.885036267823457,False,computed
2020-2022,4-12,HMPV,temp,23,-0.0463862337838945,0.8335370375899608,0.9882926147810968,0.915595463383618,False,computed
2020-2022,4-12,HMPV,humi,23,0.3577604927470484,0.093722786030534,0.7190997631417492,0.4410857595984657,False,computed
2020-2022,4-12,HMPV,PM2.5,23,0.1093008956976824,0.6195781451443214,0.939142344872617,0.8503988284740391,False,computed
2020-2022,4-12,HMPV,PM10,23,0.0767772145388598,0.7276964868770646,0.9591994268329904,0.885036267823457,False,computed
2020-2022,4-12,HMPV,NO2,23,0.5309069821242894,0.0091465029618068,0.5335460061053979,0.1646370533125228,False,computed
2020-2022,4-12,HMPV,SO2,23,-0.3093179805445383,0.1509420051324901,0.7583899253282129,0.5107721835759544,False,computed
2020-2022,4-12,HMPV,O3,23,0.1087677205967181,0.6212976678284009,0.939142344872617,0.8503988284740391,False,computed
2020-2022,4-12,HMPV,CO,23,0.0440086946298108,0.8419620478628964,0.9882926147810968,0.915595463383618,False,computed
2020-2022,4-12,HMPV,AQI,23,0.2575235737657592,0.2355018867321828,0.8135986772117402,0.6294031254772234,False,computed
2020-2022,4-12,HBOV,windlevel,23,0.560439466268299,0.0054102046881995,0.4207936979710758,0.1623061406459864,False,computed
2020-2022,4-12,HBOV,temp,23,-0.0394248542288305,0.8582519177234947,0.9882926147810968,0.915595463383618,False,computed
2020-2022,4-12,HBOV,humi,23,-0.4555087003977192,0.0289447657219086,0.6328728615023584,0.3512065648813078,False,computed
2020-2022,4-12,HBOV,PM2.5,23,-0.0291137385074441,0.8950905214057916,0.9976213999135164,0.917586210185666,False,computed
2020-2022,4-12,HBOV,PM10,23,0.2383687340296985,0.2733810776376724,0.8253656195209351,0.6834526940941811,False,computed
2020-2022,4-12,HBOV,NO2,23,0.1704787970428156,0.4367384329012163,0.8904716212835968,0.8021726318593768,False,computed
2020-2022,4-12,HBOV,SO2,23,-0.4619914731249258,0.0264627479909222,0.6328728615023584,0.3512065648813078,False,computed
2020-2022,4-12,HBOV,O3,23,0.0776366360198509,0.7247627553861488,0.9591994268329904,0.885036267823457,False,computed
2020-2022,4-12,HBOV,CO,23,-0.1790166534004909,0.4137628743990661,0.8859133474068429,0.8021726318593768,False,computed
2020-2022,4-12,HBOV,AQI,23,0.1043242296516747,0.6357021001285809,0.9467903618936312,0.8508466219111294,False,computed
2020-2022,13-17,FluA,windlevel,0,,,,,True,low_n_blank
2020-2022,13-17,FluA,temp,0,,,,,True,low_n_blank
2020-2022,13-17,FluA,humi,0,,,,,True,low_n_blank
2020-2022,13-17,FluA,PM2.5,0,,,,,True,low_n_blank
2020-2022,13-17,FluA,PM10,0,,,,,True,low_n_blank
2020-2022,13-17,FluA,NO2,0,,,,,True,low_n_blank
2020-2022,13-17,FluA,SO2,0,,,,,True,low_n_blank
2020-2022,13-17,FluA,O3,0,,,,,True,low_n_blank
2020-2022,13-17,FluA,CO,0,,,,,True,low_n_blank
2020-2022,13-17,FluA,AQI,0,,,,,True,low_n_blank
2020-2022,13-17,FluB,windlevel,0,,,,,True,low_n_blank
2020-2022,13-17,FluB,temp,0,,,,,True,low_n_blank
2020-2022,13-17,FluB,humi,0,,,,,True,low_n_blank
2020-2022,13-17,FluB,PM2.5,0,,,,,True,low_n_blank
2020-2022,13-17,FluB,PM10,0,,,,,True,low_n_blank
2020-2022,13-17,FluB,NO2,0,,,,,True,low_n_blank
2020-2022,13-17,FluB,SO2,0,,,,,True,low_n_blank
2020-2022,13-17,FluB,O3,0,,,,,True,low_n_blank
2020-2022,13-17,FluB,CO,0,,,,,True,low_n_blank
2020-2022,13-17,FluB,AQI,0,,,,,True,low_n_blank
2020-2022,13-17,RSV,windlevel,0,,,,,True,low_n_blank
2020-2022,13-17,RSV,temp,0,,,,,True,low_n_blank
2020-2022,13-17,RSV,humi,0,,,,,True,low_n_blank
2020-2022,13-17,RSV,PM2.5,0,,,,,True,low_n_blank
2020-2022,13-17,RSV,PM10,0,,,,,True,low_n_blank
2020-2022,13-17,RSV,NO2,0,,,,,True,low_n_blank
2020-2022,13-17,RSV,SO2,0,,,,,True,low_n_blank
2020-2022,13-17,RSV,O3,0,,,,,True,low_n_blank
2020-2022,13-17,RSV,CO,0,,,,,True,low_n_blank
2020-2022,13-17,RSV,AQI,0,,,,,True,low_n_blank
2020-2022,13-17,ADV,windlevel,0,,,,,True,low_n_blank
2020-2022,13-17,ADV,temp,0,,,,,True,low_n_blank
2020-2022,13-17,ADV,humi,0,,,,,True,low_n_blank
2020-2022,13-17,ADV,PM2.5,0,,,,,True,low_n_blank
2020-2022,13-17,ADV,PM10,0,,,,,True,low_n_blank
2020-2022,13-17,ADV,NO2,0,,,,,True,low_n_blank
2020-2022,13-17,ADV,SO2,0,,,,,True,low_n_blank
2020-2022,13-17,ADV,O3,0,,,,,True,low_n_blank
2020-2022,13-17,ADV,CO,0,,,,,True,low_n_blank
2020-2022,13-17,ADV,AQI,0,,,,,True,low_n_blank
2020-2022,13-17,PIV,windlevel,0,,,,,True,low_n_blank
2020-2022,13-17,PIV,temp,0,,,,,True,low_n_blank
2020-2022,13-17,PIV,humi,0,,,,,True,low_n_blank
2020-2022,13-17,PIV,PM2.5,0,,,,,True,low_n_blank
2020-2022,13-17,PIV,PM10,0,,,,,True,low_n_blank
2020-2022,13-17,PIV,NO2,0,,,,,True,low_n_blank
2020-2022,13-17,PIV,SO2,0,,,,,True,low_n_blank
2020-2022,13-17,PIV,O3,0,,,,,True,low_n_blank
2020-2022,13-17,PIV,CO,0,,,,,True,low_n_blank
2020-2022,13-17,PIV,AQI,0,,,,,True,low_n_blank
2020-2022,13-17,HRV,windlevel,0,,,,,True,low_n_blank
2020-2022,13-17,HRV,temp,0,,,,,True,low_n_blank
2020-2022,13-17,HRV,humi,0,,,,,True,low_n_blank
2020-2022,13-17,HRV,PM2.5,0,,,,,True,low_n_blank
2020-2022,13-17,HRV,PM10,0,,,,,True,low_n_blank
2020-2022,13-17,HRV,NO2,0,,,,,True,low_n_blank
2020-2022,13-17,HRV,SO2,0,,,,,True,low_n_blank
2020-2022,13-17,HRV,O3,0,,,,,True,low_n_blank
2020-2022,13-17,HRV,CO,0,,,,,True,low_n_blank
2020-2022,13-17,HRV,AQI,0,,,,,True,low_n_blank
2020-2022,13-17,MP,windlevel,0,,,,,True,low_n_blank
2020-2022,13-17,MP,temp,0,,,,,True,low_n_blank
2020-2022,13-17,MP,humi,0,,,,,True,low_n_blank
2020-2022,13-17,MP,PM2.5,0,,,,,True,low_n_blank
2020-2022,13-17,MP,PM10,0,,,,,True,low_n_blank
2020-2022,13-17,MP,NO2,0,,,,,True,low_n_blank
2020-2022,13-17,MP,SO2,0,,,,,True,low_n_blank
2020-2022,13-17,MP,O3,0,,,,,True,low_n_blank
2020-2022,13-17,MP,CO,0,,,,,True,low_n_blank
2020-2022,13-17,MP,AQI,0,,,,,True,low_n_blank
2020-2022,13-17,HMPV,windlevel,0,,,,,True,low_n_blank
2020-2022,13-17,HMPV,temp,0,,,,,True,low_n_blank
2020-2022,13-17,HMPV,humi,0,,,,,True,low_n_blank
2020-2022,13-17,HMPV,PM2.5,0,,,,,True,low_n_blank
2020-2022,13-17,HMPV,PM10,0,,,,,True,low_n_blank
2020-2022,13-17,HMPV,NO2,0,,,,,True,low_n_blank
2020-2022,13-17,HMPV,SO2,0,,,,,True,low_n_blank
2020-2022,13-17,HMPV,O3,0,,,,,True,low_n_blank
2020-2022,13-17,HMPV,CO,0,,,,,True,low_n_blank
2020-2022,13-17,HMPV,AQI,0,,,,,True,low_n_blank
2020-2022,13-17,HBOV,windlevel,0,,,,,True,low_n_blank
2020-2022,13-17,HBOV,temp,0,,,,,True,low_n_blank
2020-2022,13-17,HBOV,humi,0,,,,,True,low_n_blank
2020-2022,13-17,HBOV,PM2.5,0,,,,,True,low_n_blank
2020-2022,13-17,HBOV,PM10,0,,,,,True,low_n_blank
2020-2022,13-17,HBOV,NO2,0,,,,,True,low_n_blank
2020-2022,13-17,HBOV,SO2,0,,,,,True,low_n_blank
2020-2022,13-17,HBOV,O3,0,,,,,True,low_n_blank
2020-2022,13-17,HBOV,CO,0,,,,,True,low_n_blank
2020-2022,13-17,HBOV,AQI,0,,,,,True,low_n_blank
2020-2022,18-44,FluA,windlevel,15,-0.4445987710586824,0.0968225198378517,0.7210187647499596,0.8478740977907209,False,computed
2020-2022,18-44,FluA,temp,15,-0.1100038196433853,0.6963369573719203,0.9591994268329904,1.0,False,computed
2020-2022,18-44,FluA,humi,15,0.2016736693462064,0.4710478421504961,0.9044106291413172,1.0,False,computed
2020-2022,18-44,FluA,PM2.5,15,0.0091669849702821,0.9741340929049914,0.9976213999135164,1.0,False,computed
2020-2022,18-44,FluA,PM10,15,-0.2795930415936044,0.3128637459269499,0.8438763857551281,1.0,False,computed
2020-2022,18-44,FluA,NO2,15,-0.2979270115341686,0.2808123788931046,0.836462405213503,1.0,False,computed
2020-2022,18-44,FluA,SO2,15,0.0,1.0,1.0,1.0,False,computed
2020-2022,18-44,FluA,O3,15,-0.2887600265638865,0.2965835568371694,0.8405202015628284,1.0,False,computed
2020-2022,18-44,FluA,CO,15,-0.1215711450226373,0.6660303621370147,0.9531373877823126,1.0,False,computed
2020-2022,18-44,FluA,AQI,15,-0.2933435190490275,0.2886341660732546,0.8365190647470069,1.0,False,computed
2020-2022,18-44,FluB,windlevel,15,-0.081348921681996,0.7731879892791909,0.9647621969615572,1.0,False,computed
2020-2022,18-44,FluB,temp,15,-0.108465228909328,0.7004015585388947,0.9591994268329904,1.0,False,computed
2020-2022,18-44,FluB,humi,15,0.6275488244039695,0.0122623764820582,0.5722442358293857,0.8478740977907209,False,computed
2020-2022,18-44,FluB,PM2.5,15,0.0852226798573292,0.7626666424758863,0.9638876098082352,1.0,False,computed
2020-2022,18-44,FluB,PM10,15,-0.1317077779613269,0.6398590218667712,0.9494274477986764,1.0,False,computed
2020-2022,18-44,FluB,NO2,15,0.0639170098929969,0.8209651770601385,0.984033602640577,1.0,False,computed
2020-2022,18-44,FluB,SO2,15,0.166720525665218,0.5525995414271396,0.9332012195169388,1.0,False,computed
2020-2022,18-44,FluB,O3,15,-0.1704453597146584,0.5436292916565681,0.9332012195169388,1.0,False,computed
2020-2022,18-44,FluB,CO,15,0.0048465269088726,0.9863233407630264,0.9976213999135164,1.0,False,computed
2020-2022,18-44,FluB,AQI,15,-0.0522957353669974,0.8531549005767007,0.9882926147810968,1.0,False,computed
2020-2022,18-44,RSV,windlevel,15,-0.2293990119977401,0.4108294444791107,0.8859133474068429,1.0,False,computed
2020-2022,18-44,RSV,temp,15,0.5916079783099616,0.0201741354789881,0.6328728615023584,0.8478740977907209,False,computed
2020-2022,18-44,RSV,humi,15,0.0845154254728516,0.7645847667883365,0.9638876098082352,1.0,False,computed
2020-2022,18-44,RSV,PM2.5,15,-0.4165403112590545,0.1224707030142152,0.7520130886837778,0.8478740977907209,False,computed
2020-2022,18-44,RSV,PM10,15,-0.368245782417425,0.1768496222868985,0.7679172456256808,1.0,False,computed
2020-2022,18-44,RSV,NO2,15,-0.2293990119977401,0.4108294444791107,0.8859133474068429,1.0,False,computed
2020-2022,18-44,RSV,SO2,15,-0.2265830005916858,0.4167545783638379,0.8859133474068429,1.0,False,computed
2020-2022,18-44,RSV,O3,15,-0.0422577127364258,0.8811351654920158,0.9976213999135164,1.0,False,computed
2020-2022,18-44,RSV,CO,15,-0.4894192812780413,0.0640767451328146,0.6421466541564022,0.8478740977907209,False,computed
2020-2022,18-44,RSV,AQI,15,-0.2233621958925365,0.4235853573418938,0.8859133474068429,1.0,False,computed
2020-2022,18-44,ADV,windlevel,15,-0.0170097302225024,0.95202276811596,0.9976213999135164,1.0,False,computed
2020-2022,18-44,ADV,temp,15,-0.4698937973966312,0.0771630475884978,0.7014822508045261,0.8478740977907209,False,computed
2020-2022,18-44,ADV,humi,15,-0.0297670278893793,0.9161316023599942,0.9976213999135164,1.0,False,computed
2020-2022,18-44,ADV,PM2.5,15,0.2551459533375373,0.3587403486247036,0.8835328352059227,1.0,False,computed
2020-2022,18-44,ADV,PM10,15,0.0063786488334384,0.9820003359954136,0.9976213999135164,1.0,False,computed
2020-2022,18-44,ADV,NO2,15,0.2338837905594092,0.4014845946887073,0.8859133474068429,1.0,False,computed
2020-2022,18-44,ADV,SO2,15,0.2809114745584002,0.3104910433393484,0.8438763857551281,1.0,False,computed
2020-2022,18-44,ADV,O3,15,-0.1020583813350149,0.7174071338312697,0.9591994268329904,1.0,False,computed
2020-2022,18-44,ADV,CO,15,0.2904880021001639,0.2935716732405791,0.8387762092587974,1.0,False,computed
2020-2022,18-44,ADV,AQI,15,-0.0850486511125124,0.7631385024335247,0.9638876098082352,1.0,False,computed
2020-2022,18-44,PIV,windlevel,15,-0.2501824152012135,0.3684854183372795,0.8835328352059227,1.0,False,computed
2020-2022,18-44,PIV,temp,15,-0.3191102234709356,0.2463268541794535,0.8135986772117402,1.0,False,computed
2020-2022,18-44,PIV,humi,15,0.0919037443596294,0.7446116801953866,0.9638876098082352,1.0,False,computed
2020-2022,18-44,PIV,PM2.5,15,0.1710430797804215,0.5421958045372606,0.9332012195169388,1.0,False,computed
2020-2022,18-44,PIV,PM10,15,-0.0051057635755349,0.985591855860233,0.9976213999135164,1.0,False,computed
2020-2022,18-44,PIV,NO2,15,0.0561633993308846,0.8424155253943977,0.9882926147810968,1.0,False,computed
2020-2022,18-44,PIV,SO2,15,0.1456443596148328,0.6045155840338057,0.939142344872617,1.0,False,computed
2020-2022,18-44,PIV,O3,15,-0.2221007155357711,0.4262763368476627,0.8859133474068429,1.0,False,computed
2020-2022,18-44,PIV,CO,15,0.3168403612673555,0.249891022286463,0.8135986772117402,1.0,False,computed
2020-2022,18-44,PIV,AQI,15,-0.0970095079351644,0.7308960124856497,0.9591994268329904,1.0,False,computed
2020-2022,18-44,HRV,windlevel,15,0.0664573230774576,0.8139622053216782,0.9782570558607396,1.0,False,computed
2020-2022,18-44,HRV,temp,15,-0.0424588452994868,0.8805731336619123,0.9976213999135164,1.0,False,computed
2020-2022,18-44,HRV,humi,15,0.5076601068416907,0.0533797151938187,0.6328728615023584,0.8478740977907209,False,computed
2020-2022,18-44,HRV,PM2.5,15,-0.0996859846161865,0.7237359898180484,0.9591994268329904,1.0,False,computed
2020-2022,18-44,HRV,PM10,15,-0.2436768512840115,0.3814744146773996,0.8859133474068429,1.0,False,computed
2020-2022,18-44,HRV,NO2,15,0.2030640427366763,0.4679302570427713,0.9044106291413172,1.0,False,computed
2020-2022,18-44,HRV,SO2,15,-0.1995502186816853,0.4758285413898041,0.9044106291413172,1.0,False,computed
2020-2022,18-44,HRV,O3,15,-0.5242744376110552,0.0448324818319132,0.6328728615023584,0.8478740977907209,False,computed
2020-2022,18-44,HRV,CO,15,0.0295629953602496,0.9167046154760196,0.9976213999135164,1.0,False,computed
2020-2022,18-44,HRV,AQI,15,-0.4190503427384138,0.1200044399914224,0.746356689579248,0.8478740977907209,False,computed
2020-2022,18-44,MP,windlevel,15,-0.1532806447957078,0.5854839397502475,0.9378461277463918,1.0,False,computed
2020-2022,18-44,MP,temp,15,-0.0121011035365032,0.9658589801556684,0.9976213999135164,1.0,False,computed
2020-2022,18-44,MP,humi,15,0.0383201611989269,0.8921483001941418,0.9976213999135164,1.0,False,computed
2020-2022,18-44,MP,PM2.5,15,-0.203701909531138,0.4665033621009192,0.9044106291413172,1.0,False,computed
2020-2022,18-44,MP,PM10,15,-0.425555474367031,0.1137722383346962,0.7450549291774112,0.8478740977907209,False,computed
2020-2022,18-44,MP,NO2,15,-0.3045444390019984,0.2697453000117751,0.8253656195209351,1.0,False,computed
2020-2022,18-44,MP,SO2,15,0.1402964366117582,0.6179871460712832,0.939142344872617,1.0,False,computed
2020-2022,18-44,MP,O3,15,-0.4638756355659578,0.0815558332399738,0.7111829783381346,0.8478740977907209,False,computed
2020-2022,18-44,MP,CO,15,0.0413824021660581,0.8835816866001905,0.9976213999135164,1.0,False,computed
2020-2022,18-44,MP,AQI,15,-0.522364302659057,0.0457598157089892,0.6328728615023584,0.8478740977907209,False,computed
2020-2022,18-44,HMPV,windlevel,15,-0.2941253818692638,0.2872908721434044,0.8365190647470069,1.0,False,computed
2020-2022,18-44,HMPV,temp,15,-0.1410190187044415,0.6161602090191254,0.939142344872617,1.0,False,computed
2020-2022,18-44,HMPV,humi,15,0.3384456448906597,0.2172410023220791,0.8135986772117402,1.0,False,computed
2020-2022,18-44,HMPV,PM2.5,15,0.2256304299271064,0.4187688434507645,0.8859133474068429,1.0,False,computed
2020-2022,18-44,HMPV,PM10,15,0.0886405260427918,0.7534154262246144,0.9638876098082352,1.0,False,computed
2020-2022,18-44,HMPV,NO2,15,0.161164592805076,0.5660967046530827,0.934795415091642,1.0,False,computed
2020-2022,18-44,HMPV,SO2,15,0.0322617365538621,0.9091285397964692,0.9976213999135164,1.0,False,computed
2020-2022,18-44,HMPV,O3,15,-0.0846114112226649,0.7643243718471053,0.9638876098082352,1.0,False,computed
2020-2022,18-44,HMPV,CO,15,-0.0504089633654096,0.8584027282670097,0.9882926147810968,1.0,False,computed
2020-2022,18-44,HMPV,AQI,15,0.040291148201269,0.8866331418997833,0.9976213999135164,1.0,False,computed
2020-2022,18-44,HBOV,windlevel,15,-0.3711537444790451,0.1731927622021959,0.7679172456256808,1.0,False,computed
2020-2022,18-44,HBOV,temp,15,-0.3092947870658709,0.2619654382517166,0.8253656195209351,1.0,False,computed
2020-2022,18-44,HBOV,humi,15,-0.1237179148263483,0.6604565674873454,0.9531373877823126,1.0,False,computed
2020-2022,18-44,HBOV,PM2.5,15,0.1237179148263483,0.6604565674873454,0.9531373877823126,1.0,False,computed
2020-2022,18-44,HBOV,PM10,15,-0.0618589574131741,0.8266479231312032,0.9861071227338066,1.0,False,computed
2020-2022,18-44,HBOV,NO2,15,-0.4330127018922193,0.1069075395762957,0.7265560942078351,0.8478740977907209,False,computed
2020-2022,18-44,HBOV,SO2,15,0.2476570508230826,0.3734985191520833,0.8835328352059227,1.0,False,computed
2020-2022,18-44,HBOV,O3,15,0.1237179148263483,0.6604565674873454,0.9531373877823126,1.0,False,computed
2020-2022,18-44,HBOV,CO,15,0.0619142627057706,0.8264951070952101,0.9861071227338066,1.0,False,computed
2020-2022,18-44,HBOV,AQI,15,0.0,1.0,1.0,1.0,False,computed
2020-2022,45-59,FluA,windlevel,16,-0.3110450603386316,0.2409444492197098,0.8135986772117402,0.9246936704659786,False,computed
2020-2022,45-59,FluA,temp,16,-0.0309113103442118,0.90952194771828,0.9976213999135164,0.9904955327712772,False,computed
2020-2022,45-59,FluA,humi,16,0.2936574482700125,0.2696314707744708,0.8253656195209351,0.9246936704659786,False,computed
2020-2022,45-59,FluA,PM2.5,16,-0.1217132844803341,0.6534052789581302,0.9531207378481488,0.9364601083579313,False,computed
2020-2022,45-59,FluA,PM10,16,-0.3651398534410024,0.1643284843407556,0.7679172456256808,0.9246936704659786,False,computed
2020-2022,45-59,FluA,NO2,16,-0.2994533189595522,0.2598478485405435,0.8253656195209351,0.9246936704659786,False,computed
2020-2022,45-59,FluA,SO2,16,-0.1846376965788112,0.493619217750364,0.9189719479395074,0.9246936704659786,False,computed
2020-2022,45-59,FluA,O3,16,-0.4250305172329128,0.1007711636163775,0.7221533391026016,0.9246936704659786,False,computed
2020-2022,45-59,FluA,CO,16,-0.202187048530499,0.4526812258083831,0.9044106291413172,0.9246936704659786,False,computed
2020-2022,45-59,FluA,AQI,16,-0.3728676810270554,0.1549115420771288,0.7583899253282129,0.9246936704659786,False,computed
2020-2022,45-59,FluB,windlevel,16,0.1400280084028009,0.6049904215869168,0.939142344872617,0.9307544947491028,False,computed
2020-2022,45-59,FluB,temp,16,-0.0840168050416805,0.7570527243204266,0.9638876098082352,0.9463159054005332,False,computed
2020-2022,45-59,FluB,humi,16,-0.1400280084028009,0.6049904215869168,0.939142344872617,0.9307544947491028,False,computed
2020-2022,45-59,FluB,PM2.5,16,0.2520504151250418,0.3463223972679116,0.8783539061142684,0.9246936704659786,False,computed
2020-2022,45-59,FluB,PM10,16,0.3080616184861621,0.2457251662216492,0.8135986772117402,0.9246936704659786,False,computed
2020-2022,45-59,FluB,NO2,16,0.3080616184861621,0.2457251662216492,0.8135986772117402,0.9246936704659786,False,computed
2020-2022,45-59,FluB,SO2,16,0.0280262167747618,0.9179387985999928,0.9976213999135164,0.9904955327712772,False,computed
2020-2022,45-59,FluB,O3,16,0.1960392117639214,0.4668248490265504,0.9044106291413172,0.9246936704659786,False,computed
2020-2022,45-59,FluB,CO,16,-0.1963281422254465,0.4661553085256126,0.9044106291413172,0.9246936704659786,False,computed
2020-2022,45-59,FluB,AQI,16,0.2520504151250418,0.3463223972679116,0.8783539061142684,0.9246936704659786,False,computed
2020-2022,45-59,RSV,windlevel,16,-0.0560267499988839,0.8367216534201993,0.9882926147810968,0.9904955327712772,False,computed
2020-2022,45-59,RSV,temp,16,-0.3902552930956745,0.1350711676221058,0.7583899253282129,0.9246936704659786,False,computed
2020-2022,45-59,RSV,humi,16,0.0154556551721059,0.9546961267144064,0.9976213999135164,0.9904955327712772,False,computed
2020-2022,45-59,RSV,PM2.5,16,0.282065706890933,0.2898617844424268,0.8365190647470069,0.9246936704659786,False,computed
2020-2022,45-59,RSV,PM10,16,0.1236452413768473,0.6482323479630413,0.9512843680799348,0.9364601083579313,False,computed
2020-2022,45-59,RSV,NO2,16,0.3400244137863302,0.1975448193450596,0.7905613522817263,0.9246936704659786,False,computed
2020-2022,45-59,RSV,SO2,16,0.0589680601639135,0.8282656418837934,0.9861071227338066,0.9904955327712772,False,computed
2020-2022,45-59,RSV,O3,16,-0.2724059224083668,0.3073935401514065,0.8438763857551281,0.9246936704659786,False,computed
2020-2022,45-59,RSV,CO,16,0.5282015717591028,0.0354479380562494,0.6328728615023584,0.9246936704659786,False,computed
2020-2022,45-59,RSV,AQI,16,-0.0521628362058574,0.847855451813335,0.9882926147810968,0.9904955327712772,False,computed
2020-2022,45-59,ADV,windlevel,16,0.241612848228091,0.3673139760281328,0.8835328352059227,0.9246936704659786,False,computed
2020-2022,45-59,ADV,temp,16,-0.198467696758789,0.4612120786919812,0.9044106291413172,0.9246936704659786,False,computed
2020-2022,45-59,ADV,humi,16,-0.1941531816118588,0.4712069722408341,0.9044106291413172,0.9246936704659786,False,computed
2020-2022,45-59,ADV,PM2.5,16,0.0043145151469301,0.9873476497768028,0.9976213999135164,0.9904955327712772,False,computed
2020-2022,45-59,ADV,PM10,16,-0.0129435454407905,0.96205425174785,0.9976213999135164,0.9904955327712772,False,computed
2020-2022,45-59,ADV,NO2,16,0.0086290302938603,0.9746981255524688,0.9976213999135164,0.9904955327712772,False,computed
2020-2022,45-59,ADV,SO2,16,-0.1899784078651285,0.4809780669828368,0.9044106291413172,0.9246936704659786,False,computed
2020-2022,45-59,ADV,O3,16,-0.1596370604364172,0.5548162022795872,0.9332012195169388,0.9246936704659786,False,computed
2020-2022,45-59,ADV,CO,16,0.1620327769720161,0.5488128051738759,0.9332012195169388,0.9246936704659786,False,computed
2020-2022,45-59,ADV,AQI,16,-0.0949193332324643,0.7265866292013887,0.9591994268329904,0.9463159054005332,False,computed
2020-2022,45-59,PIV,windlevel,16,0.1328817633281936,0.6237122178217132,0.939142344872617,0.9364601083579313,False,computed
2020-2022,45-59,PIV,temp,16,-0.0129640744710432,0.9619941085490824,0.9976213999135164,0.9904955327712772,False,computed
2020-2022,45-59,PIV,humi,16,0.1490868564169978,0.5815867111156572,0.9378461277463918,0.9307544947491028,False,computed
2020-2022,45-59,PIV,PM2.5,16,-0.1620509308880411,0.5487674224786507,0.9332012195169388,0.9246936704659786,False,computed
2020-2022,45-59,PIV,PM10,16,-0.1037125957683463,0.7022892099746769,0.9591994268329904,0.9463159054005332,False,computed
2020-2022,45-59,PIV,NO2,16,-0.0032410186177608,0.9904955327712772,0.9976213999135164,0.9904955327712772,False,computed
2020-2022,45-59,PIV,SO2,16,-0.3600178829978676,0.170776475760811,0.7679172456256808,0.9246936704659786,False,computed
2020-2022,45-59,PIV,O3,16,-0.1685329681235627,0.5326692624126808,0.9332012195169388,0.9246936704659786,False,computed
2020-2022,45-59,PIV,CO,16,0.0146060791250884,0.9571842316859808,0.9976213999135164,0.9904955327712772,False,computed
2020-2022,45-59,PIV,AQI,16,-0.1166766702393895,0.6669603716553825,0.9531373877823126,0.9364601083579313,False,computed
2020-2022,45-59,HRV,windlevel,16,0.3065220519862366,0.248215118275829,0.8135986772117402,0.9246936704659786,False,computed
2020-2022,45-59,HRV,temp,16,-0.3276615038473564,0.215388051141916,0.8135986772117402,0.9246936704659786,False,computed
2020-2022,45-59,HRV,humi,16,0.2687730308056656,0.314144582597074,0.8438763857551281,0.9246936704659786,False,computed
2020-2022,45-59,HRV,PM2.5,16,0.0060398433888913,0.98228874369442,0.9976213999135164,0.9904955327712772,False,computed
2020-2022,45-59,HRV,PM10,16,-0.1962949101389692,0.4662322933541034,0.9044106291413172,0.9246936704659786,False,computed
2020-2022,45-59,HRV,NO2,16,0.4424185282362922,0.0861637757565177,0.7190997631417492,0.9246936704659786,False,computed
2020-2022,45-59,HRV,SO2,16,-0.1926617231729848,0.4746865290244687,0.9044106291413172,0.9246936704659786,False,computed
2020-2022,45-59,HRV,O3,16,-0.4967771187363146,0.0502842429695282,0.6328728615023584,0.9246936704659786,False,computed
2020-2022,45-59,HRV,CO,16,0.2419498061034169,0.3666255320888307,0.8835328352059227,0.9246936704659786,False,computed
2020-2022,45-59,HRV,AQI,16,-0.3548407990973675,0.1774625688459479,0.7679172456256808,0.9246936704659786,False,computed
2020-2022,45-59,MP,windlevel,16,-0.3080616184861621,0.2457251662216492,0.8135986772117402,0.9246936704659786,False,computed
2020-2022,45-59,MP,temp,16,-0.3080616184861621,0.2457251662216492,0.8135986772117402,0.9246936704659786,False,computed
2020-2022,45-59,MP,humi,16,-0.0840168050416805,0.7570527243204266,0.9638876098082352,0.9463159054005332,False,computed
2020-2022,45-59,MP,PM2.5,16,0.0840168050416805,0.7570527243204266,0.9638876098082352,0.9463159054005332,False,computed
2020-2022,45-59,MP,PM10,16,-0.0840168050416805,0.7570527243204266,0.9638876098082352,0.9463159054005332,False,computed
2020-2022,45-59,MP,NO2,16,-0.4200840252084029,0.1052280579835219,0.7221533391026016,0.9246936704659786,False,computed
2020-2022,45-59,MP,SO2,16,0.140131083873809,0.6047220285148525,0.939142344872617,0.9307544947491028,False,computed
2020-2022,45-59,MP,O3,16,0.0840168050416805,0.7570527243204266,0.9638876098082352,0.9463159054005332,False,computed
2020-2022,45-59,MP,CO,16,-0.028046877460778,0.917878493915454,0.9976213999135164,0.9904955327712772,False,computed
2020-2022,45-59,MP,AQI,16,-0.0280056016805601,0.9179989706285088,0.9976213999135164,0.9904955327712772,False,computed
2020-2022,45-59,HMPV,windlevel,16,0.2459273633750212,0.3585530598655893,0.8835328352059227,0.9246936704659786,False,computed
2020-2022,45-59,HMPV,temp,16,-0.1639515755833474,0.5440251591024159,0.9332012195169388,0.9246936704659786,False,computed
2020-2022,45-59,HMPV,humi,16,0.1898386664649286,0.4813068173740066,0.9044106291413172,0.9246936704659786,False,computed
2020-2022,45-59,HMPV,PM2.5,16,0.2674999391096722,0.3165306985498767,0.8438763857551281,0.9246936704659786,False,computed
2020-2022,45-59,HMPV,PM10,16,0.3710483026359969,0.1570950559608441,0.7583899253282129,0.9246936704659786,False,computed
2020-2022,45-59,HMPV,NO2,16,0.6126611508640879,0.0116314140503515,0.5722442358293857,0.9246936704659786,False,computed
2020-2022,45-59,HMPV,SO2,16,-0.1165776593717834,0.667227827205026,0.9531373877823126,0.9364601083579313,False,computed
2020-2022,45-59,HMPV,O3,16,0.0129435454407905,0.96205425174785,0.9976213999135164,0.9904955327712772,False,computed
2020-2022,45-59,HMPV,CO,16,0.1944393323664194,0.4705408177280626,0.9044106291413172,0.9246936704659786,False,computed
2020-2022,45-59,HMPV,AQI,16,0.1596370604364172,0.5548162022795872,0.9332012195169388,0.9246936704659786,False,computed
2020-2022,45-59,HBOV,windlevel,16,,,,,False,constant_blank
2020-2022,45-59,HBOV,temp,16,,,,,False,constant_blank
2020-2022,45-59,HBOV,humi,16,,,,,False,constant_blank
2020-2022,45-59,HBOV,PM2.5,16,,,,,False,constant_blank
2020-2022,45-59,HBOV,PM10,16,,,,,False,constant_blank
2020-2022,45-59,HBOV,NO2,16,,,,,False,constant_blank
2020-2022,45-59,HBOV,SO2,16,,,,,False,constant_blank
2020-2022,45-59,HBOV,O3,16,,,,,False,constant_blank
2020-2022,45-59,HBOV,CO,16,,,,,False,constant_blank
2020-2022,45-59,HBOV,AQI,16,,,,,False,constant_blank
2020-2022,60-74,FluA,windlevel,23,-0.3585913449253059,0.0929081943378756,0.7190997631417492,0.7358319082361497,False,computed
2020-2022,60-74,FluA,temp,23,0.1786113378349329,0.4148383475063696,0.8859133474068429,0.8330731540622587,False,computed
2020-2022,60-74,FluA,humi,23,0.2258304271476163,0.3001511986039086,0.8411173217905498,0.7358319082361497,False,computed
2020-2022,60-74,FluA,PM2.5,23,-0.2313051041693767,0.2882700114146312,0.8365190647470069,0.7358319082361497,False,computed
2020-2022,60-74,FluA,PM10,23,-0.3729623721074269,0.079637001822597,0.7111829783381346,0.7358319082361497,False,computed
2020-2022,60-74,FluA,NO2,23,-0.2812615319929403,0.1935690595262857,0.7905613522817263,0.7358319082361497,False,computed
2020-2022,60-74,FluA,SO2,23,-0.2744860019000731,0.2049792322672885,0.8060981044219214,0.7358319082361497,False,computed
2020-2022,60-74,FluA,O3,23,-0.1420345271677436,0.5179702583205587,0.9332012195169388,0.8632837638675978,False,computed
2020-2022,60-74,FluA,CO,23,-0.3063154260605554,0.1551557768238255,0.7583899253282129,0.7358319082361497,False,computed
2020-2022,60-74,FluA,AQI,23,-0.2464213483392178,0.2570131478735888,0.8252715757408816,0.7358319082361497,False,computed
2020-2022,60-74,FluB,windlevel,23,-0.2242978132575316,0.3035306621474117,0.8438763857551281,0.7358319082361497,False,computed
2020-2022,60-74,FluB,temp,23,-0.2727946377456466,0.2078966930164982,0.8130038274388199,0.7358319082361497,False,computed
2020-2022,60-74,FluB,humi,23,0.1475111744846829,0.501789563647294,0.9243491961923838,0.8632837638675978,False,computed
2020-2022,60-74,FluB,PM2.5,23,0.3940366989659339,0.0628238654444213,0.6421466541564022,0.7358319082361497,False,computed
2020-2022,60-74,FluB,PM10,23,0.2384427203998985,0.2732277550612068,0.8253656195209351,0.7358319082361497,False,computed
2020-2022,60-74,FluB,NO2,23,0.2889602459083516,0.181137830687848,0.7731492773261804,0.7358319082361497,False,computed
2020-2022,60-74,FluB,SO2,23,0.0909540175690653,0.6798028854764124,0.9556516925261812,0.9218683639284032,False,computed
2020-2022,60-74,FluB,O3,23,0.09903881913076,0.6530031720002442,0.9531207378481488,0.9218683639284032,False,computed
2020-2022,60-74,FluB,CO,23,0.3082330595396104,0.1524551501631391,0.7583899253282129,0.7358319082361497,False,computed
2020-2022,60-74,FluB,AQI,23,0.2385016460699936,0.2731056818741249,0.8253656195209351,0.7358319082361497,False,computed
2020-2022,60-74,RSV,windlevel,23,-0.2084068377732385,0.3399413817238166,0.8748491441421751,0.7998620746442744,False,computed
2020-2022,60-74,RSV,temp,23,-0.1155940760118772,0.5994297779322278,0.939142344872617,0.9218683639284032,False,computed
2020-2022,60-74,RSV,humi,23,-0.0109687809354336,0.9603836551523623,0.9976213999135164,0.9973076373043812,False,computed
2020-2022,60-74,RSV,PM2.5,23,0.09365651414101,0.6708008444997571,0.9531373877823126,0.9218683639284032,False,computed
2020-2022,60-74,RSV,PM10,23,-0.0759377141683865,0.7305657901239067,0.9591994268329904,0.9277025906335322,False,computed
2020-2022,60-74,RSV,NO2,23,-0.261563237691109,0.2279770140357974,0.8135986772117402,0.7358319082361497,False,computed
2020-2022,60-74,RSV,SO2,23,0.1021192681461953,0.6428980146522467,0.9494274477986764,0.9218683639284032,False,computed
2020-2022,60-74,RSV,O3,23,0.1443173128347057,0.5111955533059941,0.9299862005687052,0.8632837638675978,False,computed
2020-2022,60-74,RSV,CO,23,0.2936983910320328,0.1737661122054457,0.7679172456256808,0.7358319082361497,False,computed
2020-2022,60-74,RSV,AQI,23,0.1105588770838974,0.615528723270646,0.939142344872617,0.9218683639284032,False,computed
2020-2022,60-74,ADV,windlevel,23,-0.1974380568378049,0.3665205371744691,0.8835328352059227,0.8205735821986675,False,computed
2020-2022,60-74,ADV,temp,23,-0.3990948755738535,0.0592266556554523,0.6421466541564022,0.7358319082361497,False,computed
2020-2022,60-74,ADV,humi,23,-0.0270000761487596,0.902670474462306,0.9976213999135164,0.9973076373043812,False,computed
2020-2022,60-74,ADV,PM2.5,23,0.2472194472370805,0.2554260216009368,0.8239549083901186,0.7358319082361497,False,computed
2020-2022,60-74,ADV,PM10,23,0.0793127236869814,0.7190520337458932,0.9591994268329904,0.9277025906335322,False,computed
2020-2022,60-74,ADV,NO2,23,0.2978445900160049,0.1674879154121251,0.7679172456256808,0.7358319082361497,False,computed
2020-2022,60-74,ADV,SO2,23,0.1443173128347057,0.5111955533059941,0.9299862005687052,0.8632837638675978,False,computed
2020-2022,60-74,ADV,O3,23,-0.2557201508123733,0.2389131565793507,0.8135986772117402,0.7358319082361497,False,computed
2020-2022,60-74,ADV,CO,23,0.4160727206287131,0.0482994572725079,0.6328728615023584,0.7358319082361497,False,computed
2020-2022,60-74,ADV,AQI,23,-0.0759564804393188,0.7305016110968955,0.9591994268329904,0.9277025906335322,False,computed
2020-2022,60-74,PIV,windlevel,23,0.1346773355793315,0.5400929343221026,0.9332012195169388,0.8762158229189858,False,computed
2020-2022,60-74,PIV,temp,23,-0.3597007171097979,0.0918287533842631,0.7190997631417492,0.7358319082361497,False,computed
2020-2022,60-74,PIV,humi,23,0.2620596488147825,0.2270634061704044,0.8135986772117402,0.7358319082361497,False,computed
2020-2022,60-74,PIV,PM2.5,23,-0.0112231112982776,0.9594658052327132,0.9976213999135164,0.9973076373043812,False,computed
2020-2022,60-74,PIV,PM10,23,-0.1442169801828675,0.5114924103127878,0.9299862005687052,0.8632837638675978,False,computed
2020-2022,60-74,PIV,NO2,23,0.0656552010949241,0.7659831581757548,0.9638876098082352,0.9341931106652628,False,computed
2020-2022,60-74,PIV,SO2,23,-0.1922432777787332,0.3795152817668837,0.8859133474068429,0.8205735821986675,False,computed
2020-2022,60-74,PIV,O3,23,-0.498709933741327,0.0154234955203438,0.5998026035689265,0.616939820813753,False,computed
2020-2022,60-74,PIV,CO,23,0.1543559164646763,0.4819216638138733,0.9044106291413172,0.8632837638675978,False,computed
2020-2022,60-74,PIV,AQI,23,-0.4209706812672991,0.0454587068376017,0.6328728615023584,0.7358319082361497,False,computed
2020-2022,60-74,HRV,windlevel,23,0.1286334848338552,0.5585875871108534,0.9332012195169388,0.8762158229189858,False,computed
2020-2022,60-74,HRV,temp,23,-0.3670275880008455,0.084932521356774,0.7190997631417492,0.7358319082361497,False,computed
2020-2022,60-74,HRV,humi,23,0.0720148853316949,0.7440193004846778,0.9638876098082352,0.9300241256058472,False,computed
2020-2022,60-74,HRV,PM2.5,23,0.2408773750749798,0.2682127902998496,0.8253656195209351,0.7358319082361497,False,computed
2020-2022,60-74,HRV,PM10,23,0.043208931199017,0.8447998962985466,0.9882926147810968,0.979478140635996,False,computed
2020-2022,60-74,HRV,NO2,23,0.244850610127763,0.2601552509496233,0.8253656195209351,0.7358319082361497,False,computed
2020-2022,60-74,HRV,SO2,23,-0.0834585558878565,0.7049893147086614,0.9591994268329904,0.9277025906335322,False,computed
2020-2022,60-74,HRV,O3,23,-0.1045715834190107,0.6348968276623352,0.9467903618936312,0.9218683639284032,False,computed
2020-2022,60-74,HRV,CO,23,0.499757781090379,0.0151749115825641,0.5998026035689265,0.616939820813753,False,computed
2020-2022,60-74,HRV,AQI,23,-0.0007451656775701,0.9973076373043812,1.0,0.9973076373043812,False,computed
2020-2022,60-74,MP,windlevel,23,0.0202070102033812,0.9270841043893508,0.9976213999135164,0.9973076373043812,False,computed
2020-2022,60-74,MP,temp,23,-0.3273535652947759,0.1273212974870516,0.7583899253282129,0.7358319082361497,False,computed
2020-2022,60-74,MP,humi,23,-0.2364220193795604,0.2774348473248449,0.8299333039632115,0.7358319082361497,False,computed
2020-2022,60-74,MP,PM2.5,23,-0.0262691132643956,0.9052937791960838,0.9976213999135164,0.9973076373043812,False,computed
2020-2022,60-74,MP,PM10,23,-0.0909315459152155,0.6798779183971974,0.9556516925261812,0.9218683639284032,False,computed
2020-2022,60-74,MP,NO2,23,-0.0040414020406762,0.9853987149390068,0.9976213999135164,0.9973076373043812,False,computed
2020-2022,60-74,MP,SO2,23,-0.0525512101510155,0.8117754031660531,0.9782570558607396,0.9692840634818544,False,computed
2020-2022,60-74,MP,O3,23,-0.1293568249871152,0.5563591822656409,0.9332012195169388,0.8762158229189858,False,computed
2020-2022,60-74,MP,CO,23,0.185950435918978,0.3956029138842662,0.8859133474068429,0.83284823975635,False,computed
2020-2022,60-74,MP,AQI,23,-0.1960564378710964,0.3699512852132742,0.8835328352059227,0.8205735821986675,False,computed
2020-2022,60-74,HMPV,windlevel,23,-0.0104663836291017,0.962196892923951,0.9976213999135164,0.9973076373043812,False,computed
2020-2022,60-74,HMPV,temp,23,0.0059807906452009,0.9783931780001832,0.9976213999135164,0.9973076373043812,False,computed
2020-2022,60-74,HMPV,humi,23,0.0642934994359107,0.7707093162988418,0.9647621969615572,0.9341931106652628,False,computed
2020-2022,60-74,HMPV,PM2.5,23,-0.0134567789517022,0.9514070117148704,0.9976213999135164,0.9973076373043812,False,computed
2020-2022,60-74,HMPV,PM10,23,0.0194375695969032,0.9298538185079576,0.9976213999135164,0.9973076373043812,False,computed
2020-2022,60-74,HMPV,NO2,23,0.1525101614526254,0.4872398679927874,0.911946276991848,0.8632837638675978,False,computed
2020-2022,60-74,HMPV,SO2,23,0.0478581492876161,0.8283299830963975,0.9861071227338066,0.97450586246635,False,computed
2020-2022,60-74,HMPV,O3,23,-0.2303173434466526,0.2903916181907466,0.8365190647470069,0.7358319082361497,False,computed
2020-2022,60-74,HMPV,CO,23,-0.1734857911676084,0.4285699966188827,0.8859133474068429,0.8362341397441615,False,computed
2020-2022,60-74,HMPV,AQI,23,-0.1779724926633225,0.4165365770311293,0.8859133474068429,0.8330731540622587,False,computed
2020-2022,60-74,HBOV,windlevel,23,,,,,False,constant_blank
2020-2022,60-74,HBOV,temp,23,,,,,False,constant_blank
2020-2022,60-74,HBOV,humi,23,,,,,False,constant_blank
2020-2022,60-74,HBOV,PM2.5,23,,,,,False,constant_blank
2020-2022,60-74,HBOV,PM10,23,,,,,False,constant_blank
2020-2022,60-74,HBOV,NO2,23,,,,,False,constant_blank
2020-2022,60-74,HBOV,SO2,23,,,,,False,constant_blank
2020-2022,60-74,HBOV,O3,23,,,,,False,constant_blank
2020-2022,60-74,HBOV,CO,23,,,,,False,constant_blank
2020-2022,60-74,HBOV,AQI,23,,,,,False,constant_blank
2020-2022,75-89,FluA,windlevel,36,-0.2020030944795054,0.2374152608349491,0.8135986772117402,0.8218220567363624,False,computed
2020-2022,75-89,FluA,temp,36,0.1336114677911547,0.4372358355515489,0.8904716212835968,0.8968309983294822,False,computed
2020-2022,75-89,FluA,humi,36,0.098127116552851,0.5691110204473934,0.934795415091642,0.9146427114333108,False,computed
2020-2022,75-89,FluA,PM2.5,36,-0.0874279663779215,0.6121354713075127,0.939142344872617,0.9187504833436918,False,computed
2020-2022,75-89,FluA,PM10,36,-0.1409462219577314,0.4122521054923779,0.8859133474068429,0.8968309983294822,False,computed
2020-2022,75-89,FluA,NO2,36,-0.0916903275505412,0.5948305503151725,0.939142344872617,0.9187504833436918,False,computed
2020-2022,75-89,FluA,SO2,36,-0.3605628689088354,0.0307507953069754,0.6328728615023584,0.6636530290481476,False,computed
2020-2022,75-89,FluA,O3,36,0.016950320012046,0.921837326694082,0.9976213999135164,0.9843136818670852,False,computed
2020-2022,75-89,FluA,CO,36,-0.2197735568040713,0.1977744896090906,0.7905613522817263,0.7748113194362581,False,computed
2020-2022,75-89,FluA,AQI,36,0.0261689151063166,0.8795829010202925,0.9976213999135164,0.9773143344669916,False,computed
2020-2022,75-89,FluB,windlevel,36,0.2196622790170069,0.1980073371892659,0.7905613522817263,0.7748113194362581,False,computed
2020-2022,75-89,FluB,temp,36,-0.2847473987257497,0.0923292901888462,0.7190997631417492,0.7748113194362581,False,computed
2020-2022,75-89,FluB,humi,36,0.2359335589441926,0.1659639919261807,0.7679172456256808,0.7748113194362581,False,computed
2020-2022,75-89,FluB,PM2.5,36,-0.122042453146307,0.4782813364062656,0.9044106291413172,0.8968309983294822,False,computed
2020-2022,75-89,FluB,PM10,36,-0.2522048388713783,0.1378268305117317,0.7583899253282129,0.7748113194362581,False,computed
2020-2022,75-89,FluB,NO2,36,-0.1545871073186556,0.3680048025747857,0.8835328352059227,0.8968309983294822,False,computed
2020-2022,75-89,FluB,SO2,36,-0.2848023851892777,0.092263666730572,0.7190997631417492,0.7748113194362581,False,computed
2020-2022,75-89,FluB,O3,36,-0.1871317614910041,0.2744575855760212,0.8253656195209351,0.8968309983294822,False,computed
2020-2022,75-89,FluB,CO,36,0.0081366872236813,0.9624352130010856,0.9976213999135164,0.9843136818670852,False,computed
2020-2022,75-89,FluB,AQI,36,-0.1708594344048298,0.3190907700799655,0.8438763857551281,0.8968309983294822,False,computed
2020-2022,75-89,RSV,windlevel,36,-0.133505377519414,0.4376031967450818,0.8904716212835968,0.8968309983294822,False,computed
2020-2022,75-89,RSV,temp,36,0.0847007626911249,0.6233179904927126,0.939142344872617,0.919649494169576,False,computed
2020-2022,75-89,RSV,humi,36,0.1147615761723175,0.5051069061206137,0.9280179377544084,0.9031957949012738,False,computed
2020-2022,75-89,RSV,PM2.5,36,-0.0014147175568571,0.9934664119896794,0.99917598907008,0.9934664119896794,False,computed
2020-2022,75-89,RSV,PM10,36,-0.0770971451635292,0.6549301070070852,0.9531207378481488,0.950704994042543,False,computed
2020-2022,75-89,RSV,NO2,36,-0.1080490534049638,0.5304917701280303,0.9332012195169388,0.9031957949012738,False,computed
2020-2022,75-89,RSV,SO2,36,-0.1625366018647253,0.3435772248271052,0.8783539061142684,0.8968309983294822,False,computed
2020-2022,75-89,RSV,O3,36,-0.1091100915726066,0.526438472629587,0.9332012195169388,0.9031957949012738,False,computed
2020-2022,75-89,RSV,CO,36,-0.1026620500919446,0.5513012919088246,0.9332012195169388,0.9031957949012738,False,computed
2020-2022,75-89,RSV,AQI,36,-0.031123786250857,0.856998915915093,0.9882926147810968,0.9742684457005932,False,computed
2020-2022,75-89,ADV,windlevel,36,0.0366737708328837,0.831835382171485,0.9882926147810968,0.9722751220186188,False,computed
2020-2022,75-89,ADV,temp,36,-0.041827922409397,0.8086125336261842,0.9782570558607396,0.9636863605231882,False,computed
2020-2022,75-89,ADV,humi,36,0.0021806025900633,0.9899294741619876,0.9976213999135164,0.9934664119896794,False,computed
2020-2022,75-89,ADV,PM2.5,36,-0.0488684664674776,0.7771523377339651,0.9662640078397436,0.9636863605231882,False,computed
2020-2022,75-89,ADV,PM10,36,-0.1076424733094911,0.5320489564606844,0.9332012195169388,0.9031957949012738,False,computed
2020-2022,75-89,ADV,NO2,36,0.0188336889022733,0.9131837590795464,0.9976213999135164,0.9843136818670852,False,computed
2020-2022,75-89,ADV,SO2,36,0.0457023597929538,0.7912599223445022,0.9755035178187688,0.9636863605231882,False,computed
2020-2022,75-89,ADV,O3,36,-0.0291426554593071,0.8660163961783051,0.9937893070898584,0.9742684457005932,False,computed
2020-2022,75-89,ADV,CO,36,0.148498325707036,0.38739450374052,0.8859133474068429,0.8968309983294822,False,computed
2020-2022,75-89,ADV,AQI,36,-0.1024949174997402,0.5519529857730007,0.9332012195169388,0.9031957949012738,False,computed
2020-2022,75-89,PIV,windlevel,36,0.0913832746017431,0.5960700071739171,0.939142344872617,0.9187504833436918,False,computed
2020-2022,75-89,PIV,temp,36,-0.3645177286891753,0.0288343868021766,0.6328728615023584,0.6636530290481476,False,computed
2020-2022,75-89,PIV,humi,36,-0.1157521478288746,0.5014133397726177,0.9243491961923838,0.9031957949012738,False,computed
2020-2022,75-89,PIV,PM2.5,36,0.1477458016972536,0.3898314941427514,0.8859133474068429,0.8968309983294822,False,computed
2020-2022,75-89,PIV,PM10,36,0.0639682922212201,0.7109023861271565,0.9591994268329904,0.9636863605231882,False,computed
2020-2022,75-89,PIV,NO2,36,0.1685622204930865,0.325737589507153,0.8476442849628517,0.8968309983294822,False,computed
2020-2022,75-89,PIV,SO2,36,-0.0873386581031613,0.6125003222291279,0.939142344872617,0.9187504833436918,False,computed
2020-2022,75-89,PIV,O3,36,-0.2098565797303488,0.2192828305938413,0.8135986772117402,0.8218220567363624,False,computed
2020-2022,75-89,PIV,CO,36,0.2604758580489247,0.1249503509422467,0.7583899253282129,0.7748113194362581,False,computed
2020-2022,75-89,PIV,AQI,36,-0.1269293829014206,0.4607025118669544,0.9044106291413172,0.8968309983294822,False,computed
2020-2022,75-89,HRV,windlevel,36,0.1822715897470901,0.2873385368510576,0.8365190647470069,0.8968309983294822,False,computed
2020-2022,75-89,HRV,temp,36,-0.3546386100890554,0.0338158161213467,0.6328728615023584,0.6636530290481476,False,computed
2020-2022,75-89,HRV,humi,36,-0.0199467022742098,0.9080743197691344,0.9976213999135164,0.9843136818670852,False,computed
2020-2022,75-89,HRV,PM2.5,36,0.1382601786175408,0.421306034359717,0.8859133474068429,0.8968309983294822,False,computed
2020-2022,75-89,HRV,PM10,36,0.0123807117564061,0.9428682781668746,0.9976213999135164,0.9843136818670852,False,computed
2020-2022,75-89,HRV,NO2,36,0.203675815366437,0.2334709968569074,0.8135986772117402,0.8218220567363624,False,computed
2020-2022,75-89,HRV,SO2,36,-0.0526281858270327,0.760490774275727,0.9638876098082352,0.9636863605231882,False,computed
2020-2022,75-89,HRV,O3,36,-0.2523076294373829,0.1376610337837696,0.7583899253282129,0.7748113194362581,False,computed
2020-2022,75-89,HRV,CO,36,0.3849521187360256,0.0204306155714957,0.6328728615023584,0.6636530290481476,False,computed
2020-2022,75-89,HRV,AQI,36,-0.1740977672044755,0.3098660298201937,0.8438763857551281,0.8968309983294822,False,computed
2020-2022,75-89,MP,windlevel,36,0.0406781998179642,0.8137795933306924,0.9782570558607396,0.9636863605231882,False,computed
2020-2022,75-89,MP,temp,36,-0.0081356399635928,0.9624400444922612,0.9976213999135164,0.9843136818670852,False,computed
2020-2022,75-89,MP,humi,36,0.2196622790170069,0.1980073371892659,0.7905613522817263,0.7748113194362581,False,computed
2020-2022,75-89,MP,PM2.5,36,-0.0569531448016099,0.7414551456684007,0.9638876098082352,0.9636863605231882,False,computed
2020-2022,75-89,MP,PM10,36,-0.1220345994538927,0.4783098657757239,0.9044106291413172,0.8968309983294822,False,computed
2020-2022,75-89,MP,NO2,36,0.122042453146307,0.4782813364062656,0.9044106291413172,0.8968309983294822,False,computed
2020-2022,75-89,MP,SO2,36,-0.1383325870919348,0.4210605135077148,0.8859133474068429,0.8968309983294822,False,computed
2020-2022,75-89,MP,O3,36,0.0406808177154356,0.8137678191454853,0.9782570558607396,0.9636863605231882,False,computed
2020-2022,75-89,MP,CO,36,-0.0732301850131318,0.6712411044392403,0.9531373877823126,0.958915863484629,False,computed
2020-2022,75-89,MP,AQI,36,0.0081361635430871,0.9624376289797189,0.9976213999135164,0.9843136818670852,False,computed
2020-2022,75-89,HMPV,windlevel,36,-0.1352550249767685,0.431566359236762,0.8859133474068429,0.8968309983294822,False,computed
2020-2022,75-89,HMPV,temp,36,-0.2709380721844761,0.109972872792966,0.7402020284141947,0.7748113194362581,False,computed
2020-2022,75-89,HMPV,humi,36,0.0415181564010966,0.8100039029632355,0.9782570558607396,0.9636863605231882,False,computed
2020-2022,75-89,HMPV,PM2.5,36,0.255545716783119,0.1325130093956378,0.7583899253282129,0.7748113194362581,False,computed
2020-2022,75-89,HMPV,PM10,36,0.2324160713999534,0.1725530905532255,0.7679172456256808,0.7748113194362581,False,computed
2020-2022,75-89,HMPV,NO2,36,0.3278861290718076,0.0509101716373401,0.6328728615023584,0.7636525745601018,False,computed
2020-2022,75-89,HMPV,SO2,36,-0.0312516565793547,0.8564174901277636,0.9882926147810968,0.9742684457005932,False,computed
2020-2022,75-89,HMPV,O3,36,0.0573586700987235,0.739677818792325,0.9638876098082352,0.9636863605231882,False,computed
2020-2022,75-89,HMPV,CO,36,0.0479446607463144,0.7812616157986525,0.9696509415940722,0.9636863605231882,False,computed
2020-2022,75-89,HMPV,AQI,36,0.1673674627507529,0.3292282655740755,0.853554762599455,0.8968309983294822,False,computed
2020-2022,75-89,HBOV,windlevel,36,0.131597451791018,0.4442386994110807,0.9013538828630624,0.8968309983294822,False,computed
2020-2022,75-89,HBOV,temp,36,0.0444060366881021,0.7970552713196968,0.9781602131275092,0.9636863605231882,False,computed
2020-2022,75-89,HBOV,humi,36,0.2524985589783326,0.1373534624724153,0.7583899253282129,0.7748113194362581,False,computed
2020-2022,75-89,HBOV,PM2.5,36,-0.2411694708356465,0.1564936374639331,0.7583899253282129,0.7748113194362581,False,computed
2020-2022,75-89,HBOV,PM10,36,-0.2291610798429796,0.1788150157671228,0.7679172456256808,0.7748113194362581,False,computed
2020-2022,75-89,HBOV,NO2,36,0.1789321880393506,0.2964111061695912,0.8405202015628284,0.8968309983294822,False,computed
2020-2022,75-89,HBOV,SO2,36,-0.3491572034393675,0.036869612724897,0.6328728615023584,0.6636530290481476,False,computed
2020-2022,75-89,HBOV,O3,36,-0.276502094923127,0.1025810466495769,0.7221533391026016,0.7748113194362581,False,computed
2020-2022,75-89,HBOV,CO,36,-0.0645105023211653,0.7085585917316313,0.9591994268329904,0.9636863605231882,False,computed
2020-2022,75-89,HBOV,AQI,36,-0.2891440429911246,0.0871941331220102,0.7190997631417492,0.7748113194362581,False,computed
2020-2022,>=90,FluA,windlevel,36,-0.1707284427173177,0.3194674888930128,0.8438763857551281,0.798668722232532,False,computed
2020-2022,>=90,FluA,temp,36,0.3194447277257989,0.0575484260271878,0.6421466541564022,0.4966294500619776,False,computed
2020-2022,>=90,FluA,humi,36,0.2829367588428504,0.0945102545843441,0.7190997631417492,0.6075659223279268,False,computed
2020-2022,>=90,FluA,PM2.5,36,-0.3543648550577086,0.0339632656013309,0.6328728615023584,0.4966294500619776,False,computed
2020-2022,>=90,FluA,PM10,36,-0.3350143026905857,0.0457946115823381,0.6328728615023584,0.4966294500619776,False,computed
2020-2022,>=90,FluA,NO2,36,-0.0255035312352138,0.8826232173339369,0.9976213999135164,0.9663891630816156,False,computed
2020-2022,>=90,FluA,SO2,36,-0.1423011761861443,0.4077270703760787,0.8859133474068429,0.8205638506408068,False,computed
2020-2022,>=90,FluA,O3,36,-0.3157068708695949,0.060699155007575,0.6421466541564022,0.4966294500619776,False,computed
2020-2022,>=90,FluA,CO,36,-0.3457964475088406,0.0388503311308498,0.6328728615023584,0.4966294500619776,False,computed
2020-2022,>=90,FluA,AQI,36,-0.3248344504695662,0.0532354130019797,0.6328728615023584,0.4966294500619776,False,computed
2020-2022,>=90,FluB,windlevel,36,0.1545771593082641,0.3680360031743567,0.8835328352059227,0.8205638506408068,False,computed
2020-2022,>=90,FluB,temp,36,-0.2196622790170069,0.1980073371892659,0.7905613522817263,0.7803622974268888,False,computed
2020-2022,>=90,FluB,humi,36,0.0081356399635928,0.9624400444922612,0.9976213999135164,0.9843136818670852,False,computed
2020-2022,>=90,FluB,PM2.5,36,0.1708594344048298,0.3190907700799655,0.8438763857551281,0.798668722232532,False,computed
2020-2022,>=90,FluB,PM10,36,0.0569494797451499,0.7414712148169441,0.9638876098082352,0.9039383937443544,False,computed
2020-2022,>=90,FluB,NO2,36,0.0732254718877842,0.6712610770200301,0.9531373877823126,0.9039383937443544,False,computed
2020-2022,>=90,FluB,SO2,36,-0.1057837430703031,0.5391958599678921,0.9332012195169388,0.8766894109298139,False,computed
2020-2022,>=90,FluB,O3,36,-0.122042453146307,0.4782813364062656,0.9044106291413172,0.8766894109298139,False,computed
2020-2022,>=90,FluB,CO,36,0.1708704316973077,0.3190591556223932,0.8438763857551281,0.798668722232532,False,computed
2020-2022,>=90,FluB,AQI,36,-0.1057701260601328,0.5392483869817923,0.9332012195169388,0.8766894109298139,False,computed
2020-2022,>=90,RSV,windlevel,36,0.0732207596723356,0.6712810459666859,0.9531373877823126,0.9039383937443544,False,computed
2020-2022,>=90,RSV,temp,36,0.2847473987257497,0.0923292901888462,0.7190997631417492,0.6075659223279268,False,computed
2020-2022,>=90,RSV,humi,36,0.105763319526707,0.5392746438009433,0.9332012195169388,0.8766894109298139,False,computed
2020-2022,>=90,RSV,PM2.5,36,-0.1871317614910041,0.2744575855760212,0.8253656195209351,0.798668722232532,False,computed
2020-2022,>=90,RSV,PM10,36,-0.1708484392354498,0.3191223803917249,0.8438763857551281,0.798668722232532,False,computed
2020-2022,>=90,RSV,NO2,36,-0.2196764156633527,0.1979777457933215,0.7905613522817263,0.7803622974268888,False,computed
2020-2022,>=90,RSV,SO2,36,0.0081372110054079,0.9624327965562116,0.9976213999135164,0.9843136818670852,False,computed
2020-2022,>=90,RSV,O3,36,-0.2034040885771784,0.2341086892280666,0.8135986772117402,0.7803622974268888,False,computed
2020-2022,>=90,RSV,CO,36,-0.1383236828025824,0.4210907016248971,0.8859133474068429,0.8205638506408068,False,computed
2020-2022,>=90,RSV,AQI,36,-0.1545871073186556,0.3680048025747857,0.8835328352059227,0.8205638506408068,False,computed
2020-2022,>=90,ADV,windlevel,36,0.0605759252714022,0.7256250145055478,0.9591994268329904,0.9039383937443544,False,computed
2020-2022,>=90,ADV,temp,36,0.1181551616601202,0.4925102788811489,0.9189719479395074,0.8766894109298139,False,computed
2020-2022,>=90,ADV,humi,36,-0.072134582390327,0.6758898272505021,0.954519561675515,0.9039383937443544,False,computed
2020-2022,>=90,ADV,PM2.5,36,-0.0497696431559412,0.7731494470603268,0.9647621969615572,0.9155717136240712,False,computed
2020-2022,>=90,ADV,PM10,36,0.000428098411812,0.9980228945633984,1.0,0.9980228945633984,False,computed
2020-2022,>=90,ADV,NO2,36,-0.1239424661818923,0.4714055123491607,0.9044106291413172,0.8766894109298139,False,computed
2020-2022,>=90,ADV,SO2,36,-0.0823178126747129,0.6331574277937444,0.9467903618936312,0.9039383937443544,False,computed
2020-2022,>=90,ADV,O3,36,0.3713992725830451,0.0257342128791156,0.6328728615023584,0.4966294500619776,False,computed
2020-2022,>=90,ADV,CO,36,-0.0328607825657021,0.8491072598773348,0.9882926147810968,0.9663891630816156,False,computed
2020-2022,>=90,ADV,AQI,36,0.2562333886351037,0.1314383030689455,0.7583899253282129,0.7322327098866556,False,computed
2020-2022,>=90,PIV,windlevel,36,0.0284547404528862,0.8691515275560912,0.995754614221381,0.9663891630816156,False,computed
2020-2022,>=90,PIV,temp,36,0.1922037185308168,0.2614233647829557,0.8253656195209351,0.798668722232532,False,computed
2020-2022,>=90,PIV,humi,36,0.3301823656325484,0.0492146758126195,0.6328728615023584,0.4966294500619776,False,computed
2020-2022,>=90,PIV,PM2.5,36,-0.0955711275761699,0.579263171874157,0.9378461277463918,0.8836217876046463,False,computed
2020-2022,>=90,PIV,PM10,36,-0.0859011032539963,0.6183857406877344,0.939142344872617,0.9039383937443544,False,computed
2020-2022,>=90,PIV,NO2,36,-0.060134642070399,0.7275474210016433,0.9591994268329904,0.9039383937443544,False,computed
2020-2022,>=90,PIV,SO2,36,-0.0515506147693202,0.7652556582941272,0.9638876098082352,0.9155717136240712,False,computed
2020-2022,>=90,PIV,O3,36,-0.1417459420230834,0.4095779133022301,0.8859133474068429,0.8205638506408068,False,computed
2020-2022,>=90,PIV,CO,36,-0.0724883857355488,0.6743873126100386,0.954519561675515,0.9039383937443544,False,computed
2020-2022,>=90,PIV,AQI,36,-0.0757052190350559,0.6607836989815681,0.9531373877823126,0.9039383937443544,False,computed
2020-2022,>=90,HRV,windlevel,36,0.1870279015486642,0.2747288419262541,0.8253656195209351,0.798668722232532,False,computed
2020-2022,>=90,HRV,temp,36,-0.1816559739153692,0.2889974499785309,0.8365190647470069,0.798668722232532,False,computed
2020-2022,>=90,HRV,humi,36,0.0565466066662628,0.743238234856469,0.9638876098082352,0.9039383937443544,False,computed
2020-2022,>=90,HRV,PM2.5,36,-0.0330112059830131,0.848424512307074,0.9882926147810968,0.9663891630816156,False,computed
2020-2022,>=90,HRV,PM10,36,-0.1530999375489065,0.3726865547962912,0.8835328352059227,0.8205638506408068,False,computed
2020-2022,>=90,HRV,NO2,36,-0.0124410540749685,0.9425902823655106,0.9976213999135164,0.9843136818670852,False,computed
2020-2022,>=90,HRV,SO2,36,-0.1501602319593503,0.3820440830136216,0.8859133474068429,0.8205638506408068,False,computed
2020-2022,>=90,HRV,O3,36,-0.2170115682395082,0.2036106283316015,0.8052397730628309,0.7803622974268888,False,computed
2020-2022,>=90,HRV,CO,36,0.1517764905516041,0.3768823780416495,0.8859133474068429,0.8205638506408068,False,computed
2020-2022,>=90,HRV,AQI,36,-0.2070445874180846,0.2256627231477436,0.8135986772117402,0.7803622974268888,False,computed
2020-2022,>=90,MP,windlevel,36,0.2210577884765377,0.1951010858083215,0.7905613522817263,0.7803622974268888,False,computed
2020-2022,>=90,MP,temp,36,0.0969153647426463,0.5739138643908543,0.9378461277463918,0.8836217876046463,False,computed
2020-2022,>=90,MP,humi,36,-0.0988601546705923,0.5662145143372262,0.934795415091642,0.8836217876046463,False,computed
2020-2022,>=90,MP,PM2.5,36,0.0149110156699458,0.9312173211321362,0.9976213999135164,0.9843136818670852,False,computed
2020-2022,>=90,MP,PM10,36,0.0622332776942745,0.7184197441730769,0.9591994268329904,0.9039383937443544,False,computed
2020-2022,>=90,MP,NO2,36,0.063209740339988,0.7141857356702879,0.9591994268329904,0.9039383937443544,False,computed
2020-2022,>=90,MP,SO2,36,-0.3271119946799646,0.0514921916123993,0.6328728615023584,0.4966294500619776,False,computed
2020-2022,>=90,MP,O3,36,0.1361440561168972,0.4285166775568658,0.8859133474068429,0.8205638506408068,False,computed
2020-2022,>=90,MP,CO,36,0.020422922845394,0.905889261651628,0.9976213999135164,0.9705956374838872,False,computed
2020-2022,>=90,MP,AQI,36,0.1134533800974143,0.510005696688487,0.9299862005687052,0.8766894109298139,False,computed
2020-2022,>=90,HMPV,windlevel,36,0.079995402405284,0.6428069257478651,0.9494274477986764,0.9039383937443544,False,computed
2020-2022,>=90,HMPV,temp,36,-0.2475025537505769,0.1455695167343291,0.7583899253282129,0.7322327098866556,False,computed
2020-2022,>=90,HMPV,humi,36,-0.1041550876954705,0.5454956334674398,0.9332012195169388,0.8766894109298139,False,computed
2020-2022,>=90,HMPV,PM2.5,36,-0.0037584151293999,0.9826436392528682,0.9976213999135164,0.9936845790197544,False,computed
2020-2022,>=90,HMPV,PM10,36,0.0236228033948489,0.8912255615086011,0.9976213999135164,0.9663891630816156,False,computed
2020-2022,>=90,HMPV,NO2,36,0.3242975340225091,0.053653145439321,0.6328728615023584,0.4966294500619776,False,computed
2020-2022,>=90,HMPV,SO2,36,-0.0676601818847328,0.6949962518811622,0.9591994268329904,0.9039383937443544,False,computed
2020-2022,>=90,HMPV,O3,36,-0.3178545366578235,0.0588725798732428,0.6421466541564022,0.4966294500619776,False,computed
2020-2022,>=90,HMPV,CO,36,0.172629748251696,0.314026783460833,0.8438763857551281,0.798668722232532,False,computed
2020-2022,>=90,HMPV,AQI,36,-0.2469815656462817,0.1464465419773311,0.7583899253282129,0.7322327098866556,False,computed
2020-2022,>=90,HBOV,windlevel,36,0.2847473987257497,0.0923292901888462,0.7190997631417492,0.6075659223279268,False,computed
2020-2022,>=90,HBOV,temp,36,0.0406781998179642,0.8137795933306924,0.9782570558607396,0.9511709532436664,False,computed
2020-2022,>=90,HBOV,humi,36,-0.2522048388713783,0.1378268305117317,0.7583899253282129,0.7322327098866556,False,computed
2020-2022,>=90,HBOV,PM2.5,36,-0.1383147802324813,0.4211208851260238,0.8859133474068429,0.8205638506408068,False,computed
2020-2022,>=90,HBOV,PM10,36,0.0244069198907785,0.8876375129976648,0.9976213999135164,0.9663891630816156,False,computed
2020-2022,>=90,HBOV,NO2,36,-0.1057701260601328,0.5392483869817923,0.9332012195169388,0.8766894109298139,False,computed
2020-2022,>=90,HBOV,SO2,36,-0.2034302751351983,0.2340471829656021,0.8135986772117402,0.7803622974268888,False,computed
2020-2022,>=90,HBOV,O3,36,0.2034040885771784,0.2341086892280666,0.8135986772117402,0.7803622974268888,False,computed
2020-2022,>=90,HBOV,CO,36,-0.2034171805920329,0.2340779376989541,0.8135986772117402,0.7803622974268888,False,computed
2020-2022,>=90,HBOV,AQI,36,0.1464509437755684,0.3940455678671092,0.8859133474068429,0.8205638506408068,False,computed
2023-2025,<1,FluA,windlevel,24,0.2174693223847669,0.3073553480968049,0.6101158200690326,0.6939838969831005,False,computed
2023-2025,<1,FluA,temp,24,-0.426204937043238,0.0378254634774471,0.2252203168886163,0.2534722088969275,False,computed
2023-2025,<1,FluA,humi,24,-0.5074284188977896,0.0113723531130515,0.1119681574840248,0.1137235311305154,False,computed
2023-2025,<1,FluA,PM2.5,25,0.3667981007995393,0.0713011089885982,0.3174199010163608,0.323268720768941,False,computed
2023-2025,<1,FluA,PM10,25,0.2996161328636237,0.1456535585191182,0.4255047776963006,0.4855118617303942,False,computed
2023-2025,<1,FluA,NO2,25,0.2672348549483472,0.1965632217621503,0.4879078048655602,0.5215756511289076,False,computed
2023-2025,<1,FluA,SO2,25,0.1579466122454826,0.450816788752102,0.7032741904532792,0.7191974293386287,False,computed
2023-2025,<1,FluA,O3,25,0.3389986657915743,0.0973738495424671,0.370495622649387,0.3810281069053061,False,computed
2023-2025,<1,FluA,CO,25,0.355987209407553,0.0807161639910364,0.3388674525734157,0.3459264171044417,False,computed
2023-2025,<1,FluA,AQI,25,0.3135158503676063,0.1269853515433498,0.4105846375563101,0.4571472655560594,False,computed
2023-2025,<1,FluB,windlevel,24,0.1823564958336613,0.3937400829905687,0.6809695448617374,0.7191974293386287,False,computed
2023-2025,<1,FluB,temp,24,-0.047661356865616,0.8249735954880464,0.90867262612979,0.9104085227429916,False,computed
2023-2025,<1,FluB,humi,24,-0.1621522249884545,0.4490471015043641,0.7019173129727535,0.7191974293386287,False,computed
2023-2025,<1,FluB,PM2.5,25,-0.1095791441093254,0.6020740898681884,0.7980485298915002,0.8022976841044208,False,computed
2023-2025,<1,FluB,PM10,25,-0.1773696315667895,0.3963265896024788,0.6839264156856936,0.7191974293386287,False,computed
2023-2025,<1,FluB,NO2,25,0.0320441330256806,0.8791422923445086,0.9355129441046612,0.9265897528089154,False,computed
2023-2025,<1,FluB,SO2,25,0.2122343303295077,0.3084372875480446,0.6101158200690326,0.6939838969831005,False,computed
2023-2025,<1,FluB,O3,25,-0.1197941490686693,0.5684294031701538,0.7774076239240375,0.8022976841044208,False,computed
2023-2025,<1,FluB,CO,25,0.2516605767256543,0.224926478297505,0.5281634453088183,0.5623161957437625,False,computed
2023-2025,<1,FluB,AQI,25,-0.1244373331410984,0.553419376223907,0.7732970652923236,0.8022976841044208,False,computed
2023-2025,<1,RSV,windlevel,24,-0.2930434782608695,0.1646178527005883,0.4426934445380481,0.4986113639431976,False,computed
2023-2025,<1,RSV,temp,24,0.8530434782608695,1.1860330601994247e-07,2.3127644673888773e-05,1.0674297541794818e-05,False,computed
2023-2025,<1,RSV,humi,24,0.6886956521739129,0.0001984233047502,0.0062081552961929,0.0044645243568805,False,computed
2023-2025,<1,RSV,PM2.5,25,-0.6799999999999999,0.0001843911099038,0.0062081552961929,0.0044645243568805,False,computed
2023-2025,<1,RSV,PM10,25,-0.6484615384615384,0.000455091583585,0.0107567101574658,0.0068263737537763,False,computed
2023-2025,<1,RSV,NO2,25,-0.7051356160443438,8.275544403571518e-05,0.0033973287551504,0.0037239949816071,False,computed
2023-2025,<1,RSV,SO2,25,-0.491248326071264,0.0126401353720238,0.1187868143395008,0.1137612183482143,False,computed
2023-2025,<1,RSV,O3,25,-0.0769230769230769,0.7147630179938111,0.8603628920295875,0.8784232531067125,False,computed
2023-2025,<1,RSV,CO,25,-0.6492307692307692,0.0004457103288382,0.0107567101574658,0.0068263737537763,False,computed
2023-2025,<1,RSV,AQI,25,-0.3661538461538461,0.0718374935042091,0.3174199010163608,0.323268720768941,False,computed
2023-2025,<1,ADV,windlevel,24,0.1663858752254553,0.4371311711777069,0.6993251851923117,0.7191974293386287,False,computed
2023-2025,<1,ADV,temp,24,-0.3072416426120842,0.1441760870459386,0.4230830242258728,0.4855118617303942,False,computed
2023-2025,<1,ADV,humi,24,-0.3310110533585778,0.1141151611721569,0.3955992253968109,0.4279318543955887,False,computed
2023-2025,<1,ADV,PM2.5,25,0.2216305520376572,0.2869972365768833,0.5926491429826425,0.6797302971557764,False,computed
2023-2025,<1,ADV,PM10,25,0.1913021607061883,0.3596452615962436,0.663409762959358,0.7191974293386287,False,computed
2023-2025,<1,ADV,NO2,25,0.1536156286149109,0.4634827877960051,0.7089421063189942,0.7191974293386287,False,computed
2023-2025,<1,ADV,SO2,25,0.101114084657916,0.630571331078172,0.8160376743488169,0.8107345685290783,False,computed
2023-2025,<1,ADV,O3,25,0.015553021195625,0.9411790488539192,0.9593033456766008,0.9411790488539192,False,computed
2023-2025,<1,ADV,CO,25,0.1671949778529694,0.4243931534769161,0.6993251851923117,0.7191974293386287,False,computed
2023-2025,<1,ADV,AQI,25,0.1049828930704692,0.6174802653944618,0.8081117567242956,0.8054090418188632,False,computed
2023-2025,<1,PIV,windlevel,11,-0.2293674510679917,0.4974920599369349,0.7275145556414094,0.734401326539043,False,computed_exploratory
2023-2025,<1,PIV,temp,11,0.642228862990377,0.0331160138053492,0.2078542974264027,0.2534722088969275,False,computed_exploratory
2023-2025,<1,PIV,humi,11,0.4312108080078246,0.1854484157778405,0.4770469028728186,0.5215756511289076,False,computed_exploratory
2023-2025,<1,PIV,PM2.5,11,-0.6147047688622179,0.044164728660072,0.2437188453311555,0.2534722088969275,False,computed_exploratory
2023-2025,<1,PIV,PM10,11,-0.6238794669049377,0.0402350225156884,0.2313409016371949,0.2534722088969275,False,computed_exploratory
2023-2025,<1,PIV,NO2,11,-0.6330541649476574,0.0365548213907564,0.2193289283445385,0.2534722088969275,False,computed_exploratory
2023-2025,<1,PIV,SO2,11,-0.7523252395030131,0.0075567020964971,0.0842032519323972,0.0954734861569771,False,computed_exploratory
2023-2025,<1,PIV,O3,11,-0.4220361099651049,0.196022378620094,0.4879078048655602,0.5215756511289076,False,computed_exploratory
2023-2025,<1,PIV,CO,11,-0.3027650354097492,0.3654701836821982,0.6650507429310757,0.7191974293386287,False,computed_exploratory
2023-2025,<1,PIV,AQI,11,-0.532132486477741,0.0919919200434839,0.3644959297318332,0.3763305819960708,False,computed_exploratory
2023-2025,<1,HRV,windlevel,24,-0.2582608695652174,0.2230432181317934,0.5281634453088183,0.5623161957437625,False,computed
2023-2025,<1,HRV,temp,24,-0.0556521739130434,0.7961874995255513,0.8967541590418192,0.8957109369662453,False,computed
2023-2025,<1,HRV,humi,24,-0.1826086956521739,0.3930749931122939,0.6809695448617374,0.7191974293386287,False,computed
2023-2025,<1,HRV,PM2.5,25,0.093076923076923,0.6581118998948553,0.8279472288999792,0.8342263519793941,False,computed
2023-2025,<1,HRV,PM10,25,0.1792307692307692,0.3913084960893425,0.6809695448617374,0.7191974293386287,False,computed
2023-2025,<1,HRV,NO2,25,0.0300057708955039,0.8867801795795354,0.9375793888162334,0.9265897528089154,False,computed
2023-2025,<1,HRV,SO2,25,0.1619542249616305,0.4392614386509184,0.6993251851923117,0.7191974293386287,False,computed
2023-2025,<1,HRV,O3,25,0.5146153846153847,0.0084865321028424,0.090678014249549,0.0954734861569771,False,computed
2023-2025,<1,HRV,CO,25,-0.0561538461538461,0.7897732549280512,0.8963100604393323,0.8957109369662453,False,computed
2023-2025,<1,HRV,AQI,25,0.4007692307692307,0.0471030542802099,0.245690167395706,0.2534722088969275,False,computed
2023-2025,<1,MP,windlevel,24,0.4078641508180167,0.0478780839027529,0.245690167395706,0.2534722088969275,False,computed
2023-2025,<1,MP,temp,24,0.1598268513912142,0.4556641824507478,0.7089421063189942,0.7191974293386287,False,computed
2023-2025,<1,MP,humi,24,-0.1161583127597349,0.588842446601116,0.794233493916603,0.8022976841044208,False,computed
2023-2025,<1,MP,PM2.5,25,-0.0316604676479602,0.8805791328065438,0.93576529099333,0.9265897528089154,False,computed
2023-2025,<1,MP,PM10,25,-0.0185329566719767,0.9299339405555088,0.95319537930601,0.9403826365168066,False,computed
2023-2025,<1,MP,NO2,25,-0.1996537861391553,0.3386469653593817,0.644255202391019,0.7191974293386287,False,computed
2023-2025,<1,MP,SO2,25,0.054451032583406,0.7960146713687594,0.8967541590418192,0.8957109369662453,False,computed
2023-2025,<1,MP,O3,25,-0.2857164153596412,0.1662037879810659,0.4426934445380481,0.4986113639431976,False,computed
2023-2025,<1,MP,CO,25,-0.1104255335038613,0.5992548057514724,0.7980485298915002,0.8022976841044208,False,computed
2023-2025,<1,MP,AQI,25,-0.3745201660795297,0.0651076503899734,0.3004968479537236,0.323268720768941,False,computed
2023-2025,<1,HMPV,windlevel,11,-0.4632862466569274,0.151251181271955,0.4321462322055857,0.4861645112312839,False,computed_exploratory
2023-2025,<1,HMPV,temp,11,0.0947630959070987,0.781667607355141,0.8944076258833885,0.8957109369662453,False,computed_exploratory
2023-2025,<1,HMPV,humi,11,0.4211693151426612,0.1970396904264762,0.4879078048655602,0.5215756511289076,False,computed_exploratory
2023-2025,<1,HMPV,PM2.5,11,-0.0947630959070987,0.781667607355141,0.8944076258833885,0.8957109369662453,False,computed_exploratory
2023-2025,<1,HMPV,PM10,11,-0.0526461643928326,0.8778242203599205,0.935386464317948,0.9265897528089154,False,computed_exploratory
2023-2025,<1,HMPV,NO2,11,-0.1368800274213649,0.6881834818999526,0.8439986098773004,0.8602293523749407,False,computed_exploratory
2023-2025,<1,HMPV,SO2,11,-0.2737600548427298,0.4153087771613678,0.6993251851923117,0.7191974293386287,False,computed_exploratory
2023-2025,<1,HMPV,O3,11,-0.2737600548427298,0.4153087771613678,0.6993251851923117,0.7191974293386287,False,computed_exploratory
2023-2025,<1,HMPV,CO,11,0.0737046301499657,0.8294833207213924,0.90867262612979,0.9104085227429916,False,computed_exploratory
2023-2025,<1,HMPV,AQI,11,-0.0421169315142661,0.9021456187220188,0.945471759194224,0.9265897528089154,False,computed_exploratory
2023-2025,<1,HBOV,windlevel,11,-0.2696799449852968,0.4225716281341962,0.6993251851923117,0.7191974293386287,False,computed_exploratory
2023-2025,<1,HBOV,temp,11,-0.0943879807448539,0.7825139174404093,0.8944076258833885,0.8957109369662453,False,computed_exploratory
2023-2025,<1,HBOV,humi,11,0.1213559752433835,0.7222591192210748,0.8643965889453732,0.8784232531067125,False,computed_exploratory
2023-2025,<1,HBOV,PM2.5,11,-0.1752919642404429,0.6061804724344513,0.8000351412840474,0.8022976841044208,False,computed_exploratory
2023-2025,<1,HBOV,PM10,11,-0.2427119504867671,0.4720724588168119,0.7102180929241748,0.7201105303985267,False,computed_exploratory
2023-2025,<1,HBOV,NO2,11,-0.1887759614897078,0.5782807900523966,0.7885647137078136,0.8022976841044208,False,computed_exploratory
2023-2025,<1,HBOV,SO2,11,0.0404519917477945,0.9059988694131618,0.945471759194224,0.9265897528089154,False,computed_exploratory
2023-2025,<1,HBOV,O3,11,-0.3775519229794156,0.2523198285784236,0.5543928627920295,0.6137509343799494,False,computed_exploratory
2023-2025,<1,HBOV,CO,11,0.256195947736032,0.4470017919093647,0.7015319873024235,0.7191974293386287,False,computed_exploratory
2023-2025,<1,HBOV,AQI,11,-0.2292279532375023,0.4977608990986847,0.7275145556414094,0.734401326539043,False,computed_exploratory
2023-2025,1-3,FluA,windlevel,22,0.383399209486166,0.0781783866008738,0.3332193527250359,0.1901636430832065,False,computed
2023-2025,1-3,FluA,temp,22,-0.4850367024280069,0.0221368091271211,0.1692814815603383,0.1245195513400565,False,computed
2023-2025,1-3,FluA,humi,22,-0.6352343308865049,0.0014905173319026,0.0264228072473658,0.0167683199839052,False,computed
2023-2025,1-3,FluA,PM2.5,23,0.5424901185770752,0.0074854420045593,0.0842032519323972,0.0518222908007954,False,computed
2023-2025,1-3,FluA,PM10,23,0.458498023715415,0.0277781817187575,0.1969725612784625,0.1279103368777862,False,computed
2023-2025,1-3,FluA,NO2,23,0.3607610685869582,0.0908057594548779,0.3644959297318332,0.2095517525881799,False,computed
2023-2025,1-3,FluA,SO2,23,0.3152952900801087,0.142795241128413,0.4230830242258728,0.2679362989619269,False,computed
2023-2025,1-3,FluA,O3,23,0.3517786561264822,0.0997449003825749,0.3722232043997057,0.2189522203519938,False,computed
2023-2025,1-3,FluA,CO,23,0.4071146245059288,0.0538502627086483,0.2625200307046609,0.1615507881259451,False,computed
2023-2025,1-3,FluA,AQI,23,0.4219367588932806,0.0449141196305442,0.2437188453311555,0.1473336682471711,False,computed
2023-2025,1-3,FluB,windlevel,22,0.1550664854591643,0.4907874957509215,0.7262178953105608,0.6401576031533759,False,computed
2023-2025,1-3,FluB,temp,22,0.2914284532170287,0.1882035855283288,0.4781719762609006,0.3387664539509918,False,computed
2023-2025,1-3,FluB,humi,22,0.0790416715764611,0.7266049142399289,0.8643965889453732,0.827777750399919,False,computed
2023-2025,1-3,FluB,PM2.5,23,-0.3778449976366362,0.0754699089350771,0.3270362720520008,0.1886747723376928,False,computed
2023-2025,1-3,FluB,PM10,23,-0.3820316458098953,0.0720299006152511,0.3174199010163608,0.1886747723376928,False,computed
2023-2025,1-3,FluB,NO2,23,-0.4203386618221974,0.0458177607665023,0.2437188453311555,0.1473336682471711,False,computed
2023-2025,1-3,FluB,SO2,23,-0.0136099691250026,0.9508544806931614,0.965711581953992,0.9544757346935632,False,computed
2023-2025,1-3,FluB,O3,23,-0.081639639378553,0.7111479199322626,0.8573344320667152,0.827777750399919,False,computed
2023-2025,1-3,FluB,CO,23,-0.0701263569020903,0.7505222672887251,0.8789900427705789,0.8339136303208056,False,computed
2023-2025,1-3,FluB,AQI,23,-0.2375922838324555,0.2749934079582536,0.5797158329930752,0.4342001178288214,False,computed
2023-2025,1-3,RSV,windlevel,22,-0.3190287972896669,0.1478506043414558,0.4279826483307287,0.2715623345047148,False,computed
2023-2025,1-3,RSV,temp,22,0.9028797289666856,8.978531215968311e-09,7.003254348455283e-06,8.08067809437148e-07,False,computed
2023-2025,1-3,RSV,humi,22,0.8418972332015812,9.01560390350012e-07,0.0001172028507455,4.0570217565750544e-05,False,computed
2023-2025,1-3,RSV,PM2.5,23,-0.790513833992095,7.168383854427536e-06,0.0006212599340503,0.0002150515156328,False,computed
2023-2025,1-3,RSV,PM10,23,-0.7351778656126482,6.434557965572448e-05,0.0029169491920199,0.0009651836948358,False,computed
2023-2025,1-3,RSV,NO2,23,-0.7516679250969363,3.549425464120829e-05,0.0018457012413428,0.0006388965835417,False,computed
2023-2025,1-3,RSV,SO2,23,-0.467012616184487,0.0246598182017186,0.183187220927053,0.1279103368777862,False,computed
2023-2025,1-3,RSV,O3,23,-0.1561264822134387,0.4768477376528467,0.7111687100749914,0.6386200840688003,False,computed
2023-2025,1-3,RSV,CO,23,-0.7697628458498025,1.7500674778246468e-05,0.0010500404866947,0.0003937651825105,False,computed
2023-2025,1-3,RSV,AQI,23,-0.4140316205533597,0.0495232313210113,0.2497937090601787,0.1536927868583111,False,computed
2023-2025,1-3,ADV,windlevel,22,0.497459062676454,0.0184892007203973,0.1518060690727364,0.1188591474882688,False,computed
2023-2025,1-3,ADV,temp,22,-0.6002258610954264,0.003143930353586,0.0510888682457728,0.0314393035358601,False,computed
2023-2025,1-3,ADV,humi,22,-0.5776397515527951,0.0048735010211569,0.0672747952202676,0.0385090697936954,False,computed
2023-2025,1-3,ADV,PM2.5,23,0.3922924901185771,0.0641023023892122,0.2993999752310511,0.1861034585493258,False,computed
2023-2025,1-3,ADV,PM10,23,0.3784584980237154,0.0749582029971805,0.3266335102670436,0.1886747723376928,False,computed
2023-2025,1-3,ADV,NO2,23,0.3325920536424971,0.1209901392076896,0.4044101623304081,0.2571058535722241,False,computed
2023-2025,1-3,ADV,SO2,23,0.0593031893567602,0.7880958998190984,0.8961439288329198,0.8545618190809501,False,computed
2023-2025,1-3,ADV,O3,23,-0.0494071146245059,0.8228578988707852,0.90867262612979,0.8816334630758413,False,computed
2023-2025,1-3,ADV,CO,23,0.575098814229249,0.004094228298326,0.0602546806168746,0.0368480546849348,False,computed
2023-2025,1-3,ADV,AQI,23,0.116600790513834,0.5962323605575823,0.7969145485182288,0.7504432380363892,False,computed
2023-2025,1-3,PIV,windlevel,6,-0.819688599970537,0.0458371412324532,0.2437188453311555,0.1473336682471711,False,computed_exploratory
2023-2025,1-3,PIV,temp,6,0.819688599970537,0.0458371412324532,0.2437188453311555,0.1473336682471711,False,computed_exploratory
2023-2025,1-3,PIV,humi,6,0.3946648814672956,0.4387392515170167,0.6993251851923117,0.5982807975232045,False,computed_exploratory
2023-2025,1-3,PIV,PM2.5,6,-0.5768179036829705,0.2307322519546003,0.5281634453088183,0.3775618668348006,False,computed_exploratory
2023-2025,1-3,PIV,PM10,6,-0.3946648814672956,0.4387392515170167,0.6993251851923117,0.5982807975232045,False,computed_exploratory
2023-2025,1-3,PIV,NO2,6,-0.6982532518267538,0.1228394633733959,0.4044101623304081,0.2571058535722241,False,computed_exploratory
2023-2025,1-3,PIV,SO2,6,-0.5768179036829705,0.2307322519546003,0.5281634453088183,0.3775618668348006,False,computed_exploratory
2023-2025,1-3,PIV,O3,6,-0.2125118592516207,0.6860308660088958,0.8429844922017168,0.8124049729052715,False,computed_exploratory
2023-2025,1-3,PIV,CO,6,-0.8804062740424288,0.0205987347749203,0.1606701312443789,0.1235924086495222,False,computed_exploratory
2023-2025,1-3,PIV,AQI,6,-0.3946648814672956,0.4387392515170167,0.6993251851923117,0.5982807975232045,False,computed_exploratory
2023-2025,1-3,HRV,windlevel,22,-0.2636928289102203,0.235715642229594,0.5329223215625605,0.3788287107261333,False,computed
2023-2025,1-3,HRV,temp,22,0.041219649915302,0.8554817672242458,0.924204679272731,0.9039379918816652,False,computed
2023-2025,1-3,HRV,humi,22,-0.2151326933935629,0.3363093427595235,0.6433660390656797,0.4881909814251148,False,computed
2023-2025,1-3,HRV,PM2.5,23,0.1541501976284585,0.482512952407538,0.7181197340588134,0.6386200840688003,False,computed
2023-2025,1-3,HRV,PM10,23,0.3152173913043478,0.142899359446361,0.4230830242258728,0.2679362989619269,False,computed
2023-2025,1-3,HRV,NO2,23,0.0993328421725734,0.6520360684826894,0.8229581446868895,0.7930168400465141,False,computed
2023-2025,1-3,HRV,SO2,23,0.367185580767274,0.0847882162324169,0.3491705605392168,0.2008141963399349,False,computed
2023-2025,1-3,HRV,O3,23,0.7015810276679841,0.0001911678549343,0.0062081552961929,0.0024578724205841,False,computed
2023-2025,1-3,HRV,CO,23,-0.0741106719367588,0.7368224254146714,0.8710058502052332,0.8289252285915053,False,computed
2023-2025,1-3,HRV,AQI,23,0.5632411067193676,0.0051345426391593,0.0672747952202676,0.0385090697936954,False,computed
2023-2025,1-3,MP,windlevel,22,0.3935629587803502,0.0699615547266264,0.3154335993454835,0.1886747723376928,False,computed
2023-2025,1-3,MP,temp,22,-0.067193675889328,0.766386220986654,0.8911361026167817,0.841155608399986,False,computed
2023-2025,1-3,MP,humi,22,-0.2399774138904574,0.282057739096143,0.5868335419706977,0.4376758020457392,False,computed
2023-2025,1-3,MP,PM2.5,23,0.1022980016404114,0.642313547462146,0.8201715256105678,0.791893414679358,False,computed
2023-2025,1-3,MP,PM10,23,0.0785767258977073,0.7215579369125,0.8643965889453732,0.827777750399919,False,computed
2023-2025,1-3,MP,NO2,23,-0.2165101334651507,0.3210626984848023,0.6260722620453645,0.4736990633382328,False,computed
2023-2025,1-3,MP,SO2,23,0.0296589223924864,0.893136811869867,0.938876972046491,0.923934632968828,False,computed
2023-2025,1-3,MP,O3,23,-0.3573017158744805,0.0941748512922439,0.3672819200397512,0.2118934154075487,False,computed
2023-2025,1-3,MP,CO,23,-0.2248579263110493,0.3022928895874399,0.6101158200690326,0.4568381770208025,False,computed
2023-2025,1-3,MP,AQI,23,-0.455151978313135,0.0290865447412428,0.2025670080193696,0.1279103368777862,False,computed
2023-2025,1-3,HMPV,windlevel,6,-0.8451542547285165,0.0341094231674096,0.2078542974264027,0.1279103368777862,False,computed_exploratory
2023-2025,1-3,HMPV,temp,6,0.8451542547285165,0.0341094231674096,0.2078542974264027,0.1279103368777862,False,computed_exploratory
2023-2025,1-3,HMPV,humi,6,0.6761234037828132,0.1403573866189945,0.4230830242258728,0.2679362989619269,False,computed_exploratory
2023-2025,1-3,HMPV,PM2.5,6,-0.8451542547285165,0.0341094231674096,0.2078542974264027,0.1279103368777862,False,computed_exploratory
2023-2025,1-3,HMPV,PM10,6,-0.6761234037828132,0.1403573866189945,0.4230830242258728,0.2679362989619269,False,computed_exploratory
2023-2025,1-3,HMPV,NO2,6,-0.8451542547285165,0.0341094231674096,0.2078542974264027,0.1279103368777862,False,computed_exploratory
2023-2025,1-3,HMPV,SO2,6,-0.8451542547285165,0.0341094231674096,0.2078542974264027,0.1279103368777862,False,computed_exploratory
2023-2025,1-3,HMPV,O3,6,-0.50709255283711,0.304558784680535,0.6101158200690326,0.4568381770208025,False,computed_exploratory
2023-2025,1-3,HMPV,CO,6,-0.7775419143502353,0.0687269414410895,0.3116686879305225,0.1886747723376928,False,computed_exploratory
2023-2025,1-3,HMPV,AQI,6,-0.6761234037828132,0.1403573866189945,0.4230830242258728,0.2679362989619269,False,computed_exploratory
2023-2025,1-3,HBOV,windlevel,6,-0.2732295333235123,0.6003545904291114,0.7980485298915002,0.7504432380363892,False,computed_exploratory
2023-2025,1-3,HBOV,temp,6,0.0910765111078374,0.8637629700202579,0.9285058278684803,0.9039379918816652,False,computed_exploratory
2023-2025,1-3,HBOV,humi,6,0.0303588370359458,0.9544757346935632,0.9668715234558174,0.9544757346935632,False,computed_exploratory
2023-2025,1-3,HBOV,PM2.5,6,-0.3946648814672956,0.4387392515170167,0.6993251851923117,0.5982807975232045,False,computed_exploratory
2023-2025,1-3,HBOV,PM10,6,-0.5768179036829705,0.2307322519546003,0.5281634453088183,0.3775618668348006,False,computed_exploratory
2023-2025,1-3,HBOV,NO2,6,-0.3339472073954039,0.5177002083054396,0.7436577577868194,0.6656145535355652,False,computed_exploratory
2023-2025,1-3,HBOV,SO2,6,-0.2125118592516207,0.6860308660088958,0.8429844922017168,0.8124049729052715,False,computed_exploratory
2023-2025,1-3,HBOV,O3,6,-0.5768179036829705,0.2307322519546003,0.5281634453088183,0.3775618668348006,False,computed_exploratory
2023-2025,1-3,HBOV,CO,6,0.0303588370359458,0.9544757346935632,0.9668715234558174,0.9544757346935632,False,computed_exploratory
2023-2025,1-3,HBOV,AQI,6,-0.5768179036829705,0.2307322519546003,0.5281634453088183,0.3775618668348006,False,computed_exploratory
2023-2025,4-12,FluA,windlevel,22,0.2535290796160361,0.2549256224531641,0.5554245405404133,0.4923579206921995,False,computed
2023-2025,4-12,FluA,temp,22,-0.3190287972896669,0.1478506043414558,0.4279826483307287,0.3749267922050317,False,computed
2023-2025,4-12,FluA,humi,22,-0.5143986448334276,0.0143124144761498,0.1289199295529778,0.1288117302853483,False,computed
2023-2025,4-12,FluA,PM2.5,23,0.3488142292490119,0.1028330509735601,0.3738383747340486,0.3559605610623234,False,computed
2023-2025,4-12,FluA,PM10,23,0.3142292490118577,0.1442247819185607,0.4230830242258728,0.3749267922050317,False,computed
2023-2025,4-12,FluA,NO2,23,0.1749444086024427,0.4246375646708821,0.6993251851923117,0.6107715818602675,False,computed
2023-2025,4-12,FluA,SO2,23,0.3113417441229913,0.1481478398067907,0.4279826483307287,0.3749267922050317,False,computed
2023-2025,4-12,FluA,O3,23,0.3547430830039526,0.0967257938586832,0.3698339176949651,0.3482128578912595,False,computed
2023-2025,4-12,FluA,CO,23,0.2124505928853755,0.330439591552701,0.6395604997794212,0.571914677687367,False,computed
2023-2025,4-12,FluA,AQI,23,0.2855731225296443,0.1865375709951406,0.4770469028728186,0.3997233664181585,False,computed
2023-2025,4-12,FluB,windlevel,22,0.0943019737182485,0.6763646448977523,0.8429844922017168,0.8116375738773027,False,computed
2023-2025,4-12,FluB,temp,22,0.2013318211898803,0.3689419235262334,0.6650507429310757,0.5959897227609442,False,computed
2023-2025,4-12,FluB,humi,22,-0.0728960042239222,0.7471620810108743,0.8776903963681958,0.8622066023818993,False,computed
2023-2025,4-12,FluB,PM2.5,23,-0.2906808117823638,0.1784364940910537,0.4654865063244879,0.3997233664181585,False,computed
2023-2025,4-12,FluB,PM10,23,-0.2856342699111422,0.1864391247158232,0.4770469028728186,0.3997233664181585,False,computed
2023-2025,4-12,FluB,NO2,23,-0.2011543919980923,0.3573840521202703,0.663409762959358,0.5956400868671173,False,computed
2023-2025,4-12,FluB,SO2,23,-0.0416442593220642,0.8503572847073724,0.9237864652809896,0.8899087863216688,False,computed
2023-2025,4-12,FluB,O3,23,0.1604800315048467,0.4644879369594472,0.7089421063189942,0.6333926413083372,False,computed
2023-2025,4-12,FluB,CO,23,0.0555119605834375,0.801370982715103,0.8967541590418192,0.8622066023818993,False,computed
2023-2025,4-12,FluB,AQI,23,0.0040372334969772,0.9854137740219828,0.9879469713845072,0.9854137740219828,False,computed
2023-2025,4-12,RSV,windlevel,22,-0.306128224576741,0.1658731930167996,0.4426934445380481,0.3827842915772299,False,computed
2023-2025,4-12,RSV,temp,22,0.8890144381619749,3.2137076898486264e-08,8.355639993606429e-06,2.892336920863764e-06,False,computed
2023-2025,4-12,RSV,humi,22,0.8127647881290226,4.301980454158784e-06,0.0004793635363205,0.0001290594136247,False,computed
2023-2025,4-12,RSV,PM2.5,23,-0.8485298010463114,3.126281444001685e-07,4.876999052642628e-05,1.4068266498007582e-05,False,computed
2023-2025,4-12,RSV,PM10,23,-0.7926859644020288,6.491978483274486e-06,0.0006212599340503,0.0001460695158736,False,computed
2023-2025,4-12,RSV,NO2,23,-0.7768166089965398,1.3057244108596456e-05,0.0009258773095186,0.0002350303939547,False,computed
2023-2025,4-12,RSV,SO2,23,-0.5580820563519525,0.0056516338687691,0.0699726098038081,0.0635808810236526,False,computed
2023-2025,4-12,RSV,O3,23,-0.1428218477008642,0.5156288492500709,0.7431840332204904,0.6731342883412554,False,computed
2023-2025,4-12,RSV,CO,23,-0.7338769682899082,6.731421212353755e-05,0.0029169491920199,0.001009713181853,False,computed
2023-2025,4-12,RSV,AQI,23,-0.4304423160811516,0.0403363623367416,0.2313409016371949,0.213545447665103,False,computed
2023-2025,4-12,ADV,windlevel,22,0.2422360248447205,0.2774149543225627,0.5816765171279541,0.5201530393548051,False,computed
2023-2025,4-12,ADV,temp,22,0.1462450592885375,0.5160696210616291,0.7431840332204904,0.6731342883412554,False,computed
2023-2025,4-12,ADV,humi,22,0.0062111801242236,0.9781147004348608,0.9831565287876176,0.9854137740219828,False,computed
2023-2025,4-12,ADV,PM2.5,23,-0.2045454545454545,0.3491643558061978,0.6595577689924964,0.592920604199204,False,computed
2023-2025,4-12,ADV,PM10,23,-0.2243083003952569,0.3035074584021966,0.6101158200690326,0.5374566788480029,False,computed
2023-2025,4-12,ADV,NO2,23,-0.3256733482175418,0.1294016337156894,0.412611963363988,0.3749267922050317,False,computed
2023-2025,4-12,ADV,SO2,23,-0.4136397457634028,0.0497609169732091,0.2497937090601787,0.2200428210700674,False,computed
2023-2025,4-12,ADV,O3,23,-0.1324110671936759,0.546994503861721,0.7701366660868996,0.6933733147542942,False,computed
2023-2025,4-12,ADV,CO,23,-0.0592885375494071,0.7881470963838244,0.8961439288329198,0.8622066023818993,False,computed
2023-2025,4-12,ADV,AQI,23,-0.3191699604743083,0.1376842373432186,0.4230830242258728,0.3749267922050317,False,computed
2023-2025,4-12,PIV,windlevel,6,-0.819688599970537,0.0458371412324532,0.2437188453311555,0.2171233005747785,False,computed_exploratory
2023-2025,4-12,PIV,temp,6,0.819688599970537,0.0458371412324532,0.2437188453311555,0.2171233005747785,False,computed_exploratory
2023-2025,4-12,PIV,humi,6,0.3946648814672956,0.4387392515170167,0.6993251851923117,0.6107715818602675,False,computed_exploratory
2023-2025,4-12,PIV,PM2.5,6,-0.5768179036829705,0.2307322519546003,0.5281634453088183,0.4719523335435008,False,computed_exploratory
2023-2025,4-12,PIV,PM10,6,-0.3946648814672956,0.4387392515170167,0.6993251851923117,0.6107715818602675,False,computed_exploratory
2023-2025,4-12,PIV,NO2,6,-0.6982532518267538,0.1228394633733959,0.4044101623304081,0.3749267922050317,False,computed_exploratory
2023-2025,4-12,PIV,SO2,6,-0.5768179036829705,0.2307322519546003,0.5281634453088183,0.4719523335435008,False,computed_exploratory
2023-2025,4-12,PIV,O3,6,-0.2125118592516207,0.6860308660088958,0.8429844922017168,0.8124049729052715,False,computed_exploratory
2023-2025,4-12,PIV,CO,6,-0.8804062740424288,0.0205987347749203,0.1606701312443789,0.1685351027038939,False,computed_exploratory
2023-2025,4-12,PIV,AQI,6,-0.3946648814672956,0.4387392515170167,0.6993251851923117,0.6107715818602675,False,computed_exploratory
2023-2025,4-12,HRV,windlevel,22,-0.313382269904009,0.155560751936561,0.4351277879075171,0.3749267922050317,False,computed
2023-2025,4-12,HRV,temp,22,0.1326933935629588,0.5560825858858702,0.7732970652923236,0.6951032323573378,False,computed
2023-2025,4-12,HRV,humi,22,0.0197628458498023,0.9304384215377666,0.95319537930601,0.9515847492999884,False,computed
2023-2025,4-12,HRV,PM2.5,23,-0.0978260869565217,0.6569978005869377,0.8278809118866096,0.7990513790922215,False,computed
2023-2025,4-12,HRV,PM10,23,0.067193675889328,0.760653161138472,0.8881878228862399,0.8622066023818993,False,computed
2023-2025,4-12,HRV,NO2,23,0.0637509285585172,0.7725946668700285,0.8944076258833885,0.8622066023818993,False,computed
2023-2025,4-12,HRV,SO2,23,0.1087225138207271,0.6214435508074083,0.8092253249245049,0.7661632818173527,False,computed
2023-2025,4-12,HRV,O3,23,0.6482213438735179,0.0008227075253363,0.0173435640476319,0.0105776681828963,False,computed
2023-2025,4-12,HRV,CO,23,0.0355731225296442,0.871983698281857,0.9304340419423373,0.9020521016708866,False,computed
2023-2025,4-12,HRV,AQI,23,0.5513833992094862,0.0063872347388396,0.076646816866076,0.0638723473883967,False,computed
2023-2025,4-12,MP,windlevel,22,0.3754940711462451,0.0850543673108348,0.3491705605392168,0.3189538774156307,False,computed
2023-2025,4-12,MP,temp,22,-0.1530208921513269,0.4965948556350872,0.7275145556414094,0.6670677165247441,False,computed
2023-2025,4-12,MP,humi,22,-0.2523997741389046,0.2571202474725931,0.5564304940187688,0.4923579206921995,False,computed
2023-2025,4-12,MP,PM2.5,23,0.2262845849802371,0.2991542475158115,0.6101158200690326,0.5374566788480029,False,computed
2023-2025,4-12,MP,PM10,23,0.25,0.2499459067918083,0.5522884059422394,0.4923579206921995,False,computed
2023-2025,4-12,MP,NO2,23,-0.0479367447300478,0.8280521380170127,0.90867262612979,0.8767610873121311,False,computed
2023-2025,4-12,MP,SO2,23,0.1957005248773088,0.3708380497179209,0.6650507429310757,0.5959897227609442,False,computed
2023-2025,4-12,MP,O3,23,-0.4110671936758893,0.051343324916349,0.2534670470553941,0.2200428210700674,False,computed
2023-2025,4-12,MP,CO,23,-0.1343873517786561,0.5409737774662917,0.7684719993584503,0.6933733147542942,False,computed
2023-2025,4-12,MP,AQI,23,-0.3764822134387352,0.0766160164467212,0.3283543562002338,0.29980180348717,False,computed
2023-2025,4-12,HMPV,windlevel,6,-0.8451542547285165,0.0341094231674096,0.2078542974264027,0.1918655053166794,False,computed_exploratory
2023-2025,4-12,HMPV,temp,6,0.8451542547285165,0.0341094231674096,0.2078542974264027,0.1918655053166794,False,computed_exploratory
2023-2025,4-12,HMPV,humi,6,0.6761234037828132,0.1403573866189945,0.4230830242258728,0.3749267922050317,False,computed_exploratory
2023-2025,4-12,HMPV,PM2.5,6,-0.8451542547285165,0.0341094231674096,0.2078542974264027,0.1918655053166794,False,computed_exploratory
2023-2025,4-12,HMPV,PM10,6,-0.6761234037828132,0.1403573866189945,0.4230830242258728,0.3749267922050317,False,computed_exploratory
2023-2025,4-12,HMPV,NO2,6,-0.8451542547285165,0.0341094231674096,0.2078542974264027,0.1918655053166794,False,computed_exploratory
2023-2025,4-12,HMPV,SO2,6,-0.8451542547285165,0.0341094231674096,0.2078542974264027,0.1918655053166794,False,computed_exploratory
2023-2025,4-12,HMPV,O3,6,-0.50709255283711,0.304558784680535,0.6101158200690326,0.5374566788480029,False,computed_exploratory
2023-2025,4-12,HMPV,CO,6,-0.7775419143502353,0.0687269414410895,0.3116686879305225,0.2811556695317301,False,computed_exploratory
2023-2025,4-12,HMPV,AQI,6,-0.6761234037828132,0.1403573866189945,0.4230830242258728,0.3749267922050317,False,computed_exploratory
2023-2025,4-12,HBOV,windlevel,6,0.3927922024247863,0.4411128091213043,0.6993251851923117,0.6107715818602675,False,computed_exploratory
2023-2025,4-12,HBOV,temp,6,-0.6546536707079772,0.1583024233754578,0.4351277879075171,0.3749267922050317,False,computed_exploratory
2023-2025,4-12,HBOV,humi,6,-0.3927922024247863,0.4411128091213043,0.6993251851923117,0.6107715818602675,False,computed_exploratory
2023-2025,4-12,HBOV,PM2.5,6,-0.1309307341415954,0.8047261622231061,0.8967541590418192,0.8622066023818993,False,computed_exploratory
2023-2025,4-12,HBOV,PM10,6,-0.3927922024247863,0.4411128091213043,0.6993251851923117,0.6107715818602675,False,computed_exploratory
2023-2025,4-12,HBOV,NO2,6,0.1309307341415954,0.8047261622231061,0.8967541590418192,0.8622066023818993,False,computed_exploratory
2023-2025,4-12,HBOV,SO2,6,0.1309307341415954,0.8047261622231061,0.8967541590418192,0.8622066023818993,False,computed_exploratory
2023-2025,4-12,HBOV,O3,6,-0.3927922024247863,0.4411128091213043,0.6993251851923117,0.6107715818602675,False,computed_exploratory
2023-2025,4-12,HBOV,CO,6,0.6546536707079772,0.1583024233754578,0.4351277879075171,0.3749267922050317,False,computed_exploratory
2023-2025,4-12,HBOV,AQI,6,-0.3927922024247863,0.4411128091213043,0.6993251851923117,0.6107715818602675,False,computed_exploratory
2023-2025,13-17,FluA,windlevel,17,0.3846449904095429,0.12738651575465,0.4105846375563101,0.3363015912980319,False,computed
2023-2025,13-17,FluA,temp,17,-0.6799530798207404,0.0026721352791219,0.0453101199503287,0.0229040166781881,False,computed
2023-2025,13-17,FluA,humi,17,-0.7990689478185343,0.000119195748799,0.0044272706696794,0.0035758724639718,False,computed
2023-2025,13-17,FluA,PM2.5,18,0.6308997857374803,0.0049933068835398,0.0672747952202676,0.0337870609439579,False,computed
2023-2025,13-17,FluA,PM10,18,0.6267285474846706,0.0053803630883833,0.0687980853924431,0.0337870609439579,False,computed
2023-2025,13-17,FluA,NO2,18,0.3889679670745127,0.110634522082201,0.3882540319572706,0.331903566246603,False,computed
2023-2025,13-17,FluA,SO2,18,0.69173976740373,0.0014713981882382,0.0264228072473658,0.0147139818823822,False,computed
2023-2025,13-17,FluA,O3,18,0.1991766265716673,0.4281527777292628,0.6993251851923117,0.6491451719536744,False,computed
2023-2025,13-17,FluA,CO,18,0.3952248244537273,0.1045234574796111,0.3751522511277061,0.3300740762514035,False,computed
2023-2025,13-17,FluA,AQI,18,0.2721732959958386,0.2745578617838945,0.5797158329930752,0.5883382752512025,False,computed
2023-2025,13-17,FluB,windlevel,17,0.4587759748986506,0.0639812963325428,0.2993999752310511,0.2296454664233953,False,computed
2023-2025,13-17,FluB,temp,17,-0.2929533333690178,0.2538144308675245,0.5545525380298855,0.5857256096942873,False,computed
2023-2025,13-17,FluB,humi,17,-0.5435297694582407,0.0241278895062936,0.1809591712972022,0.1034052407412584,False,computed
2023-2025,13-17,FluB,PM2.5,18,0.2239729499460224,0.3716187876021573,0.6650507429310757,0.6491451719536744,False,computed
2023-2025,13-17,FluB,PM10,18,0.2049114222910417,0.4146933238891138,0.6993251851923117,0.6491451719536744,False,computed
2023-2025,13-17,FluB,NO2,18,0.061949964878687,0.8070787431376374,0.8967541590418192,0.8804495379683317,False,computed
2023-2025,13-17,FluB,SO2,18,0.3480525197255441,0.1569621682521951,0.4351277879075171,0.3767092038052683,False,computed
2023-2025,13-17,FluB,O3,18,-0.182672973360231,0.4681354839587417,0.7091420178374754,0.6491451719536744,False,computed
2023-2025,13-17,FluB,CO,18,0.3796420924616975,0.1202090614702536,0.4044101623304081,0.3363015912980319,False,computed
2023-2025,13-17,FluB,AQI,18,-0.1794960520844009,0.4760397927660279,0.7111687100749914,0.6491451719536744,False,computed
2023-2025,13-17,RSV,windlevel,17,-0.0754617922786944,0.7734631346884905,0.8944076258833885,0.8804495379683317,False,computed
2023-2025,13-17,RSV,temp,17,0.771082313829569,0.000290304586256,0.0087091375876815,0.0043212351455743,False,computed
2023-2025,13-17,RSV,humi,17,0.6283909247934922,0.006901545658387,0.0803463524409244,0.0376447945002932,False,computed
2023-2025,13-17,RSV,PM2.5,18,-0.8361158357934398,1.5432772065216376e-05,0.001003130184239,0.0009259663239129,False,computed
2023-2025,13-17,RSV,PM10,18,-0.7477458694087673,0.0003601029287978,0.0096855270504253,0.0043212351455743,False,computed
2023-2025,13-17,RSV,NO2,18,-0.7522776625566993,0.0003164127304144,0.0088143546329751,0.0043212351455743,False,computed
2023-2025,13-17,RSV,SO2,18,-0.443778301234248,0.0650662154866286,0.3004968479537236,0.2296454664233953,False,computed
2023-2025,13-17,RSV,O3,18,-0.3716070381304177,0.1289156099975789,0.412611963363988,0.3363015912980319,False,computed
2023-2025,13-17,RSV,CO,18,-0.475838280532852,0.0459316285431793,0.2437188453311555,0.1837265141727172,False,computed
2023-2025,13-17,RSV,AQI,18,-0.5483469708997627,0.0184615996153954,0.1518060690727364,0.0852073828402865,False,computed
2023-2025,13-17,ADV,windlevel,16,0.2085363156814255,0.4383033354355352,0.6993251851923117,0.6491451719536744,False,computed
2023-2025,13-17,ADV,temp,16,-0.2115585811260839,0.4315423919983351,0.6993251851923117,0.6491451719536744,False,computed
2023-2025,13-17,ADV,humi,16,-0.194936121180463,0.4693853988190666,0.70953606798231,0.6491451719536744,False,computed
2023-2025,13-17,ADV,PM2.5,17,0.1980453757087448,0.4460839836778402,0.7015319873024235,0.6491451719536744,False,computed
2023-2025,13-17,ADV,PM10,17,0.2105798931586654,0.4172123475933038,0.6993251851923117,0.6491451719536744,False,computed
2023-2025,13-17,ADV,NO2,17,0.068939845974563,0.7926218462683791,0.8967541590418192,0.8804495379683317,False,computed
2023-2025,13-17,ADV,SO2,17,0.1912686259527979,0.4621062759168081,0.7089421063189942,0.6491451719536744,False,computed
2023-2025,13-17,ADV,O3,17,-0.0513915215446743,0.8447030973386287,0.920207284810238,0.9050390328628164,False,computed
2023-2025,13-17,ADV,CO,17,0.2619714147033397,0.3097511086504319,0.6101158200690326,0.6408643627250316,False,computed
2023-2025,13-17,ADV,AQI,17,-0.0313362936248014,0.9049664558392236,0.945471759194224,0.9203048703449732,False,computed
2023-2025,13-17,PIV,windlevel,0,,,,,True,low_n_blank
2023-2025,13-17,PIV,temp,0,,,,,True,low_n_blank
2023-2025,13-17,PIV,humi,0,,,,,True,low_n_blank
2023-2025,13-17,PIV,PM2.5,0,,,,,True,low_n_blank
2023-2025,13-17,PIV,PM10,0,,,,,True,low_n_blank
2023-2025,13-17,PIV,NO2,0,,,,,True,low_n_blank
2023-2025,13-17,PIV,SO2,0,,,,,True,low_n_blank
2023-2025,13-17,PIV,O3,0,,,,,True,low_n_blank
2023-2025,13-17,PIV,CO,0,,,,,True,low_n_blank
2023-2025,13-17,PIV,AQI,0,,,,,True,low_n_blank
2023-2025,13-17,HRV,windlevel,16,0.038235294117647,0.8881976539853073,0.9375793888162334,0.9203048703449732,False,computed
2023-2025,13-17,HRV,temp,16,0.0911764705882352,0.7370049501736589,0.8710058502052332,0.8804495379683317,False,computed
2023-2025,13-17,HRV,humi,16,-0.0970588235294117,0.7206513082372035,0.8643965889453732,0.8804495379683317,False,computed
2023-2025,13-17,HRV,PM2.5,17,-0.1764705882352941,0.4980676573237341,0.7275145556414094,0.6640902097649789,False,computed
2023-2025,13-17,HRV,PM10,17,0.0661764705882353,0.800774094340852,0.8967541590418192,0.8804495379683317,False,computed
2023-2025,13-17,HRV,NO2,17,-0.2401960784313725,0.3530886590520007,0.6624678731580677,0.6491451719536744,False,computed
2023-2025,13-17,HRV,SO2,17,0.1140404874066829,0.6629727833349847,0.8312384390133281,0.8463482340446613,False,computed
2023-2025,13-17,HRV,O3,17,0.4215686274509804,0.0919126286128184,0.3644959297318332,0.3063754287093949,False,computed
2023-2025,13-17,HRV,CO,17,-0.1691176470588235,0.5164176230839818,0.7431840332204904,0.6735882040225849,False,computed
2023-2025,13-17,HRV,AQI,17,0.2843137254901961,0.2687318993678436,0.5727073265216338,0.5883382752512025,False,computed
2023-2025,13-17,MP,windlevel,16,0.2385250625057488,0.3736559113444859,0.6669373245965653,0.6491451719536744,False,computed
2023-2025,13-17,MP,temp,16,0.0666684957314204,0.8062132755026519,0.8967541590418192,0.8804495379683317,False,computed
2023-2025,13-17,MP,humi,16,0.0103706548915542,0.969593380064384,0.9767181296519848,0.969593380064384,False,computed
2023-2025,13-17,MP,PM2.5,17,0.0719658369153338,0.783718123156348,0.8944076258833885,0.8804495379683317,False,computed
2023-2025,13-17,MP,PM10,17,0.0322605475827358,0.9021759168231068,0.945471759194224,0.9203048703449732,False,computed
2023-2025,13-17,MP,NO2,17,-0.205971188412852,0.427711140075847,0.6993251851923117,0.6491451719536744,False,computed
2023-2025,13-17,MP,SO2,17,0.1887157944568319,0.4682155630593587,0.7091420178374754,0.6491451719536744,False,computed
2023-2025,13-17,MP,O3,17,-0.5881345982391075,0.0130203118593817,0.1209028958371157,0.0651015592969084,False,computed
2023-2025,13-17,MP,CO,17,-0.3697555069098187,0.1440754440135435,0.4230830242258728,0.3601886100338589,False,computed
2023-2025,13-17,MP,AQI,17,-0.6402477904881424,0.0056311768239929,0.0699726098038081,0.0337870609439579,False,computed
2023-2025,13-17,HMPV,windlevel,0,,,,,True,low_n_blank
2023-2025,13-17,HMPV,temp,0,,,,,True,low_n_blank
2023-2025,13-17,HMPV,humi,0,,,,,True,low_n_blank
2023-2025,13-17,HMPV,PM2.5,0,,,,,True,low_n_blank
2023-2025,13-17,HMPV,PM10,0,,,,,True,low_n_blank
2023-2025,13-17,HMPV,NO2,0,,,,,True,low_n_blank
2023-2025,13-17,HMPV,SO2,0,,,,,True,low_n_blank
2023-2025,13-17,HMPV,O3,0,,,,,True,low_n_blank
2023-2025,13-17,HMPV,CO,0,,,,,True,low_n_blank
2023-2025,13-17,HMPV,AQI,0,,,,,True,low_n_blank
2023-2025,13-17,HBOV,windlevel,0,,,,,True,low_n_blank
2023-2025,13-17,HBOV,temp,0,,,,,True,low_n_blank
2023-2025,13-17,HBOV,humi,0,,,,,True,low_n_blank
2023-2025,13-17,HBOV,PM2.5,0,,,,,True,low_n_blank
2023-2025,13-17,HBOV,PM10,0,,,,,True,low_n_blank
2023-2025,13-17,HBOV,NO2,0,,,,,True,low_n_blank
2023-2025,13-17,HBOV,SO2,0,,,,,True,low_n_blank
2023-2025,13-17,HBOV,O3,0,,,,,True,low_n_blank
2023-2025,13-17,HBOV,CO,0,,,,,True,low_n_blank
2023-2025,13-17,HBOV,AQI,0,,,,,True,low_n_blank
2023-2025,18-44,FluA,windlevel,33,0.2123710638132407,0.2354121967096156,0.5329223215625605,0.6380721061743947,False,computed
2023-2025,18-44,FluA,temp,33,-0.2951739884570772,0.0953840206385981,0.3698339176949651,0.4833124936045993,False,computed
2023-2025,18-44,FluA,humi,33,-0.354678114466312,0.0428378575854147,0.2437188453311555,0.350491562062484,False,computed
2023-2025,18-44,FluA,PM2.5,34,0.2313475933894933,0.1880190027839171,0.4781719762609006,0.6267300092797237,False,computed
2023-2025,18-44,FluA,PM10,34,0.2589254522041349,0.1392312964446128,0.4230830242258728,0.5695825763643252,False,computed
2023-2025,18-44,FluA,NO2,34,0.1699998450241672,0.3364493680121839,0.6433660390656797,0.6380721061743947,False,computed
2023-2025,18-44,FluA,SO2,34,0.162057065449702,0.3598373981316394,0.663409762959358,0.6380721061743947,False,computed
2023-2025,18-44,FluA,O3,34,0.1656203632145975,0.3492273828126936,0.6595577689924964,0.6380721061743947,False,computed
2023-2025,18-44,FluA,CO,34,0.1100134193126201,0.5356704376335941,0.7641736874078264,0.7536111905265885,False,computed
2023-2025,18-44,FluA,AQI,34,0.1849248643848467,0.2950905036986057,0.6073102714641488,0.6380721061743947,False,computed
2023-2025,18-44,FluB,windlevel,33,-0.0827261491150509,0.6471769430828687,0.8215931924864018,0.787107092938624,False,computed
2023-2025,18-44,FluB,temp,33,-0.1771418627789676,0.3240382112330877,0.630298764992041,0.6380721061743947,False,computed
2023-2025,18-44,FluB,humi,33,-0.2447614977077918,0.1698085101988239,0.447468371469874,0.6113106367157664,False,computed
2023-2025,18-44,FluB,PM2.5,34,0.1799804214411131,0.3084161929946326,0.6101158200690326,0.6380721061743947,False,computed
2023-2025,18-44,FluB,PM10,34,0.2038253774578123,0.2475875603574593,0.5497194024674198,0.6380721061743947,False,computed
2023-2025,18-44,FluB,NO2,34,0.188160877216417,0.2865711916342843,0.5926491429826425,0.6380721061743947,False,computed
2023-2025,18-44,FluB,SO2,34,0.1581315699784248,0.3717463127153192,0.6650507429310757,0.6434070796995909,False,computed
2023-2025,18-44,FluB,O3,34,0.2934889449452633,0.0920585873809886,0.3644959297318332,0.4833124936045993,False,computed
2023-2025,18-44,FluB,CO,34,0.3784450976653112,0.0273161429422216,0.1954733164672741,0.2458452864799948,False,computed
2023-2025,18-44,FluB,AQI,34,0.3418321434448727,0.0478483473559461,0.245690167395706,0.3588626051695958,False,computed
2023-2025,18-44,RSV,windlevel,33,-0.0899110272140659,0.6187702427202848,0.8082654519834027,0.7810566519783457,False,computed
2023-2025,18-44,RSV,temp,33,0.589456694415416,0.0003066700442859,0.0088143546329751,0.0203693840050132,False,computed
2023-2025,18-44,RSV,humi,33,0.4222221837972534,0.0143795306039859,0.1289199295529778,0.1848796791941055,False,computed
2023-2025,18-44,RSV,PM2.5,34,-0.5684392828131861,0.0004526529778891,0.0107567101574658,0.0203693840050132,False,computed
2023-2025,18-44,RSV,PM10,34,-0.5278837719543538,0.0013338421358139,0.0247713539508305,0.0300114480558138,False,computed
2023-2025,18-44,RSV,NO2,34,-0.439853980520549,0.0092402941466333,0.0948345978207106,0.1386044121995001,False,computed
2023-2025,18-44,RSV,SO2,34,-0.3252635372903659,0.0605100492348304,0.287791697580291,0.4189157254719029,False,computed
2023-2025,18-44,RSV,O3,34,0.0561155844128334,0.7525970517711857,0.8800985013216265,0.8362189464124287,False,computed
2023-2025,18-44,RSV,CO,34,-0.5285862852096775,0.0013105870217591,0.0247713539508305,0.0300114480558138,False,computed
2023-2025,18-44,RSV,AQI,34,-0.1377232042226473,0.437317023395869,0.6993251851923117,0.7028309304576466,False,computed
2023-2025,18-44,ADV,windlevel,33,-0.0986308158475121,0.5850119443336845,0.7922036746185311,0.7742805145592884,False,computed
2023-2025,18-44,ADV,temp,33,0.1666288527116672,0.3540285697441943,0.6624678731580677,0.6380721061743947,False,computed
2023-2025,18-44,ADV,humi,33,0.0705227164506955,0.6965457832261381,0.847100247910129,0.8118239427148917,False,computed
2023-2025,18-44,ADV,PM2.5,34,-0.1614798043814124,0.3615741934988237,0.6635949904213706,0.6380721061743947,False,computed
2023-2025,18-44,ADV,PM10,34,-0.1494841617702217,0.398787917230273,0.6851422366511299,0.6771870292589544,False,computed
2023-2025,18-44,ADV,NO2,34,-0.3036821278196216,0.0808068540751991,0.3388674525734157,0.4833124936045993,False,computed
2023-2025,18-44,ADV,SO2,34,-0.1920511967580344,0.276540851150857,0.5814066412336077,0.6380721061743947,False,computed
2023-2025,18-44,ADV,O3,34,-0.2036183438104667,0.2480784995750407,0.5497194024674198,0.6380721061743947,False,computed
2023-2025,18-44,ADV,CO,34,-0.2123237161078691,0.2279928795466151,0.5281634453088183,0.6380721061743947,False,computed
2023-2025,18-44,ADV,AQI,34,-0.2246876135249938,0.2014092637272733,0.492474061778286,0.6380721061743947,False,computed
2023-2025,18-44,PIV,windlevel,27,0.0181454885915218,0.9284204411195216,0.95319537930601,0.9500046805735513,False,computed
2023-2025,18-44,PIV,temp,27,0.2623535225524195,0.1861614245317051,0.4770469028728186,0.6267300092797237,False,computed
2023-2025,18-44,PIV,humi,27,0.1474320948061147,0.4630373845850681,0.7089421063189942,0.720653238968265,False,computed
2023-2025,18-44,PIV,PM2.5,27,-0.3167899883269851,0.1074027763565776,0.3807916616278661,0.4833124936045993,False,computed
2023-2025,18-44,PIV,PM10,27,-0.2744505149467675,0.1659370358245024,0.4426934445380481,0.6113106367157664,False,computed
2023-2025,18-44,PIV,NO2,27,-0.3070080427322922,0.1193125624773268,0.4044101623304081,0.5113395534742581,False,computed
2023-2025,18-44,PIV,SO2,27,-0.0499153326234142,0.8047158083565515,0.8967541590418192,0.8832246677084102,False,computed
2023-2025,18-44,PIV,O3,27,-0.1050926214258971,0.6018889337860098,0.7980485298915002,0.7810566519783457,False,computed
2023-2025,18-44,PIV,CO,27,-0.3228877690805142,0.1004398727153523,0.3722232043997057,0.4833124936045993,False,computed
2023-2025,18-44,PIV,AQI,27,-0.3205702984502188,0.1030451930356672,0.3738383747340486,0.4833124936045993,False,computed
2023-2025,18-44,HRV,windlevel,30,-0.202937254690407,0.2821315105628355,0.5868335419706977,0.6380721061743947,False,computed
2023-2025,18-44,HRV,temp,30,0.1486426383039384,0.4330844149460029,0.6993251851923117,0.7028309304576466,False,computed
2023-2025,18-44,HRV,humi,30,0.0278148649520842,0.8839981689046587,0.9375793888162334,0.9471408952549912,False,computed
2023-2025,18-44,HRV,PM2.5,31,-0.1885460816718077,0.3097304503225788,0.6101158200690326,0.6380721061743947,False,computed
2023-2025,18-44,HRV,PM10,31,-0.0927606391112637,0.6196701798539421,0.8082654519834027,0.7810566519783457,False,computed
2023-2025,18-44,HRV,NO2,31,-0.1065846531585999,0.5682158868603401,0.7774076239240375,0.7632750719019494,False,computed
2023-2025,18-44,HRV,SO2,31,-0.0883420734167002,0.6365123342585355,0.8192733015208873,0.7847412340173725,False,computed
2023-2025,18-44,HRV,O3,31,0.4139947654248356,0.0205976992342612,0.1606701312443789,0.2317241163854386,False,computed
2023-2025,18-44,HRV,CO,31,-0.061510537773648,0.7423719917295504,0.876021412328365,0.8351684906957442,False,computed
2023-2025,18-44,HRV,AQI,31,0.2052833274244922,0.2679265412144812,0.5725553483487543,0.6380721061743947,False,computed
2023-2025,18-44,MP,windlevel,33,0.1077916545421417,0.5504513734161012,0.7708295713905905,0.7621634401146017,False,computed
2023-2025,18-44,MP,temp,33,0.1151792445730673,0.5232967672828267,0.7503152177952295,0.7536111905265885,False,computed
2023-2025,18-44,MP,humi,33,0.0033579954686025,0.9852029351630636,0.9879469713845072,0.9852029351630636,False,computed
2023-2025,18-44,MP,PM2.5,34,-0.1099515474168748,0.5359012910411296,0.7641736874078264,0.7536111905265885,False,computed
2023-2025,18-44,MP,PM10,34,-0.1448592414918826,0.41370118564399,0.6993251851923117,0.6895019760733168,False,computed
2023-2025,18-44,MP,NO2,34,-0.2469100651429573,0.159197779286271,0.4351496037389945,0.6113106367157664,False,computed
2023-2025,18-44,MP,SO2,34,-0.180346496938125,0.3074168033225743,0.6101158200690326,0.6380721061743947,False,computed
2023-2025,18-44,MP,O3,34,-0.3815241806171557,0.0259865552228332,0.189434701624392,0.2458452864799948,False,computed
2023-2025,18-44,MP,CO,34,-0.1274920236708263,0.4724282344347515,0.7102180929241748,0.720653238968265,False,computed
2023-2025,18-44,MP,AQI,34,-0.4773281163384327,0.0043093369259869,0.0611142327685419,0.0775680646677648,False,computed
2023-2025,18-44,HMPV,windlevel,22,-0.0789291566115374,0.72697969531816,0.8643965889453732,0.8282047161852456,False,computed
2023-2025,18-44,HMPV,temp,22,0.2065724020692581,0.3563427842666825,0.663409762959358,0.6380721061743947,False,computed
2023-2025,18-44,HMPV,humi,22,0.1313430496738865,0.5601446690899523,0.7732970652923236,0.7632750719019494,False,computed
2023-2025,18-44,HMPV,PM2.5,22,0.0246653614411054,0.913239129021038,0.9497686941818794,0.9500046805735513,False,computed
2023-2025,18-44,HMPV,PM10,22,-0.0234320933690501,0.9175625193111278,0.9500907186840714,0.9500046805735513,False,computed
2023-2025,18-44,HMPV,NO2,22,-0.2047803230099094,0.36062274294201,0.663409762959358,0.6380721061743947,False,computed
2023-2025,18-44,HMPV,SO2,22,-0.1643793857895809,0.4647806582878616,0.7089421063189942,0.720653238968265,False,computed
2023-2025,18-44,HMPV,O3,22,0.0912618373320901,0.6862758366001156,0.8429844922017168,0.8118239427148917,False,computed
2023-2025,18-44,HMPV,CO,22,-0.0915960179728058,0.685183895582449,0.8429844922017168,0.8118239427148917,False,computed
2023-2025,18-44,HMPV,AQI,22,-0.1103774924489468,0.6248453215826766,0.8109473391588814,0.7810566519783457,False,computed
2023-2025,18-44,HBOV,windlevel,22,-0.3611575592573076,0.0986604465489051,0.3717640014886279,0.4833124936045993,False,computed
2023-2025,18-44,HBOV,temp,22,0.2579696851837911,0.2464128456224227,0.5497194024674198,0.6380721061743947,False,computed
2023-2025,18-44,HBOV,humi,22,0.2235737271592856,0.3172250291283441,0.6216972932666041,0.6380721061743947,False,computed
2023-2025,18-44,HBOV,PM2.5,22,-0.0859898950612637,0.7035807503529061,0.8495247450081529,0.8118239427148917,False,computed
2023-2025,18-44,HBOV,PM10,22,-0.1547818111102747,0.4915936522102258,0.7262178953105608,0.7253021098183658,False,computed
2023-2025,18-44,HBOV,NO2,22,-0.0172028365124236,0.9394320009921672,0.9591233991479918,0.9500046805735513,False,computed
2023-2025,18-44,HBOV,SO2,22,0.2236368746615078,0.3170847800512957,0.6216972932666041,0.6380721061743947,False,computed
2023-2025,18-44,HBOV,O3,22,0.0171979790122527,0.9394490730116228,0.9591233991479918,0.9500046805735513,False,computed
2023-2025,18-44,HBOV,CO,22,-0.051608509537271,0.8195785687100673,0.9080558005594496,0.8886996528181453,False,computed
2023-2025,18-44,HBOV,AQI,22,-0.1547818111102747,0.4915936522102258,0.7262178953105608,0.7253021098183658,False,computed
2023-2025,45-59,FluA,windlevel,33,-0.0742116998561163,0.6814813033520429,0.8429844922017168,0.8070173329168929,False,computed
2023-2025,45-59,FluA,temp,33,-0.4486281946053003,0.0088282178064499,0.093054187689607,0.1119013842695132,False,computed
2023-2025,45-59,FluA,humi,33,-0.3129651776737574,0.0761659513407523,0.3282289615789326,0.3427467810333854,False,computed
2023-2025,45-59,FluA,PM2.5,34,0.4166065765164711,0.0142485155403023,0.1289199295529778,0.1119678211113003,False,computed
2023-2025,45-59,FluA,PM10,34,0.4006481662189708,0.0188695288878562,0.1533149222138316,0.1213041142790756,False,computed
2023-2025,45-59,FluA,NO2,34,0.3000103442663935,0.0847303746228567,0.3491705605392168,0.3631301769551004,False,computed
2023-2025,45-59,FluA,SO2,34,0.2642950261850538,0.1309281379295706,0.4132638296557711,0.4364271264319019,False,computed
2023-2025,45-59,FluA,O3,34,0.0624526249142555,0.7256783872524202,0.8643965889453732,0.8351771644811736,False,computed
2023-2025,45-59,FluA,CO,34,0.2651753835766384,0.1296024756720218,0.412611963363988,0.4364271264319019,False,computed
2023-2025,45-59,FluA,AQI,34,0.1812200246283433,0.3050403219577378,0.6101158200690326,0.5490725795239281,False,computed
2023-2025,45-59,FluB,windlevel,33,-0.0250620415282917,0.8898920981410885,0.9375793888162334,0.9312824282871855,False,computed
2023-2025,45-59,FluB,temp,33,-0.1322947110181956,0.4630054065663824,0.7089421063189942,0.6779511410477951,False,computed
2023-2025,45-59,FluB,humi,33,-0.1972095071078692,0.2713115196179186,0.5766293877438053,0.5087090992835975,False,computed
2023-2025,45-59,FluB,PM2.5,34,0.2108586098348402,0.2312935783343541,0.5281634453088183,0.4776158662654996,False,computed
2023-2025,45-59,FluB,PM10,34,0.2064465726630563,0.2414279062613041,0.5442594418607435,0.4776158662654996,False,computed
2023-2025,45-59,FluB,NO2,34,0.1476306889309251,0.4047271362973333,0.6938179479382858,0.6494158889101592,False,computed
2023-2025,45-59,FluB,SO2,34,0.199506575813969,0.2579631779938653,0.5564304940187688,0.4939720429669761,False,computed
2023-2025,45-59,FluB,O3,34,0.1755623124605687,0.3206387474850638,0.6260722620453645,0.5658330837971715,False,computed
2023-2025,45-59,FluB,CO,34,0.3840604099336273,0.0249318013717118,0.183460425188068,0.1495908082302709,False,computed
2023-2025,45-59,FluB,AQI,34,0.2428458793302736,0.1663966198414303,0.4426934445380481,0.4538089632039008,False,computed
2023-2025,45-59,RSV,windlevel,32,0.1546303075624078,0.3981001949221832,0.6851422366511299,0.6494158889101592,False,computed
2023-2025,45-59,RSV,temp,32,0.5795099238972854,0.0005094714903176,0.0116878753661109,0.0458524341285892,False,computed
2023-2025,45-59,RSV,humi,32,0.3260374981675344,0.0685927946745506,0.3116686879305225,0.3249132379320818,False,computed
2023-2025,45-59,RSV,PM2.5,33,-0.4700989445625692,0.0057707094648745,0.0703305216031587,0.1119013842695132,False,computed
2023-2025,45-59,RSV,PM10,33,-0.4463657939632938,0.0092186238923815,0.0948345978207106,0.1119013842695132,False,computed
2023-2025,45-59,RSV,NO2,33,-0.4155474211775012,0.0161731297160767,0.1371200128102156,0.1119678211113003,False,computed
2023-2025,45-59,RSV,SO2,33,-0.2379388453221456,0.1824023166339333,0.4726704550646777,0.4577056002209595,False,computed
2023-2025,45-59,RSV,O3,33,-0.0067548197859475,0.970239711448095,0.9767181296519848,0.9811412812396466,False,computed
2023-2025,45-59,RSV,CO,33,-0.462743822044981,0.0066955662834955,0.0791294197140388,0.1119013842695132,False,computed
2023-2025,45-59,RSV,AQI,33,-0.2170670466349105,0.2249743133301228,0.5281634453088183,0.4776158662654996,False,computed
2023-2025,45-59,ADV,windlevel,32,-0.3880124235128788,0.0282076958857905,0.1982162413596089,0.1586682893575716,False,computed
2023-2025,45-59,ADV,temp,32,0.173961968077338,0.3409892603348843,0.6471329028253279,0.5790383666064073,False,computed
2023-2025,45-59,ADV,humi,32,0.2651724714244413,0.1424395044992345,0.4230830242258728,0.4477722192735365,False,computed
2023-2025,45-59,ADV,PM2.5,33,-0.1909160549986434,0.2872068923685114,0.5926491429826425,0.5275228635340005,False,computed
2023-2025,45-59,ADV,PM10,33,-0.2505877982642422,0.1595548547042979,0.4351496037389945,0.4487480288558381,False,computed
2023-2025,45-59,ADV,NO2,33,-0.1082059806358674,0.5489111635358186,0.7707648127538571,0.7407581559547246,False,computed
2023-2025,45-59,ADV,SO2,33,-0.2597880675719963,0.1442821595436951,0.4230830242258728,0.4477722192735365,False,computed
2023-2025,45-59,ADV,O3,33,-0.0616831503419673,0.7330999554890303,0.8703281239779623,0.8351771644811736,False,computed
2023-2025,45-59,ADV,CO,33,-0.0174336514115107,0.923286846878166,0.9523010096693462,0.9442706388526698,False,computed
2023-2025,45-59,ADV,AQI,33,-0.0863228870274814,0.6328922550030786,0.8173111902357637,0.7693666714180301,False,computed
2023-2025,45-59,PIV,windlevel,31,-0.1266691579686599,0.497122116330969,0.7275145556414094,0.6990779760904252,False,computed
2023-2025,45-59,PIV,temp,31,0.4559206974969537,0.0099467897128456,0.0994678971284562,0.1119013842695132,False,computed
2023-2025,45-59,PIV,humi,31,0.4316461201858865,0.0153227227114914,0.1327969301662591,0.1119678211113003,False,computed
2023-2025,45-59,PIV,PM2.5,31,-0.4320874761369968,0.0152068588289226,0.1327969301662591,0.1119678211113003,False,computed
2023-2025,45-59,PIV,PM10,31,-0.4440040868169752,0.012343561401772,0.1174143645534414,0.1119678211113003,False,computed
2023-2025,45-59,PIV,NO2,31,-0.3844597913980673,0.0327232908541708,0.2078542974264027,0.1732409515809046,False,computed
2023-2025,45-59,PIV,SO2,31,-0.178361752453396,0.337058222058581,0.6433660390656797,0.5790383666064073,False,computed
2023-2025,45-59,PIV,O3,31,-0.515503750896846,0.0029976368361228,0.0497480155782089,0.0990167136874235,False,computed
2023-2025,45-59,PIV,CO,31,-0.2957383010754364,0.1062452593980851,0.3784077731986592,0.4157423193838113,False,computed
2023-2025,45-59,PIV,AQI,31,-0.5110901913857429,0.0033005571229141,0.0514886911174602,0.0990167136874235,False,computed
2023-2025,45-59,HRV,windlevel,32,0.0934718476209505,0.6108672318435157,0.802148890299566,0.7693666714180301,False,computed
2023-2025,45-59,HRV,temp,32,-0.0530714419694591,0.7729821926923636,0.8944076258833885,0.8530986075058141,False,computed
2023-2025,45-59,HRV,humi,32,-0.2427697103239618,0.1806342418640847,0.4696490288466203,0.4577056002209595,False,computed
2023-2025,45-59,HRV,PM2.5,33,0.1066378143604316,0.5547512692944739,0.7732970652923236,0.7407581559547246,False,computed
2023-2025,45-59,HRV,PM10,33,0.1434672007957456,0.4257348179099935,0.6993251851923117,0.6606229933086107,False,computed
2023-2025,45-59,HRV,NO2,33,0.0575925802959972,0.7502181416000984,0.8789900427705789,0.8439954093001107,False,computed
2023-2025,45-59,HRV,SO2,33,0.0025117242186266,0.9889317782679132,0.9902012670718516,0.9889317782679132,False,computed
2023-2025,45-59,HRV,O3,33,0.3507162026453757,0.0453818624919526,0.2437188453311555,0.2269093124597631,False,computed
2023-2025,45-59,HRV,CO,33,0.2090242340103271,0.2430470591482403,0.5463305652323557,0.4776158662654996,False,computed
2023-2025,45-59,HRV,AQI,33,0.2901151213290864,0.1014708172244,0.3722232043997057,0.4151078886452728,False,computed
2023-2025,45-59,MP,windlevel,32,0.1309454744697546,0.4750087052922194,0.7111454704950694,0.6785838647031706,False,computed
2023-2025,45-59,MP,temp,32,0.2213055094839713,0.2235098169507678,0.5281634453088183,0.4776158662654996,False,computed
2023-2025,45-59,MP,humi,32,-0.0191440752148764,0.917172552781107,0.9500907186840714,0.9442706388526698,False,computed
2023-2025,45-59,MP,PM2.5,33,-0.157162650005217,0.3824095393232175,0.6763706137689561,0.6373492322053624,False,computed
2023-2025,45-59,MP,PM10,33,-0.0940541965186088,0.6026289539821713,0.7980485298915002,0.7693666714180301,False,computed
2023-2025,45-59,MP,NO2,33,-0.2297652632421375,0.1983390934290824,0.4880267914027896,0.4577056002209595,False,computed
2023-2025,45-59,MP,SO2,33,-0.0309535030713332,0.8642246551698933,0.9285058278684803,0.9150613995916518,False,computed
2023-2025,45-59,MP,O3,33,-0.1316063341304748,0.4653568697888782,0.7089421063189942,0.6779511410477951,False,computed
2023-2025,45-59,MP,CO,33,-0.2211588458902753,0.216139381480161,0.5234086789625406,0.4776158662654996,False,computed
2023-2025,45-59,MP,AQI,33,-0.2729484076418039,0.1243275579846236,0.4045277738367611,0.4364271264319019,False,computed
2023-2025,45-59,HMPV,windlevel,29,-0.2468678207034,0.1966907262020471,0.4879078048655602,0.4577056002209595,False,computed
2023-2025,45-59,HMPV,temp,29,-0.0911958772951383,0.6380085908857662,0.8198462947131757,0.7693666714180301,False,computed
2023-2025,45-59,HMPV,humi,29,0.1417311723567755,0.4633222980970727,0.7089421063189942,0.6779511410477951,False,computed
2023-2025,45-59,HMPV,PM2.5,29,0.1405694414358183,0.4670330082773699,0.7091420178374754,0.6779511410477951,False,computed
2023-2025,45-59,HMPV,PM10,29,0.0354327930891938,0.8552098458675896,0.924204679272731,0.9150613995916518,False,computed
2023-2025,45-59,HMPV,NO2,29,0.1066019411241869,0.582052130296344,0.7909419192180284,0.7591984308213182,False,computed
2023-2025,45-59,HMPV,SO2,29,0.0549053111567439,0.7772676201719639,0.8944076258833885,0.8530986075058141,False,computed
2023-2025,45-59,HMPV,O3,29,-0.1585762707106546,0.4112967296431008,0.6993251851923117,0.6494158889101592,False,computed
2023-2025,45-59,HMPV,CO,29,0.223370279903269,0.2441147760912553,0.5471538084804,0.4776158662654996,False,computed
2023-2025,45-59,HMPV,AQI,29,0.0412414476939797,0.8317849423803463,0.90867262612979,0.901935479689532,False,computed
2023-2025,45-59,HBOV,windlevel,29,-0.0903507902905251,0.6411388928483583,0.8201715256105678,0.7693666714180301,False,computed
2023-2025,45-59,HBOV,temp,29,-0.1129384878631563,0.5596839400546808,0.7732970652923236,0.7407581559547246,False,computed
2023-2025,45-59,HBOV,humi,29,-0.0903507902905251,0.6411388928483583,0.8201715256105678,0.7693666714180301,False,computed
2023-2025,45-59,HBOV,PM2.5,29,0.2710523708715753,0.1549563276296969,0.4351277879075171,0.4487480288558381,False,computed
2023-2025,45-59,HBOV,PM10,29,0.2710523708715753,0.1549563276296969,0.4351277879075171,0.4487480288558381,False,computed
2023-2025,45-59,HBOV,NO2,29,0.2484952780503441,0.1936608129345479,0.4873635037330916,0.4577056002209595,False,computed
2023-2025,45-59,HBOV,SO2,29,0.067779789303762,0.7268251477666229,0.8643965889453732,0.8351771644811736,False,computed
2023-2025,45-59,HBOV,O3,29,0.1129384878631563,0.5596839400546808,0.7732970652923236,0.7407581559547246,False,computed
2023-2025,45-59,HBOV,CO,29,0.2936762376958612,0.1220438094855395,0.4044101623304081,0.4364271264319019,False,computed
2023-2025,45-59,HBOV,AQI,29,0.248464673298944,0.1937174912844038,0.4873635037330916,0.4577056002209595,False,computed
2023-2025,60-74,FluA,windlevel,34,-0.0301454063727524,0.8656079584269254,0.9286197655943992,0.9303189801169424,False,computed
2023-2025,60-74,FluA,temp,34,-0.3263967096095483,0.0595675547227118,0.2850471943786208,0.2436854511383664,False,computed
2023-2025,60-74,FluA,humi,34,-0.2697784336810285,0.122832246790664,0.4044101623304081,0.3812035245227504,False,computed
2023-2025,60-74,FluA,PM2.5,35,0.3267885402027867,0.055355886465085,0.2681837977811573,0.237239513421793,False,computed
2023-2025,60-74,FluA,PM10,35,0.330996117973638,0.0521099608091557,0.255633770007179,0.2344948236412007,False,computed
2023-2025,60-74,FluA,NO2,35,0.297636844637687,0.0824765224906806,0.3440197194798443,0.3092869593400523,False,computed
2023-2025,60-74,FluA,SO2,35,0.2854740052876689,0.0964430793614111,0.3698339176949651,0.3338414285587307,False,computed
2023-2025,60-74,FluA,O3,35,0.0681627598877915,0.6972286655875677,0.847100247910129,0.8622595515381367,False,computed
2023-2025,60-74,FluA,CO,35,0.1953855441000461,0.2606653987404138,0.5601074683678312,0.558568711586601,False,computed
2023-2025,60-74,FluA,AQI,35,0.1287518797880507,0.461049600162952,0.7089421063189942,0.7409725716904586,False,computed
2023-2025,60-74,FluB,windlevel,34,-0.1831654000449352,0.2997896506792182,0.6101158200690326,0.6068631254841658,False,computed
2023-2025,60-74,FluB,temp,34,-0.0710407859987365,0.6897117106880721,0.8445449518629454,0.8622595515381367,False,computed
2023-2025,60-74,FluB,humi,34,-0.0244791142116128,0.8907004193754217,0.9375793888162334,0.9321283458579994,False,computed
2023-2025,60-74,FluB,PM2.5,35,0.1565780409286636,0.3690551903182608,0.6650507429310757,0.691978481846739,False,computed
2023-2025,60-74,FluB,PM10,35,0.0694320807754377,0.6918640159691718,0.8458525587083918,0.8622595515381367,False,computed
2023-2025,60-74,FluB,NO2,35,0.118944376980695,0.4961558652347626,0.7275145556414094,0.7756605862577118,False,computed
2023-2025,60-74,FluB,SO2,35,0.1053564544773009,0.546947205057645,0.7701366660868996,0.8204208075864675,False,computed
2023-2025,60-74,FluB,O3,35,-0.0898346739873545,0.6078063468430308,0.8008038945334145,0.8622595515381367,False,computed
2023-2025,60-74,FluB,CO,35,0.3669560566425697,0.0301298149963047,0.207645428833127,0.1807788899778287,False,computed
2023-2025,60-74,FluB,AQI,35,0.0616822585476553,0.7248383996611785,0.8643965889453732,0.881560215804136,False,computed
2023-2025,60-74,RSV,windlevel,34,-0.0813487672496877,0.6474139704159292,0.8215931924864018,0.8622595515381367,False,computed
2023-2025,60-74,RSV,temp,34,0.7918049197894941,2.4446803941502023e-08,8.355639993606429e-06,2.2002123547351825e-06,False,computed
2023-2025,60-74,RSV,humi,34,0.5703640410757883,0.0004285187876011,0.0107567101574658,0.0077133381768215,False,computed
2023-2025,60-74,RSV,PM2.5,35,-0.6401915400287945,3.448440119795065e-05,0.0018457012413428,0.0010345320359385,False,computed
2023-2025,60-74,RSV,PM10,35,-0.6693551951313386,1.0991824464266855e-05,0.0008573623082128,0.000494632100892,False,computed
2023-2025,60-74,RSV,NO2,35,-0.5887384897547321,0.0001989793364164,0.0062081552961929,0.0044770350693699,False,computed
2023-2025,60-74,RSV,SO2,35,-0.4414924290293029,0.0079307145227773,0.0859160739967542,0.0594803589208298,False,computed
2023-2025,60-74,RSV,O3,35,-0.2066815557267257,0.2335543615092102,0.5311148745690495,0.5389716034827928,False,computed
2023-2025,60-74,RSV,CO,35,-0.541326619034984,0.000784956888165,0.0170073992435757,0.0117743533224755,False,computed
2023-2025,60-74,RSV,AQI,35,-0.422379893707378,0.0114839135881051,0.1119681574840248,0.07950401714842,False,computed
2023-2025,60-74,ADV,windlevel,34,-0.2444398808069018,0.1635459210582968,0.4426934445380481,0.4460343301589913,False,computed
2023-2025,60-74,ADV,temp,34,-0.1713994644452663,0.3324269008366443,0.6402295867965,0.636562150538255,False,computed
2023-2025,60-74,ADV,humi,34,0.0065981888730048,0.9704571160003692,0.9767181296519848,0.9704571160003692,False,computed
2023-2025,60-74,ADV,PM2.5,35,0.2525328907746975,0.1433063591045087,0.4230830242258728,0.4160507199808318,False,computed
2023-2025,60-74,ADV,PM10,35,0.2075381663604976,0.2315793567892511,0.5281634453088183,0.5389716034827928,False,computed
2023-2025,60-74,ADV,NO2,35,0.2093807400700654,0.2273695292909033,0.5281634453088183,0.5389716034827928,False,computed
2023-2025,60-74,ADV,SO2,35,0.046551198757034,0.7905914379259751,0.8963100604393323,0.9107669156260888,False,computed
2023-2025,60-74,ADV,O3,35,-0.0430262052210787,0.8061346905018877,0.8967541590418192,0.9107669156260888,False,computed
2023-2025,60-74,ADV,CO,35,0.1991155996905391,0.2514930081311147,0.5541371365600832,0.5560180326837068,False,computed
2023-2025,60-74,ADV,AQI,35,0.14173338190473,0.4166964946060184,0.6993251851923117,0.7075978210290879,False,computed
2023-2025,60-74,PIV,windlevel,34,0.4515748230044099,0.0073441311809661,0.0842032519323972,0.0594803589208298,False,computed
2023-2025,60-74,PIV,temp,34,0.1308867473217601,0.4606173809525948,0.7089421063189942,0.7409725716904586,False,computed
2023-2025,60-74,PIV,humi,34,-0.0949783879021323,0.59312721046991,0.7962809366033216,0.86099111197245,False,computed
2023-2025,60-74,PIV,PM2.5,35,-0.2737858477406129,0.1114985937928572,0.3882540319572706,0.3583883371913267,False,computed
2023-2025,60-74,PIV,PM10,35,-0.2787897666288225,0.1048502445459486,0.3751522511277061,0.3495008151531621,False,computed
2023-2025,60-74,PIV,NO2,35,-0.3620231419325625,0.0325930455028647,0.2078542974264027,0.183335880953614,False,computed
2023-2025,60-74,PIV,SO2,35,-0.3376210075226738,0.0473086175250108,0.245690167395706,0.2344948236412007,False,computed
2023-2025,60-74,PIV,O3,35,-0.4637917963814872,0.0050124108376271,0.0672747952202676,0.0451116975386443,False,computed
2023-2025,60-74,PIV,CO,35,-0.0682010421413239,0.6970666568459059,0.847100247910129,0.8622595515381367,False,computed
2023-2025,60-74,PIV,AQI,35,-0.5231239774845443,0.0012622863431518,0.0247713539508305,0.0162293958405236,False,computed
2023-2025,60-74,HRV,windlevel,34,0.0579245021711437,0.7448822433834285,0.8776558154668795,0.8938586920601143,False,computed
2023-2025,60-74,HRV,temp,34,-0.1343420512095919,0.4487591490769573,0.7019173129727535,0.7409725716904586,False,computed
2023-2025,60-74,HRV,humi,34,-0.2480513641788028,0.1572171879660337,0.4351277879075171,0.4421733411544699,False,computed
2023-2025,60-74,HRV,PM2.5,35,0.1983749027154343,0.2532971037781331,0.5545525380298855,0.5560180326837068,False,computed
2023-2025,60-74,HRV,PM10,35,0.2336789108258082,0.17668008943291,0.4624512407975497,0.46768258967535,False,computed
2023-2025,60-74,HRV,NO2,35,0.0376882670319239,0.8298098564593253,0.90867262612979,0.9107669156260888,False,computed
2023-2025,60-74,HRV,SO2,35,-0.085756323338061,0.6242612928616722,0.8109473391588814,0.8622595515381367,False,computed
2023-2025,60-74,HRV,O3,35,0.2140655729867115,0.2169011387217289,0.5234086789625406,0.5389716034827928,False,computed
2023-2025,60-74,HRV,CO,35,0.2247285513725132,0.1943205764884506,0.4873635037330916,0.499681482398873,False,computed
2023-2025,60-74,HRV,AQI,35,0.1790417554168962,0.3034315627420829,0.6101158200690326,0.6068631254841658,False,computed
2023-2025,60-74,MP,windlevel,34,0.0982943282362456,0.5802267959324849,0.78983752325888,0.8560723218676007,False,computed
2023-2025,60-74,MP,temp,34,0.0295367193222216,0.8682977147758129,0.9290428223938738,0.9303189801169424,False,computed
2023-2025,60-74,MP,humi,34,0.0245332313496048,0.8904602353767156,0.9375793888162334,0.9321283458579994,False,computed
2023-2025,60-74,MP,PM2.5,35,-0.0484429445152525,0.7822821283790178,0.8944076258833885,0.9107669156260888,False,computed
2023-2025,60-74,MP,PM10,35,-0.0179636450786042,0.918421028061269,0.9500907186840714,0.9436198811917156,False,computed
2023-2025,60-74,MP,NO2,35,-0.0382122325604973,0.8274790400814169,0.90867262612979,0.9107669156260888,False,computed
2023-2025,60-74,MP,SO2,35,-0.0708387630239299,0.6859360137865367,0.8429844922017168,0.8622595515381367,False,computed
2023-2025,60-74,MP,O3,35,-0.1713908432089786,0.324895775280417,0.6303947878575256,0.6356656472877724,False,computed
2023-2025,60-74,MP,CO,35,-0.0721541192857175,0.6804094940165626,0.8429844922017168,0.8622595515381367,False,computed
2023-2025,60-74,MP,AQI,35,-0.1488626653644995,0.3933991030301844,0.6809695448617374,0.6942337112297373,False,computed
2023-2025,60-74,HMPV,windlevel,34,-0.1522900815923504,0.3898924495625294,0.6803492408473668,0.6942337112297373,False,computed
2023-2025,60-74,HMPV,temp,34,-0.3388454315429796,0.0499587418120357,0.2497937090601787,0.2344948236412007,False,computed
2023-2025,60-74,HMPV,humi,34,-0.3131878634486162,0.0713009998814637,0.3174199010163608,0.2790039125796407,False,computed
2023-2025,60-74,HMPV,PM2.5,35,0.4834056740995435,0.0032633220031107,0.0514886911174602,0.0326332200311078,False,computed
2023-2025,60-74,HMPV,PM10,35,0.4968505853892906,0.0023960270084143,0.041531134812516,0.0269553038446618,False,computed
2023-2025,60-74,HMPV,NO2,35,0.3353823538111199,0.0488896748874674,0.2492414798184614,0.2344948236412007,False,computed
2023-2025,60-74,HMPV,SO2,35,0.1878098688081304,0.2799659103491391,0.5854515015343927,0.5859751611958726,False,computed
2023-2025,60-74,HMPV,O3,35,0.2600368069903359,0.1313967048136298,0.4132638296557711,0.3941901144408894,False,computed
2023-2025,60-74,HMPV,CO,35,0.3737335933585418,0.0269962188397313,0.1949726916202821,0.1735471211125588,False,computed
2023-2025,60-74,HMPV,AQI,35,0.2899822912265908,0.0910699965882601,0.3644959297318332,0.3278519877177364,False,computed
2023-2025,60-74,HBOV,windlevel,34,-0.1173915128781968,0.5084886065467222,0.7372139648818649,0.7756605862577118,False,computed
2023-2025,60-74,HBOV,temp,34,0.1528819702599773,0.3880308031199029,0.6786188933487092,0.6942337112297373,False,computed
2023-2025,60-74,HBOV,humi,34,0.0821740590147378,0.6440717486699337,0.820875758108739,0.8622595515381367,False,computed
2023-2025,60-74,HBOV,PM2.5,35,-0.1178170154351222,0.5002765262692959,0.7293751224113099,0.7756605862577118,False,computed
2023-2025,60-74,HBOV,PM10,35,-0.0393490422644646,0.8224270437383269,0.90867262612979,0.9107669156260888,False,computed
2023-2025,60-74,HBOV,NO2,35,-0.0170294330911972,0.9226505504985664,0.9523010096693462,0.9436198811917156,False,computed
2023-2025,60-74,HBOV,SO2,35,0.1447704615108314,0.4066783971488891,0.6956341003862576,0.7038664566038465,False,computed
2023-2025,60-74,HBOV,O3,35,0.0676527393318865,0.6993883029142665,0.8483433168429195,0.8622595515381367,False,computed
2023-2025,60-74,HBOV,CO,35,0.0124268836070898,0.9435162870678968,0.959508088543624,0.9541175936641654,False,computed
2023-2025,60-74,HBOV,AQI,35,-0.0492438306701487,0.7787713828368766,0.8944076258833885,0.9107669156260888,False,computed
2023-2025,75-89,FluA,windlevel,34,-0.1611735107571524,0.3624977620416785,0.6637282966960311,0.7414434116380365,False,computed
2023-2025,75-89,FluA,temp,34,-0.2594007612861017,0.1384811124276832,0.4230830242258728,0.6027441514094962,False,computed
2023-2025,75-89,FluA,humi,34,-0.1011802849594081,0.5691022477700326,0.7774076239240375,0.8194637099605508,False,computed
2023-2025,75-89,FluA,PM2.5,35,0.2259167048705067,0.1919104715013215,0.4860070382176324,0.6312074887736843,False,computed
2023-2025,75-89,FluA,PM10,35,0.2472564439955545,0.1521411720672927,0.4331026066149208,0.6027441514094962,False,computed
2023-2025,75-89,FluA,NO2,35,0.2649158471851179,0.1240558611064694,0.4045277738367611,0.5895951359564129,False,computed
2023-2025,75-89,FluA,SO2,35,0.238628420706267,0.1674289309470822,0.4426934445380481,0.6027441514094962,False,computed
2023-2025,75-89,FluA,O3,35,0.049508194770111,0.7776134634173079,0.8944076258833885,0.9213699480045112,False,computed
2023-2025,75-89,FluA,CO,35,0.1000192484270343,0.5675464056779148,0.7774076239240375,0.8194637099605508,False,computed
2023-2025,75-89,FluA,AQI,35,0.1508008231503382,0.3871982260776413,0.6786188933487092,0.7414434116380365,False,computed
2023-2025,75-89,FluB,windlevel,34,-0.1086792321459499,0.540659041122243,0.7684719993584503,0.8194637099605508,False,computed
2023-2025,75-89,FluB,temp,34,-0.2697463739274712,0.1228784724003932,0.4044101623304081,0.5895951359564129,False,computed
2023-2025,75-89,FluB,humi,34,-0.0129428953217293,0.94208508049779,0.9593033456766008,0.94208508049779,False,computed
2023-2025,75-89,FluB,PM2.5,35,0.2646349104761934,0.1244700842574649,0.4045277738367611,0.5895951359564129,False,computed
2023-2025,75-89,FluB,PM10,35,0.161446333873246,0.3541655168037362,0.6624678731580677,0.7414434116380365,False,computed
2023-2025,75-89,FluB,NO2,35,0.2143883296825465,0.2161923183906167,0.5234086789625406,0.6312074887736843,False,computed
2023-2025,75-89,FluB,SO2,35,0.0201850327327807,0.9083730322534797,0.9459692458714472,0.929017873895604,False,computed
2023-2025,75-89,FluB,O3,35,-0.104711655224393,0.549416969091211,0.7707648127538571,0.8194637099605508,False,computed
2023-2025,75-89,FluB,CO,35,0.4622867357630754,0.0051749842477128,0.0672747952202676,0.2328742911470801,False,computed
2023-2025,75-89,FluB,AQI,35,0.0479769765755401,0.7843266873131254,0.8944076258833885,0.9213699480045112,False,computed
2023-2025,75-89,RSV,windlevel,34,0.0766623079777503,0.6665198934297101,0.8331498667871375,0.8821586824804986,False,computed
2023-2025,75-89,RSV,temp,34,0.4773970996796272,0.0043029516357954,0.0611142327685419,0.2328742911470801,False,computed
2023-2025,75-89,RSV,humi,34,0.2040104394118645,0.2471492711681916,0.5497194024674198,0.674043466822341,False,computed
2023-2025,75-89,RSV,PM2.5,35,-0.4187440238035118,0.0122935765070503,0.1174143645534414,0.2766054714086322,False,computed
2023-2025,75-89,RSV,PM10,35,-0.3812553607668337,0.0238377156322712,0.1805186232346751,0.3064849152720583,False,computed
2023-2025,75-89,RSV,NO2,35,-0.4422235003021514,0.0078159754895616,0.0858656462233537,0.2344792646868506,False,computed
2023-2025,75-89,RSV,SO2,35,-0.2138316273505158,0.2174159127998245,0.5234086789625406,0.6312074887736843,False,computed
2023-2025,75-89,RSV,O3,35,0.0286592868002403,0.8701827286709273,0.92978428542921,0.9213699480045112,False,computed
2023-2025,75-89,RSV,CO,35,-0.3410404473688604,0.0449730198170311,0.2437188453311555,0.4047571783532804,False,computed
2023-2025,75-89,RSV,AQI,35,-0.1253481937828694,0.4730807726511924,0.7102180929241748,0.8040204825556695,False,computed
2023-2025,75-89,ADV,windlevel,34,-0.0576525306431151,0.7460406331071816,0.8776903963681958,0.9213699480045112,False,computed
2023-2025,75-89,ADV,temp,34,-0.2497187517091306,0.1543556885660591,0.4351277879075171,0.6027441514094962,False,computed
2023-2025,75-89,ADV,humi,34,-0.041157047371289,0.8172323982700116,0.9067443394745504,0.9213699480045112,False,computed
2023-2025,75-89,ADV,PM2.5,35,0.0791773451351244,0.6511834603081033,0.8229581446868895,0.8747240511601387,False,computed
2023-2025,75-89,ADV,PM10,35,0.1022459325335159,0.5589094546249027,0.7732970652923236,0.8194637099605508,False,computed
2023-2025,75-89,ADV,NO2,35,0.151816819843264,0.3839705265818053,0.6775950469090681,0.7414434116380365,False,computed
2023-2025,75-89,ADV,SO2,35,0.0520268750075799,0.7666055446870007,0.8911361026167817,0.9213699480045112,False,computed
2023-2025,75-89,ADV,O3,35,0.0339331479150533,0.8465548650034054,0.9209383468656294,0.9213699480045112,False,computed
2023-2025,75-89,ADV,CO,35,0.2082271872163984,0.2299989788094504,0.5281634453088183,0.6468721279015794,False,computed
2023-2025,75-89,ADV,AQI,35,0.150913210464316,0.386840410915656,0.6786188933487092,0.7414434116380365,False,computed
2023-2025,75-89,PIV,windlevel,34,-0.1622671596628403,0.3592065317457622,0.663409762959358,0.7414434116380365,False,computed
2023-2025,75-89,PIV,temp,34,0.2880556555255072,0.0985261876458941,0.3717640014886279,0.5895951359564129,False,computed
2023-2025,75-89,PIV,humi,34,0.4031521292398475,0.0180712951615052,0.1515657013545604,0.296402126717446,False,computed
2023-2025,75-89,PIV,PM2.5,35,-0.3329358099128936,0.0506656257466778,0.2517145737733041,0.4145369379273645,False,computed
2023-2025,75-89,PIV,PM10,35,-0.3487140722087656,0.0400684627978215,0.2313409016371949,0.4006846279782151,False,computed
2023-2025,75-89,PIV,NO2,35,-0.2386448352959563,0.1673988394441889,0.4426934445380481,0.6027441514094962,False,computed
2023-2025,75-89,PIV,SO2,35,-0.3922952831816977,0.019760141781163,0.1588959854567752,0.296402126717446,False,computed
2023-2025,75-89,PIV,O3,35,-0.1606777169579617,0.3564919416863371,0.663409762959358,0.7414434116380365,False,computed
2023-2025,75-89,PIV,CO,35,-0.2230826152205451,0.1976941456778994,0.487979220344182,0.6312074887736843,False,computed
2023-2025,75-89,PIV,AQI,35,-0.1805091108527732,0.2994202124232548,0.6101158200690326,0.7414434116380365,False,computed
2023-2025,75-89,HRV,windlevel,34,0.0216992667570219,0.903050382896293,0.945471759194224,0.929017873895604,False,computed
2023-2025,75-89,HRV,temp,34,-0.0973410769311475,0.5839225042127286,0.7921035709320493,0.8194637099605508,False,computed
2023-2025,75-89,HRV,humi,34,-0.1549511020536634,0.3815634864000475,0.6763706137689561,0.7414434116380365,False,computed
2023-2025,75-89,HRV,PM2.5,35,0.0324975489951054,0.8529744753142854,0.9240556815904758,0.9213699480045112,False,computed
2023-2025,75-89,HRV,PM10,35,0.09441098285647,0.5895656320227092,0.794233493916603,0.8194637099605508,False,computed
2023-2025,75-89,HRV,NO2,35,-0.0380332003454489,0.828275287824228,0.90867262612979,0.9213699480045112,False,computed
2023-2025,75-89,HRV,SO2,35,-0.2788091075142307,0.1048251435805259,0.3751522511277061,0.5895951359564129,False,computed
2023-2025,75-89,HRV,O3,35,0.1620675180488662,0.3522920368874597,0.6624678731580677,0.7414434116380365,False,computed
2023-2025,75-89,HRV,CO,35,0.1252363945076661,0.4734787286161165,0.7102180929241748,0.8040204825556695,False,computed
2023-2025,75-89,HRV,AQI,35,0.072559182670106,0.6787108798238104,0.8429844922017168,0.8852750606397527,False,computed
2023-2025,75-89,MP,windlevel,34,-0.0364584013570801,0.8378038785249363,0.9139678674817489,0.9213699480045112,False,computed
2023-2025,75-89,MP,temp,34,0.0169454541518823,0.924220338871404,0.9523010096693462,0.9346048370609704,False,computed
2023-2025,75-89,MP,humi,34,-0.0684664814217467,0.7004270462138977,0.8483433168429195,0.8878652698486028,False,computed
2023-2025,75-89,MP,PM2.5,35,0.084133414126309,0.6308598944004316,0.8160376743488169,0.8602634923642248,False,computed
2023-2025,75-89,MP,PM10,35,0.0205589169857522,0.9066831742016402,0.945471759194224,0.929017873895604,False,computed
2023-2025,75-89,MP,NO2,35,-0.0691144302907589,0.6932051612244747,0.8461659244993589,0.8878652698486028,False,computed
2023-2025,75-89,MP,SO2,35,0.1404627296413643,0.4209286860358162,0.6993251851923117,0.7852845742700371,False,computed
2023-2025,75-89,MP,O3,35,0.1787044322607692,0.3043585042427323,0.6101158200690326,0.7414434116380365,False,computed
2023-2025,75-89,MP,CO,35,-0.0433349059488969,0.8047704783836018,0.8967541590418192,0.9213699480045112,False,computed
2023-2025,75-89,MP,AQI,35,0.0480762366436051,0.7838910377020103,0.8944076258833885,0.9213699480045112,False,computed
2023-2025,75-89,HMPV,windlevel,34,-0.1406497660174107,0.4275438237692424,0.6993251851923117,0.7852845742700371,False,computed
2023-2025,75-89,HMPV,temp,34,-0.1015124398212617,0.5678281371895844,0.7774076239240375,0.8194637099605508,False,computed
2023-2025,75-89,HMPV,humi,34,-0.0305760360907414,0.8637059212990718,0.9285058278684803,0.9213699480045112,False,computed
2023-2025,75-89,HMPV,PM2.5,35,0.1088589368795514,0.533624037636664,0.7637188061588952,0.8194637099605508,False,computed
2023-2025,75-89,HMPV,PM10,35,0.0938383417314827,0.5918349016381756,0.7959159022030637,0.8194637099605508,False,computed
2023-2025,75-89,HMPV,NO2,35,0.1066859991763986,0.5418712815989073,0.7684719993584503,0.8194637099605508,False,computed
2023-2025,75-89,HMPV,SO2,35,-0.1299635297507284,0.4568064439954183,0.7089421063189942,0.8040204825556695,False,computed
2023-2025,75-89,HMPV,O3,35,0.030202702071923,0.8632555623094134,0.9285058278684803,0.9213699480045112,False,computed
2023-2025,75-89,HMPV,CO,35,0.2339661919863942,0.1761334050452389,0.4624512407975497,0.609692555925827,False,computed
2023-2025,75-89,HMPV,AQI,35,0.1577970049426138,0.3652926088539771,0.6650507429310757,0.7414434116380365,False,computed
2023-2025,75-89,HBOV,windlevel,34,-0.29216341847334,0.0936056484566769,0.3668965115387336,0.5895951359564129,False,computed
2023-2025,75-89,HBOV,temp,34,0.2573285493476726,0.1417735178703042,0.4230830242258728,0.6027441514094962,False,computed
2023-2025,75-89,HBOV,humi,34,0.3562146294463414,0.0386629451392323,0.2284628576409183,0.4006846279782151,False,computed
2023-2025,75-89,HBOV,PM2.5,35,-0.1329643883106614,0.4463882303460587,0.7015319873024235,0.8034988146229057,False,computed
2023-2025,75-89,HBOV,PM10,35,-0.156633441727219,0.3688836875233893,0.6650507429310757,0.7414434116380365,False,computed
2023-2025,75-89,HBOV,NO2,35,-0.1538596220682463,0.3775285198171134,0.6723110626880102,0.7414434116380365,False,computed
2023-2025,75-89,HBOV,SO2,35,-0.1058368287085511,0.5451106494338289,0.7701366660868996,0.8194637099605508,False,computed
2023-2025,75-89,HBOV,O3,35,-0.2178945211583091,0.2085945870671335,0.5084493059761381,0.6312074887736843,False,computed
2023-2025,75-89,HBOV,CO,35,-0.2930990990530847,0.0874916360688018,0.3555290466121579,0.5895951359564129,False,computed
2023-2025,75-89,HBOV,AQI,35,-0.2930785731873743,0.0875148422429927,0.3555290466121579,0.5895951359564129,False,computed
2023-2025,>=90,FluA,windlevel,34,-0.0071861511283203,0.9678258637717037,0.9767181296519848,0.9787003116792508,False,computed
2023-2025,>=90,FluA,temp,34,-0.368616888559521,0.0319387134265742,0.2078542974264027,0.2211141698762834,False,computed
2023-2025,>=90,FluA,humi,34,-0.2247305443765622,0.2013208831743778,0.492474061778286,0.476812618044579,False,computed
2023-2025,>=90,FluA,PM2.5,35,0.2812879366642578,0.1016455673553042,0.3722232043997057,0.3487381290958204,False,computed
2023-2025,>=90,FluA,PM10,35,0.2436340488462381,0.1584311432894036,0.4351277879075171,0.3960778582235091,False,computed
2023-2025,>=90,FluA,NO2,35,0.2488605125273896,0.1494145417562033,0.43004923457505,0.3960778582235091,False,computed
2023-2025,>=90,FluA,SO2,35,0.1163347720126573,0.5057205505428577,0.7359366220586362,0.770611145169476,False,computed
2023-2025,>=90,FluA,O3,35,0.0669733182533947,0.702268856053824,0.8492553608092756,0.820833727855119,False,computed
2023-2025,>=90,FluA,CO,35,0.3494763656784156,0.0396058562768289,0.2313409016371949,0.2376351376609736,False,computed
2023-2025,>=90,FluA,AQI,35,0.189757735051285,0.2749172186353658,0.5797158329930752,0.56233067448143,False,computed
2023-2025,>=90,FluB,windlevel,34,-0.0825707466092321,0.6424676950616115,0.8201715256105678,0.7967100730850821,False,computed
2023-2025,>=90,FluB,temp,34,-0.4103741310458836,0.0159250894959279,0.1365007671079537,0.1433258054633514,False,computed
2023-2025,>=90,FluB,humi,34,-0.285898110631966,0.1011881507431421,0.3722232043997057,0.3487381290958204,False,computed
2023-2025,>=90,FluB,PM2.5,35,0.4800122933548144,0.0035211455211389,0.0538528138527139,0.0524054242605448,False,computed
2023-2025,>=90,FluB,PM10,35,0.4305383513263939,0.0098299290374172,0.0994678971284562,0.1105867016709442,False,computed
2023-2025,>=90,FluB,NO2,35,0.3390928332416102,0.0462916635535995,0.2439695781878897,0.2603906074889977,False,computed
2023-2025,>=90,FluB,SO2,35,0.2683662291281867,0.119051820578774,0.4044101623304081,0.3487381290958204,False,computed
2023-2025,>=90,FluB,O3,35,-0.0524653896859528,0.7646935289398754,0.8911361026167817,0.8711698430960607,False,computed
2023-2025,>=90,FluB,CO,35,0.5237701312914184,0.0012417372028194,0.0247713539508305,0.0234373801999335,False,computed
2023-2025,>=90,FluB,AQI,35,0.1557853895499565,0.3715141561269272,0.6650507429310757,0.6809027555465816,False,computed
2023-2025,>=90,RSV,windlevel,34,-0.1696862312666167,0.3373547563818756,0.6433660390656797,0.6459984696674214,False,computed
2023-2025,>=90,RSV,temp,34,0.6373580393916823,5.0403100692178e-05,0.0024571511587436,0.004536279062296,False,computed
2023-2025,>=90,RSV,humi,34,0.4150276895467396,0.0146585509348168,0.129928065104058,0.1433258054633514,False,computed
2023-2025,>=90,RSV,PM2.5,35,-0.4733850003698857,0.0040759774424868,0.0602546806168746,0.0524054242605448,False,computed
2023-2025,>=90,RSV,PM10,35,-0.5218986764103386,0.001302076677774,0.0247713539508305,0.0234373801999335,False,computed
2023-2025,>=90,RSV,NO2,35,-0.608120836981706,0.0001065451766627,0.0041552618898468,0.0047945329498233,False,computed
2023-2025,>=90,RSV,SO2,35,-0.0761011023510795,0.6639250609042351,0.8312384390133281,0.7967100730850821,False,computed
2023-2025,>=90,RSV,O3,35,-0.133186613725964,0.4456218875402672,0.7015319873024235,0.716178033546858,False,computed
2023-2025,>=90,RSV,CO,35,-0.5422762369418137,0.0007651763572379,0.0170073992435757,0.0229552907171393,False,computed
2023-2025,>=90,RSV,AQI,35,-0.3191054840176378,0.0616958749659794,0.291653227111903,0.3084793748298974,False,computed
2023-2025,>=90,ADV,windlevel,34,-0.2870652988405042,0.0997413934004562,0.3722232043997057,0.3487381290958204,False,computed
2023-2025,>=90,ADV,temp,34,0.1535790612786386,0.3858448948097296,0.6786188933487092,0.6809027555465816,False,computed
2023-2025,>=90,ADV,humi,34,0.1043079631209866,0.5571566765407431,0.7732970652923236,0.7967100730850821,False,computed
2023-2025,>=90,ADV,PM2.5,35,0.0071065181345701,0.9676815158298278,0.9767181296519848,0.9787003116792508,False,computed
2023-2025,>=90,ADV,PM10,35,0.045061785444206,0.7971496014883378,0.8967541590418192,0.89679330167438,False,computed
2023-2025,>=90,ADV,NO2,35,0.0018575155042067,0.991550478214863,0.991550478214863,0.9915504782148628,False,computed
2023-2025,>=90,ADV,SO2,35,0.2703467582819688,0.1162484964739433,0.4012116249985654,0.3487381290958204,False,computed
2023-2025,>=90,ADV,O3,35,0.2117419380550325,0.222051246556317,0.5281634453088183,0.5109572284705821,False,computed
2023-2025,>=90,ADV,CO,35,-0.1560313023533702,0.3707502497354891,0.6650507429310757,0.6809027555465816,False,computed
2023-2025,>=90,ADV,AQI,35,0.0883469413547694,0.6137875506206847,0.8046290579565278,0.7967100730850821,False,computed
2023-2025,>=90,PIV,windlevel,33,-0.0854408913046132,0.6363833879503613,0.8192733015208873,0.7967100730850821,False,computed
2023-2025,>=90,PIV,temp,33,0.1455880921763923,0.4188529804525046,0.6993251851923117,0.7112597781268947,False,computed
2023-2025,>=90,PIV,humi,33,0.2973502347733977,0.0928527646164998,0.3657836181862115,0.3487381290958204,False,computed
2023-2025,>=90,PIV,PM2.5,34,-0.1979901680838037,0.2616733427268276,0.5607285915574878,0.5476883917538252,False,computed
2023-2025,>=90,PIV,PM10,34,-0.3112324554929245,0.0731814074680407,0.3206825720509652,0.3466487722170353,False,computed
2023-2025,>=90,PIV,NO2,34,-0.2439675270377805,0.1643869944590512,0.4426934445380481,0.3998602567922867,False,computed
2023-2025,>=90,PIV,SO2,34,-0.038062544878794,0.8307680697844884,0.90867262612979,0.923075633093876,False,computed
2023-2025,>=90,PIV,O3,34,-0.3943258222281885,0.0210164862772882,0.1623055375869788,0.1719530695414496,False,computed
2023-2025,>=90,PIV,CO,34,-0.1389897893297378,0.433072340268392,0.6993251851923117,0.716178033546858,False,computed
2023-2025,>=90,PIV,AQI,34,-0.2899076091626356,0.0962840143810732,0.3698339176949651,0.3487381290958204,False,computed
2023-2025,>=90,HRV,windlevel,34,-0.0812548770757947,0.6477946325373553,0.8215931924864018,0.7967100730850821,False,computed
2023-2025,>=90,HRV,temp,34,-0.3291511122222871,0.0573249462814661,0.2760090006144665,0.3034850097254089,False,computed
2023-2025,>=90,HRV,humi,34,-0.2520278390656006,0.1504554177953632,0.4314530363249387,0.3960778582235091,False,computed
2023-2025,>=90,HRV,PM2.5,35,0.2992990320998913,0.0806961484743017,0.3388674525734157,0.3487381290958204,False,computed
2023-2025,>=90,HRV,PM10,35,0.260589316608059,0.1305496598400955,0.4132638296557711,0.3671709183002686,False,computed
2023-2025,>=90,HRV,NO2,35,0.1778527422245933,0.3067068611819803,0.6101158200690326,0.6134137223639606,False,computed
2023-2025,>=90,HRV,SO2,35,0.094970959007249,0.5873502591368533,0.7939916847950531,0.7967100730850821,False,computed
2023-2025,>=90,HRV,O3,35,0.1007013613157085,0.5648941332700554,0.7774076239240375,0.7967100730850821,False,computed
2023-2025,>=90,HRV,CO,35,0.3665056904044657,0.0303481780602262,0.207645428833127,0.2211141698762834,False,computed
2023-2025,>=90,HRV,AQI,35,0.1141656101824327,0.5137407634463174,0.7431840332204904,0.770611145169476,False,computed
2023-2025,>=90,MP,windlevel,34,0.1450860350739058,0.4129626350651305,0.6993251851923117,0.7112597781268947,False,computed
2023-2025,>=90,MP,temp,34,0.1174943960741139,0.5081145051425375,0.7372139648818649,0.770611145169476,False,computed
2023-2025,>=90,MP,humi,34,-0.1243923058240618,0.4833498210011243,0.7181197340588134,0.7631839278965121,False,computed
2023-2025,>=90,MP,PM2.5,35,-0.0151427376561555,0.9311985628604867,0.95319537930601,0.963308858131538,False,computed
2023-2025,>=90,MP,PM10,35,0.0185551855786695,0.9157440365472184,0.9500907186840714,0.963308858131538,False,computed
2023-2025,>=90,MP,NO2,35,-0.0895830315071943,0.6088162941773266,0.8008038945334145,0.7967100730850821,False,computed
2023-2025,>=90,MP,SO2,35,0.0796760716203262,0.6491267720796634,0.8219462373735997,0.7967100730850821,False,computed
2023-2025,>=90,MP,O3,35,0.0294323633316826,0.8667117812214393,0.9286197655943992,0.9398079555413198,False,computed
2023-2025,>=90,MP,CO,35,-0.1533576182230303,0.3791056776237373,0.6735818417916062,0.6809027555465816,False,computed
2023-2025,>=90,MP,AQI,35,-0.0929892058885046,0.5952068892992812,0.7969145485182288,0.7967100730850821,False,computed
2023-2025,>=90,HMPV,windlevel,33,-0.0932864373108919,0.605606421660607,0.8000351412840474,0.7967100730850821,False,computed
2023-2025,>=90,HMPV,temp,33,-0.2847579148051655,0.1082323804960118,0.3819966370447478,0.3487381290958204,False,computed
2023-2025,>=90,HMPV,humi,33,-0.1744328588073526,0.3316111607722415,0.6402295867965,0.6459984696674214,False,computed
2023-2025,>=90,HMPV,PM2.5,34,0.2489087491301181,0.1557410373156761,0.4351277879075171,0.3960778582235091,False,computed
2023-2025,>=90,HMPV,PM10,34,0.3617903845969018,0.0355105831384421,0.2147151538603478,0.2282823201756994,False,computed
2023-2025,>=90,HMPV,NO2,34,0.2779566904815028,0.1114576756365179,0.3882540319572706,0.3487381290958204,False,computed
2023-2025,>=90,HMPV,SO2,34,0.0604387285472432,0.7341998789455118,0.8703281239779623,0.8471537064755904,False,computed
2023-2025,>=90,HMPV,O3,34,0.1993926031522516,0.258240819018967,0.5564304940187688,0.5476883917538252,False,computed
2023-2025,>=90,HMPV,CO,34,0.2736877310713773,0.1172919798442049,0.403029710477885,0.3487381290958204,False,computed
2023-2025,>=90,HMPV,AQI,34,0.2716747932578728,0.1201209111330048,0.4044101623304081,0.3487381290958204,False,computed
2023-2025,>=90,HBOV,windlevel,33,-0.2026806243032159,0.257967883506072,0.5564304940187688,0.5476883917538252,False,computed
2023-2025,>=90,HBOV,temp,33,-0.0743720637939073,0.6808291148299779,0.8429844922017168,0.8062450044039211,False,computed
2023-2025,>=90,HBOV,humi,33,0.1380238301040082,0.44368146068517,0.7015319873024235,0.716178033546858,False,computed
2023-2025,>=90,HBOV,PM2.5,34,0.1077357938423585,0.544199905926132,0.7701366660868996,0.7967100730850821,False,computed
2023-2025,>=90,HBOV,PM10,34,0.016455322978804,0.926406175647416,0.95319537930601,0.963308858131538,False,computed
2023-2025,>=90,HBOV,NO2,34,0.0245296195642801,0.8904762649923578,0.9375793888162334,0.9540817124918118,False,computed
2023-2025,>=90,HBOV,SO2,34,0.212726046248767,0.2270921015424809,0.5281634453088183,0.5109572284705821,False,computed
2023-2025,>=90,HBOV,O3,34,0.0779299258052794,0.661331033752647,0.8306573370806194,0.7967100730850821,False,computed
2023-2025,>=90,HBOV,CO,34,0.0332236619414933,0.8520286024126624,0.9240556815904758,0.9351533441114588,False,computed
2023-2025,>=90,HBOV,AQI,34,0.0940747709920306,0.5966642260700585,0.7969145485182288,0.7967100730850821,False,computed
